game,game_name,week,split,policy_id,replicates,draws,cost_mean,raw_prize_mean,robust_prize_mean,raw_pnl_mean,robust_pnl_mean
lotto649,大樂透,2007-W01,train,current_ensemble,8,2,500.0,722.375,722.375,222.375,222.375
lotto649,大樂透,2007-W01,train,random_5,8,2,500.0,100.0,100.0,-400.0,-400.0
lotto649,大樂透,2007-W01,train,trained_best_5,8,2,500.0,100.0,100.0,-400.0,-400.0
lotto649,大樂透,2007-W01,train,trained_blend,8,2,500.0,722.375,722.375,222.375,222.375
lotto649,大樂透,2007-W01,train,trained_family_ensemble,8,2,500.0,722.375,722.375,222.375,222.375
lotto649,大樂透,2007-W02,train,current_ensemble,8,2,500.0,50.0,50.0,-450.0,-450.0
lotto649,大樂透,2007-W02,train,random_5,8,2,500.0,275.0,275.0,-225.0,-225.0
lotto649,大樂透,2007-W02,train,trained_best_5,8,2,500.0,50.0,50.0,-450.0,-450.0
lotto649,大樂透,2007-W02,train,trained_blend,8,2,500.0,100.0,100.0,-400.0,-400.0
lotto649,大樂透,2007-W02,train,trained_family_ensemble,8,2,500.0,50.0,50.0,-450.0,-450.0
lotto649,大樂透,2007-W03,train,current_ensemble,8,2,500.0,150.0,150.0,-350.0,-350.0
lotto649,大樂透,2007-W03,train,random_5,8,2,500.0,100.0,100.0,-400.0,-400.0
lotto649,大樂透,2007-W03,train,trained_best_5,8,2,500.0,150.0,150.0,-350.0,-350.0
lotto649,大樂透,2007-W03,train,trained_blend,8,2,500.0,50.0,50.0,-450.0,-450.0
lotto649,大樂透,2007-W03,train,trained_family_ensemble,8,2,500.0,100.0,100.0,-400.0,-400.0
lotto649,大樂透,2007-W04,train,current_ensemble,8,2,500.0,100.0,100.0,-400.0,-400.0
lotto649,大樂透,2007-W04,train,random_5,8,2,500.0,150.0,150.0,-350.0,-350.0
lotto649,大樂透,2007-W04,train,trained_best_5,8,2,500.0,150.0,150.0,-350.0,-350.0
lotto649,大樂透,2007-W04,train,trained_blend,8,2,500.0,225.0,225.0,-275.0,-275.0
lotto649,大樂透,2007-W04,train,trained_family_ensemble,8,2,500.0,275.0,275.0,-225.0,-225.0
lotto649,大樂透,2007-W05,train,current_ensemble,8,2,500.0,676.75,676.75,176.75,176.75
lotto649,大樂透,2007-W05,train,random_5,8,2,500.0,100.0,100.0,-400.0,-400.0
lotto649,大樂透,2007-W05,train,trained_best_5,8,2,500.0,576.75,576.75,76.75,76.75
lotto649,大樂透,2007-W05,train,trained_blend,8,2,500.0,50.0,50.0,-450.0,-450.0
lotto649,大樂透,2007-W05,train,trained_family_ensemble,8,2,500.0,200.0,200.0,-300.0,-300.0
lotto649,大樂透,2007-W06,train,current_ensemble,8,2,500.0,200.0,200.0,-300.0,-300.0
lotto649,大樂透,2007-W06,train,random_5,8,2,500.0,50.0,50.0,-450.0,-450.0
lotto649,大樂透,2007-W06,train,trained_best_5,8,2,500.0,50.0,50.0,-450.0,-450.0
lotto649,大樂透,2007-W06,train,trained_blend,8,2,500.0,50.0,50.0,-450.0,-450.0
lotto649,大樂透,2007-W06,train,trained_family_ensemble,8,2,500.0,0.0,0.0,-500.0,-500.0
lotto649,大樂透,2007-W07,train,current_ensemble,8,2,500.0,1106.0,1106.0,606.0,606.0
lotto649,大樂透,2007-W07,train,random_5,8,2,500.0,50.0,50.0,-450.0,-450.0
lotto649,大樂透,2007-W07,train,trained_best_5,8,2,500.0,710.0,710.0,210.0,210.0
lotto649,大樂透,2007-W07,train,trained_blend,8,2,500.0,0.0,0.0,-500.0,-500.0
lotto649,大樂透,2007-W07,train,trained_family_ensemble,8,2,500.0,560.0,560.0,60.0,60.0
lotto649,大樂透,2007-W08,train,current_ensemble,8,2,500.0,250.0,250.0,-250.0,-250.0
lotto649,大樂透,2007-W08,train,random_5,8,2,500.0,100.0,100.0,-400.0,-400.0
lotto649,大樂透,2007-W08,train,trained_best_5,8,2,500.0,100.0,100.0,-400.0,-400.0
lotto649,大樂透,2007-W08,train,trained_blend,8,2,500.0,200.0,200.0,-300.0,-300.0
lotto649,大樂透,2007-W08,train,trained_family_ensemble,8,2,500.0,100.0,100.0,-400.0,-400.0
lotto649,大樂透,2007-W09,train,current_ensemble,8,2,500.0,100.0,100.0,-400.0,-400.0
lotto649,大樂透,2007-W09,train,random_5,8,2,500.0,225.0,225.0,-275.0,-275.0
lotto649,大樂透,2007-W09,train,trained_best_5,8,2,500.0,50.0,50.0,-450.0,-450.0
lotto649,大樂透,2007-W09,train,trained_blend,8,2,500.0,50.0,50.0,-450.0,-450.0
lotto649,大樂透,2007-W09,train,trained_family_ensemble,8,2,500.0,250.0,250.0,-250.0,-250.0
lotto649,大樂透,2007-W10,train,current_ensemble,8,2,500.0,150.0,150.0,-350.0,-350.0
lotto649,大樂透,2007-W10,train,random_5,8,2,500.0,150.0,150.0,-350.0,-350.0
lotto649,大樂透,2007-W10,train,trained_best_5,8,2,500.0,0.0,0.0,-500.0,-500.0
lotto649,大樂透,2007-W10,train,trained_blend,8,2,500.0,100.0,100.0,-400.0,-400.0
lotto649,大樂透,2007-W10,train,trained_family_ensemble,8,2,500.0,100.0,100.0,-400.0,-400.0
lotto649,大樂透,2007-W11,train,current_ensemble,8,2,500.0,100.0,100.0,-400.0,-400.0
lotto649,大樂透,2007-W11,train,random_5,8,2,500.0,392.25,392.25,-107.75,-107.75
lotto649,大樂透,2007-W11,train,trained_best_5,8,2,500.0,250.0,250.0,-250.0,-250.0
lotto649,大樂透,2007-W11,train,trained_blend,8,2,500.0,100.0,100.0,-400.0,-400.0
lotto649,大樂透,2007-W11,train,trained_family_ensemble,8,2,500.0,150.0,150.0,-350.0,-350.0
lotto649,大樂透,2007-W12,train,current_ensemble,8,2,500.0,325.0,325.0,-175.0,-175.0
lotto649,大樂透,2007-W12,train,random_5,8,2,500.0,275.0,275.0,-225.0,-225.0
lotto649,大樂透,2007-W12,train,trained_best_5,8,2,500.0,250.0,250.0,-250.0,-250.0
lotto649,大樂透,2007-W12,train,trained_blend,8,2,500.0,175.0,175.0,-325.0,-325.0
lotto649,大樂透,2007-W12,train,trained_family_ensemble,8,2,500.0,225.0,225.0,-275.0,-275.0
lotto649,大樂透,2007-W13,train,current_ensemble,8,2,500.0,150.0,150.0,-350.0,-350.0
lotto649,大樂透,2007-W13,train,random_5,8,2,500.0,150.0,150.0,-350.0,-350.0
lotto649,大樂透,2007-W13,train,trained_best_5,8,2,500.0,150.0,150.0,-350.0,-350.0
lotto649,大樂透,2007-W13,train,trained_blend,8,2,500.0,50.0,50.0,-450.0,-450.0
lotto649,大樂透,2007-W13,train,trained_family_ensemble,8,2,500.0,0.0,0.0,-500.0,-500.0
lotto649,大樂透,2007-W14,train,current_ensemble,8,2,500.0,100.0,100.0,-400.0,-400.0
lotto649,大樂透,2007-W14,train,random_5,8,2,500.0,50.0,50.0,-450.0,-450.0
lotto649,大樂透,2007-W14,train,trained_best_5,8,2,500.0,200.0,200.0,-300.0,-300.0
lotto649,大樂透,2007-W14,train,trained_blend,8,2,500.0,150.0,150.0,-350.0,-350.0
lotto649,大樂透,2007-W14,train,trained_family_ensemble,8,2,500.0,100.0,100.0,-400.0,-400.0
lotto649,大樂透,2007-W15,train,current_ensemble,8,2,500.0,50.0,50.0,-450.0,-450.0
lotto649,大樂透,2007-W15,train,random_5,8,2,500.0,50.0,50.0,-450.0,-450.0
lotto649,大樂透,2007-W15,train,trained_best_5,8,2,500.0,150.0,150.0,-350.0,-350.0
lotto649,大樂透,2007-W15,train,trained_blend,8,2,500.0,50.0,50.0,-450.0,-450.0
lotto649,大樂透,2007-W15,train,trained_family_ensemble,8,2,500.0,100.0,100.0,-400.0,-400.0
lotto649,大樂透,2007-W16,train,current_ensemble,8,2,500.0,100.0,100.0,-400.0,-400.0
lotto649,大樂透,2007-W16,train,random_5,8,2,500.0,150.0,150.0,-350.0,-350.0
lotto649,大樂透,2007-W16,train,trained_best_5,8,2,500.0,250.0,250.0,-250.0,-250.0
lotto649,大樂透,2007-W16,train,trained_blend,8,2,500.0,150.0,150.0,-350.0,-350.0
lotto649,大樂透,2007-W16,train,trained_family_ensemble,8,2,500.0,200.0,200.0,-300.0,-300.0
lotto649,大樂透,2007-W17,train,current_ensemble,8,2,500.0,100.0,100.0,-400.0,-400.0
lotto649,大樂透,2007-W17,train,random_5,8,2,500.0,200.0,200.0,-300.0,-300.0
lotto649,大樂透,2007-W17,train,trained_best_5,8,2,500.0,150.0,150.0,-350.0,-350.0
lotto649,大樂透,2007-W17,train,trained_blend,8,2,500.0,50.0,50.0,-450.0,-450.0
lotto649,大樂透,2007-W17,train,trained_family_ensemble,8,2,500.0,50.0,50.0,-450.0,-450.0
lotto649,大樂透,2007-W18,train,current_ensemble,8,2,500.0,100.0,100.0,-400.0,-400.0
lotto649,大樂透,2007-W18,train,random_5,8,2,500.0,100.0,100.0,-400.0,-400.0
lotto649,大樂透,2007-W18,train,trained_best_5,8,2,500.0,100.0,100.0,-400.0,-400.0
lotto649,大樂透,2007-W18,train,trained_blend,8,2,500.0,100.0,100.0,-400.0,-400.0
lotto649,大樂透,2007-W18,train,trained_family_ensemble,8,2,500.0,50.0,50.0,-450.0,-450.0
lotto649,大樂透,2007-W19,train,current_ensemble,8,2,500.0,200.0,200.0,-300.0,-300.0
lotto649,大樂透,2007-W19,train,random_5,8,2,500.0,300.0,300.0,-200.0,-200.0
lotto649,大樂透,2007-W19,train,trained_best_5,8,2,500.0,250.0,250.0,-250.0,-250.0
lotto649,大樂透,2007-W19,train,trained_blend,8,2,500.0,300.0,300.0,-200.0,-200.0
lotto649,大樂透,2007-W19,train,trained_family_ensemble,8,2,500.0,250.0,250.0,-250.0,-250.0
lotto649,大樂透,2007-W20,train,current_ensemble,8,2,500.0,819.5,819.5,319.5,319.5
lotto649,大樂透,2007-W20,train,random_5,8,2,500.0,819.5,819.5,319.5,319.5
lotto649,大樂透,2007-W20,train,trained_best_5,8,2,500.0,200.0,200.0,-300.0,-300.0
lotto649,大樂透,2007-W20,train,trained_blend,8,2,500.0,50.0,50.0,-450.0,-450.0
lotto649,大樂透,2007-W20,train,trained_family_ensemble,8,2,500.0,250.0,250.0,-250.0,-250.0
lotto649,大樂透,2007-W21,train,current_ensemble,8,2,500.0,200.0,200.0,-300.0,-300.0
lotto649,大樂透,2007-W21,train,random_5,8,2,500.0,50.0,50.0,-450.0,-450.0
lotto649,大樂透,2007-W21,train,trained_best_5,8,2,500.0,876.25,876.25,376.25,376.25
lotto649,大樂透,2007-W21,train,trained_blend,8,2,500.0,100.0,100.0,-400.0,-400.0
lotto649,大樂透,2007-W21,train,trained_family_ensemble,8,2,500.0,50.0,50.0,-450.0,-450.0
lotto649,大樂透,2007-W22,train,current_ensemble,8,2,500.0,0.0,0.0,-500.0,-500.0
lotto649,大樂透,2007-W22,train,random_5,8,2,500.0,0.0,0.0,-500.0,-500.0
lotto649,大樂透,2007-W22,train,trained_best_5,8,2,500.0,50.0,50.0,-450.0,-450.0
lotto649,大樂透,2007-W22,train,trained_blend,8,2,500.0,50.0,50.0,-450.0,-450.0
lotto649,大樂透,2007-W22,train,trained_family_ensemble,8,2,500.0,100.0,100.0,-400.0,-400.0
lotto649,大樂透,2007-W23,train,current_ensemble,8,2,500.0,100.0,100.0,-400.0,-400.0
lotto649,大樂透,2007-W23,train,random_5,8,2,500.0,200.0,200.0,-300.0,-300.0
lotto649,大樂透,2007-W23,train,trained_best_5,8,2,500.0,50.0,50.0,-450.0,-450.0
lotto649,大樂透,2007-W23,train,trained_blend,8,2,500.0,150.0,150.0,-350.0,-350.0
lotto649,大樂透,2007-W23,train,trained_family_ensemble,8,2,500.0,100.0,100.0,-400.0,-400.0
lotto649,大樂透,2007-W24,train,current_ensemble,8,2,500.0,100.0,100.0,-400.0,-400.0
lotto649,大樂透,2007-W24,train,random_5,8,2,500.0,150.0,150.0,-350.0,-350.0
lotto649,大樂透,2007-W24,train,trained_best_5,8,2,500.0,50.0,50.0,-450.0,-450.0
lotto649,大樂透,2007-W24,train,trained_blend,8,2,500.0,791.75,791.75,291.75,291.75
lotto649,大樂透,2007-W24,train,trained_family_ensemble,8,2,500.0,150.0,150.0,-350.0,-350.0
lotto649,大樂透,2007-W25,train,current_ensemble,8,2,500.0,50.0,50.0,-450.0,-450.0
lotto649,大樂透,2007-W25,train,random_5,8,2,500.0,150.0,150.0,-350.0,-350.0
lotto649,大樂透,2007-W25,train,trained_best_5,8,2,500.0,250.0,250.0,-250.0,-250.0
lotto649,大樂透,2007-W25,train,trained_blend,8,2,500.0,50.0,50.0,-450.0,-450.0
lotto649,大樂透,2007-W25,train,trained_family_ensemble,8,2,500.0,150.0,150.0,-350.0,-350.0
lotto649,大樂透,2007-W26,train,current_ensemble,8,2,500.0,275.0,275.0,-225.0,-225.0
lotto649,大樂透,2007-W26,train,random_5,8,2,500.0,751.5,751.5,251.5,251.5
lotto649,大樂透,2007-W26,train,trained_best_5,8,2,500.0,100.0,100.0,-400.0,-400.0
lotto649,大樂透,2007-W26,train,trained_blend,8,2,500.0,701.5,701.5,201.5,201.5
lotto649,大樂透,2007-W26,train,trained_family_ensemble,8,2,500.0,275.0,275.0,-225.0,-225.0
lotto649,大樂透,2007-W27,train,current_ensemble,8,2,500.0,100.0,100.0,-400.0,-400.0
lotto649,大樂透,2007-W27,train,random_5,8,2,500.0,225.0,225.0,-275.0,-275.0
lotto649,大樂透,2007-W27,train,trained_best_5,8,2,500.0,50.0,50.0,-450.0,-450.0
lotto649,大樂透,2007-W27,train,trained_blend,8,2,500.0,100.0,100.0,-400.0,-400.0
lotto649,大樂透,2007-W27,train,trained_family_ensemble,8,2,500.0,200.0,200.0,-300.0,-300.0
lotto649,大樂透,2007-W28,train,current_ensemble,8,2,500.0,300.0,300.0,-200.0,-200.0
lotto649,大樂透,2007-W28,train,random_5,8,2,500.0,400.0,400.0,-100.0,-100.0
lotto649,大樂透,2007-W28,train,trained_best_5,8,2,500.0,100.0,100.0,-400.0,-400.0
lotto649,大樂透,2007-W28,train,trained_blend,8,2,500.0,150.0,150.0,-350.0,-350.0
lotto649,大樂透,2007-W28,train,trained_family_ensemble,8,2,500.0,100.0,100.0,-400.0,-400.0
lotto649,大樂透,2007-W29,train,current_ensemble,8,2,500.0,100.0,100.0,-400.0,-400.0
lotto649,大樂透,2007-W29,train,random_5,8,2,500.0,200.0,200.0,-300.0,-300.0
lotto649,大樂透,2007-W29,train,trained_best_5,8,2,500.0,150.0,150.0,-350.0,-350.0
lotto649,大樂透,2007-W29,train,trained_blend,8,2,500.0,200.0,200.0,-300.0,-300.0
lotto649,大樂透,2007-W29,train,trained_family_ensemble,8,2,500.0,100.0,100.0,-400.0,-400.0
lotto649,大樂透,2007-W30,train,current_ensemble,8,2,500.0,150.0,150.0,-350.0,-350.0
lotto649,大樂透,2007-W30,train,random_5,8,2,500.0,300.0,300.0,-200.0,-200.0
lotto649,大樂透,2007-W30,train,trained_best_5,8,2,500.0,100.0,100.0,-400.0,-400.0
lotto649,大樂透,2007-W30,train,trained_blend,8,2,500.0,525.0,525.0,25.0,25.0
lotto649,大樂透,2007-W30,train,trained_family_ensemble,8,2,500.0,225.0,225.0,-275.0,-275.0
lotto649,大樂透,2007-W31,train,current_ensemble,8,2,500.0,100.0,100.0,-400.0,-400.0
lotto649,大樂透,2007-W31,train,random_5,8,2,500.0,150.0,150.0,-350.0,-350.0
lotto649,大樂透,2007-W31,train,trained_best_5,8,2,500.0,0.0,0.0,-500.0,-500.0
lotto649,大樂透,2007-W31,train,trained_blend,8,2,500.0,0.0,0.0,-500.0,-500.0
lotto649,大樂透,2007-W31,train,trained_family_ensemble,8,2,500.0,100.0,100.0,-400.0,-400.0
lotto649,大樂透,2007-W32,train,current_ensemble,8,2,500.0,50.0,50.0,-450.0,-450.0
lotto649,大樂透,2007-W32,train,random_5,8,2,500.0,100.0,100.0,-400.0,-400.0
lotto649,大樂透,2007-W32,train,trained_best_5,8,2,500.0,100.0,100.0,-400.0,-400.0
lotto649,大樂透,2007-W32,train,trained_blend,8,2,500.0,50.0,50.0,-450.0,-450.0
lotto649,大樂透,2007-W32,train,trained_family_ensemble,8,2,500.0,275.0,275.0,-225.0,-225.0
lotto649,大樂透,2007-W33,train,current_ensemble,8,2,500.0,150.0,150.0,-350.0,-350.0
lotto649,大樂透,2007-W33,train,random_5,8,2,500.0,200.0,200.0,-300.0,-300.0
lotto649,大樂透,2007-W33,train,trained_best_5,8,2,500.0,150.0,150.0,-350.0,-350.0
lotto649,大樂透,2007-W33,train,trained_blend,8,2,500.0,50.0,50.0,-450.0,-450.0
lotto649,大樂透,2007-W33,train,trained_family_ensemble,8,2,500.0,1818.0,1818.0,1318.0,1318.0
lotto649,大樂透,2007-W34,train,current_ensemble,8,2,500.0,100.0,100.0,-400.0,-400.0
lotto649,大樂透,2007-W34,train,random_5,8,2,500.0,100.0,100.0,-400.0,-400.0
lotto649,大樂透,2007-W34,train,trained_best_5,8,2,500.0,150.0,150.0,-350.0,-350.0
lotto649,大樂透,2007-W34,train,trained_blend,8,2,500.0,50.0,50.0,-450.0,-450.0
lotto649,大樂透,2007-W34,train,trained_family_ensemble,8,2,500.0,150.0,150.0,-350.0,-350.0
lotto649,大樂透,2007-W35,train,current_ensemble,8,2,500.0,150.0,150.0,-350.0,-350.0
lotto649,大樂透,2007-W35,train,random_5,8,2,500.0,100.0,100.0,-400.0,-400.0
lotto649,大樂透,2007-W35,train,trained_best_5,8,2,500.0,150.0,150.0,-350.0,-350.0
lotto649,大樂透,2007-W35,train,trained_blend,8,2,500.0,50.0,50.0,-450.0,-450.0
lotto649,大樂透,2007-W35,train,trained_family_ensemble,8,2,500.0,0.0,0.0,-500.0,-500.0
lotto649,大樂透,2007-W36,train,current_ensemble,8,2,500.0,150.0,150.0,-350.0,-350.0
lotto649,大樂透,2007-W36,train,random_5,8,2,500.0,450.0,450.0,-50.0,-50.0
lotto649,大樂透,2007-W36,train,trained_best_5,8,2,500.0,100.0,100.0,-400.0,-400.0
lotto649,大樂透,2007-W36,train,trained_blend,8,2,500.0,150.0,150.0,-350.0,-350.0
lotto649,大樂透,2007-W36,train,trained_family_ensemble,8,2,500.0,50.0,50.0,-450.0,-450.0
lotto649,大樂透,2007-W37,train,current_ensemble,8,2,500.0,150.0,150.0,-350.0,-350.0
lotto649,大樂透,2007-W37,train,random_5,8,2,500.0,100.0,100.0,-400.0,-400.0
lotto649,大樂透,2007-W37,train,trained_best_5,8,2,500.0,50.0,50.0,-450.0,-450.0
lotto649,大樂透,2007-W37,train,trained_blend,8,2,500.0,100.0,100.0,-400.0,-400.0
lotto649,大樂透,2007-W37,train,trained_family_ensemble,8,2,500.0,100.0,100.0,-400.0,-400.0
lotto649,大樂透,2007-W38,train,current_ensemble,8,2,500.0,50.0,50.0,-450.0,-450.0
lotto649,大樂透,2007-W38,train,random_5,8,2,500.0,100.0,100.0,-400.0,-400.0
lotto649,大樂透,2007-W38,train,trained_best_5,8,2,500.0,100.0,100.0,-400.0,-400.0
lotto649,大樂透,2007-W38,train,trained_blend,8,2,500.0,150.0,150.0,-350.0,-350.0
lotto649,大樂透,2007-W38,train,trained_family_ensemble,8,2,500.0,100.0,100.0,-400.0,-400.0
lotto649,大樂透,2007-W39,train,current_ensemble,8,2,500.0,150.0,150.0,-350.0,-350.0
lotto649,大樂透,2007-W39,train,random_5,8,2,500.0,100.0,100.0,-400.0,-400.0
lotto649,大樂透,2007-W39,train,trained_best_5,8,2,500.0,50.0,50.0,-450.0,-450.0
lotto649,大樂透,2007-W39,train,trained_blend,8,2,500.0,1553.0,1553.0,1053.0,1053.0
lotto649,大樂透,2007-W39,train,trained_family_ensemble,8,2,500.0,1153.0,1153.0,653.0,653.0
lotto649,大樂透,2007-W40,train,current_ensemble,8,2,500.0,275.0,275.0,-225.0,-225.0
lotto649,大樂透,2007-W40,train,random_5,8,2,500.0,0.0,0.0,-500.0,-500.0
lotto649,大樂透,2007-W40,train,trained_best_5,8,2,500.0,100.0,100.0,-400.0,-400.0
lotto649,大樂透,2007-W40,train,trained_blend,8,2,500.0,0.0,0.0,-500.0,-500.0
lotto649,大樂透,2007-W40,train,trained_family_ensemble,8,2,500.0,225.0,225.0,-275.0,-275.0
lotto649,大樂透,2007-W41,train,current_ensemble,8,2,500.0,300.0,300.0,-200.0,-200.0
lotto649,大樂透,2007-W41,train,random_5,8,2,500.0,200.0,200.0,-300.0,-300.0
lotto649,大樂透,2007-W41,train,trained_best_5,8,2,500.0,11824.25,11824.25,11324.25,11324.25
lotto649,大樂透,2007-W41,train,trained_blend,8,2,500.0,517.875,517.875,17.875,17.875
lotto649,大樂透,2007-W41,train,trained_family_ensemble,8,2,500.0,250.0,250.0,-250.0,-250.0
lotto649,大樂透,2007-W42,train,current_ensemble,8,2,500.0,100.0,100.0,-400.0,-400.0
lotto649,大樂透,2007-W42,train,random_5,8,2,500.0,200.0,200.0,-300.0,-300.0
lotto649,大樂透,2007-W42,train,trained_best_5,8,2,500.0,200.0,200.0,-300.0,-300.0
lotto649,大樂透,2007-W42,train,trained_blend,8,2,500.0,100.0,100.0,-400.0,-400.0
lotto649,大樂透,2007-W42,train,trained_family_ensemble,8,2,500.0,0.0,0.0,-500.0,-500.0
lotto649,大樂透,2007-W43,train,current_ensemble,8,2,500.0,200.0,200.0,-300.0,-300.0
lotto649,大樂透,2007-W43,train,random_5,8,2,500.0,150.0,150.0,-350.0,-350.0
lotto649,大樂透,2007-W43,train,trained_best_5,8,2,500.0,50.0,50.0,-450.0,-450.0
lotto649,大樂透,2007-W43,train,trained_blend,8,2,500.0,150.0,150.0,-350.0,-350.0
lotto649,大樂透,2007-W43,train,trained_family_ensemble,8,2,500.0,200.0,200.0,-300.0,-300.0
lotto649,大樂透,2007-W44,train,current_ensemble,8,2,500.0,50.0,50.0,-450.0,-450.0
lotto649,大樂透,2007-W44,train,random_5,8,2,500.0,0.0,0.0,-500.0,-500.0
lotto649,大樂透,2007-W44,train,trained_best_5,8,2,500.0,150.0,150.0,-350.0,-350.0
lotto649,大樂透,2007-W44,train,trained_blend,8,2,500.0,50.0,50.0,-450.0,-450.0
lotto649,大樂透,2007-W44,train,trained_family_ensemble,8,2,500.0,0.0,0.0,-500.0,-500.0
lotto649,大樂透,2007-W45,train,current_ensemble,8,2,500.0,0.0,0.0,-500.0,-500.0
lotto649,大樂透,2007-W45,train,random_5,8,2,500.0,200.0,200.0,-300.0,-300.0
lotto649,大樂透,2007-W45,train,trained_best_5,8,2,500.0,50.0,50.0,-450.0,-450.0
lotto649,大樂透,2007-W45,train,trained_blend,8,2,500.0,150.0,150.0,-350.0,-350.0
lotto649,大樂透,2007-W45,train,trained_family_ensemble,8,2,500.0,150.0,150.0,-350.0,-350.0
lotto649,大樂透,2007-W46,train,current_ensemble,8,2,500.0,200.0,200.0,-300.0,-300.0
lotto649,大樂透,2007-W46,train,random_5,8,2,500.0,150.0,150.0,-350.0,-350.0
lotto649,大樂透,2007-W46,train,trained_best_5,8,2,500.0,200.0,200.0,-300.0,-300.0
lotto649,大樂透,2007-W46,train,trained_blend,8,2,500.0,150.0,150.0,-350.0,-350.0
lotto649,大樂透,2007-W46,train,trained_family_ensemble,8,2,500.0,200.0,200.0,-300.0,-300.0
lotto649,大樂透,2007-W47,train,current_ensemble,8,2,500.0,100.0,100.0,-400.0,-400.0
lotto649,大樂透,2007-W47,train,random_5,8,2,500.0,0.0,0.0,-500.0,-500.0
lotto649,大樂透,2007-W47,train,trained_best_5,8,2,500.0,200.0,200.0,-300.0,-300.0
lotto649,大樂透,2007-W47,train,trained_blend,8,2,500.0,150.0,150.0,-350.0,-350.0
lotto649,大樂透,2007-W47,train,trained_family_ensemble,8,2,500.0,150.0,150.0,-350.0,-350.0
lotto649,大樂透,2007-W48,train,current_ensemble,8,2,500.0,0.0,0.0,-500.0,-500.0
lotto649,大樂透,2007-W48,train,random_5,8,2,500.0,50.0,50.0,-450.0,-450.0
lotto649,大樂透,2007-W48,train,trained_best_5,8,2,500.0,225.0,225.0,-275.0,-275.0
lotto649,大樂透,2007-W48,train,trained_blend,8,2,500.0,200.0,200.0,-300.0,-300.0
lotto649,大樂透,2007-W48,train,trained_family_ensemble,8,2,500.0,225.0,225.0,-275.0,-275.0
lotto649,大樂透,2007-W49,train,current_ensemble,8,2,500.0,100.0,100.0,-400.0,-400.0
lotto649,大樂透,2007-W49,train,random_5,8,2,500.0,150.0,150.0,-350.0,-350.0
lotto649,大樂透,2007-W49,train,trained_best_5,8,2,500.0,150.0,150.0,-350.0,-350.0
lotto649,大樂透,2007-W49,train,trained_blend,8,2,500.0,200.0,200.0,-300.0,-300.0
lotto649,大樂透,2007-W49,train,trained_family_ensemble,8,2,500.0,100.0,100.0,-400.0,-400.0
lotto649,大樂透,2007-W50,train,current_ensemble,8,2,500.0,0.0,0.0,-500.0,-500.0
lotto649,大樂透,2007-W50,train,random_5,8,2,500.0,0.0,0.0,-500.0,-500.0
lotto649,大樂透,2007-W50,train,trained_best_5,8,2,500.0,150.0,150.0,-350.0,-350.0
lotto649,大樂透,2007-W50,train,trained_blend,8,2,500.0,50.0,50.0,-450.0,-450.0
lotto649,大樂透,2007-W50,train,trained_family_ensemble,8,2,500.0,200.0,200.0,-300.0,-300.0
lotto649,大樂透,2007-W51,train,current_ensemble,8,2,500.0,250.0,250.0,-250.0,-250.0
lotto649,大樂透,2007-W51,train,random_5,8,2,500.0,250.0,250.0,-250.0,-250.0
lotto649,大樂透,2007-W51,train,trained_best_5,8,2,500.0,150.0,150.0,-350.0,-350.0
lotto649,大樂透,2007-W51,train,trained_blend,8,2,500.0,150.0,150.0,-350.0,-350.0
lotto649,大樂透,2007-W51,train,trained_family_ensemble,8,2,500.0,350.0,350.0,-150.0,-150.0
lotto649,大樂透,2007-W52,train,current_ensemble,8,2,500.0,100.0,100.0,-400.0,-400.0
lotto649,大樂透,2007-W52,train,random_5,8,2,500.0,150.0,150.0,-350.0,-350.0
lotto649,大樂透,2007-W52,train,trained_best_5,8,2,500.0,325.0,325.0,-175.0,-175.0
lotto649,大樂透,2007-W52,train,trained_blend,8,2,500.0,125.0,125.0,-375.0,-375.0
lotto649,大樂透,2007-W52,train,trained_family_ensemble,8,2,500.0,100.0,100.0,-400.0,-400.0
lotto649,大樂透,2008-W01,train,current_ensemble,8,2,500.0,150.0,150.0,-350.0,-350.0
lotto649,大樂透,2008-W01,train,random_5,8,2,500.0,683.625,683.625,183.625,183.625
lotto649,大樂透,2008-W01,train,trained_best_5,8,2,500.0,125.0,125.0,-375.0,-375.0
lotto649,大樂透,2008-W01,train,trained_blend,8,2,500.0,633.625,633.625,133.625,133.625
lotto649,大樂透,2008-W01,train,trained_family_ensemble,8,2,500.0,150.0,150.0,-350.0,-350.0
lotto649,大樂透,2008-W02,train,current_ensemble,8,2,500.0,0.0,0.0,-500.0,-500.0
lotto649,大樂透,2008-W02,train,random_5,8,2,500.0,50.0,50.0,-450.0,-450.0
lotto649,大樂透,2008-W02,train,trained_best_5,8,2,500.0,100.0,100.0,-400.0,-400.0
lotto649,大樂透,2008-W02,train,trained_blend,8,2,500.0,50.0,50.0,-450.0,-450.0
lotto649,大樂透,2008-W02,train,trained_family_ensemble,8,2,500.0,0.0,0.0,-500.0,-500.0
lotto649,大樂透,2008-W03,train,current_ensemble,8,2,500.0,200.0,200.0,-300.0,-300.0
lotto649,大樂透,2008-W03,train,random_5,8,2,500.0,200.0,200.0,-300.0,-300.0
lotto649,大樂透,2008-W03,train,trained_best_5,8,2,500.0,100.0,100.0,-400.0,-400.0
lotto649,大樂透,2008-W03,train,trained_blend,8,2,500.0,150.0,150.0,-350.0,-350.0
lotto649,大樂透,2008-W03,train,trained_family_ensemble,8,2,500.0,50.0,50.0,-450.0,-450.0
lotto649,大樂透,2008-W04,train,current_ensemble,8,2,500.0,50.0,50.0,-450.0,-450.0
lotto649,大樂透,2008-W04,train,random_5,8,2,500.0,200.0,200.0,-300.0,-300.0
lotto649,大樂透,2008-W04,train,trained_best_5,8,2,500.0,570.375,570.375,70.375,70.375
lotto649,大樂透,2008-W04,train,trained_blend,8,2,500.0,200.0,200.0,-300.0,-300.0
lotto649,大樂透,2008-W04,train,trained_family_ensemble,8,2,500.0,50.0,50.0,-450.0,-450.0
lotto649,大樂透,2008-W05,train,current_ensemble,8,2,500.0,663.0,663.0,163.0,163.0
lotto649,大樂透,2008-W05,train,random_5,8,2,500.0,150.0,150.0,-350.0,-350.0
lotto649,大樂透,2008-W05,train,trained_best_5,8,2,500.0,100.0,100.0,-400.0,-400.0
lotto649,大樂透,2008-W05,train,trained_blend,8,2,500.0,50.0,50.0,-450.0,-450.0
lotto649,大樂透,2008-W05,train,trained_family_ensemble,8,2,500.0,0.0,0.0,-500.0,-500.0
lotto649,大樂透,2008-W06,train,current_ensemble,8,2,500.0,759.125,759.125,259.125,259.125
lotto649,大樂透,2008-W06,train,random_5,8,2,500.0,200.0,200.0,-300.0,-300.0
lotto649,大樂透,2008-W06,train,trained_best_5,8,2,500.0,175.0,175.0,-325.0,-325.0
lotto649,大樂透,2008-W06,train,trained_blend,8,2,500.0,475.0,475.0,-25.0,-25.0
lotto649,大樂透,2008-W06,train,trained_family_ensemble,8,2,500.0,200.0,200.0,-300.0,-300.0
lotto649,大樂透,2008-W07,train,current_ensemble,8,2,500.0,250.0,250.0,-250.0,-250.0
lotto649,大樂透,2008-W07,train,random_5,8,2,500.0,100.0,100.0,-400.0,-400.0
lotto649,大樂透,2008-W07,train,trained_best_5,8,2,500.0,50.0,50.0,-450.0,-450.0
lotto649,大樂透,2008-W07,train,trained_blend,8,2,500.0,150.0,150.0,-350.0,-350.0
lotto649,大樂透,2008-W07,train,trained_family_ensemble,8,2,500.0,150.0,150.0,-350.0,-350.0
lotto649,大樂透,2008-W08,train,current_ensemble,8,2,500.0,200.0,200.0,-300.0,-300.0
lotto649,大樂透,2008-W08,train,random_5,8,2,500.0,50.0,50.0,-450.0,-450.0
lotto649,大樂透,2008-W08,train,trained_best_5,8,2,500.0,0.0,0.0,-500.0,-500.0
lotto649,大樂透,2008-W08,train,trained_blend,8,2,500.0,50.0,50.0,-450.0,-450.0
lotto649,大樂透,2008-W08,train,trained_family_ensemble,8,2,500.0,633.25,633.25,133.25,133.25
lotto649,大樂透,2008-W09,train,current_ensemble,8,2,500.0,350.0,350.0,-150.0,-150.0
lotto649,大樂透,2008-W09,train,random_5,8,2,500.0,400.0,400.0,-100.0,-100.0
lotto649,大樂透,2008-W09,train,trained_best_5,8,2,500.0,0.0,0.0,-500.0,-500.0
lotto649,大樂透,2008-W09,train,trained_blend,8,2,500.0,150.0,150.0,-350.0,-350.0
lotto649,大樂透,2008-W09,train,trained_family_ensemble,8,2,500.0,200.0,200.0,-300.0,-300.0
lotto649,大樂透,2008-W10,train,current_ensemble,8,2,500.0,200.0,200.0,-300.0,-300.0
lotto649,大樂透,2008-W10,train,random_5,8,2,500.0,200.0,200.0,-300.0,-300.0
lotto649,大樂透,2008-W10,train,trained_best_5,8,2,500.0,50.0,50.0,-450.0,-450.0
lotto649,大樂透,2008-W10,train,trained_blend,8,2,500.0,50.0,50.0,-450.0,-450.0
lotto649,大樂透,2008-W10,train,trained_family_ensemble,8,2,500.0,300.0,300.0,-200.0,-200.0
lotto649,大樂透,2008-W11,train,current_ensemble,8,2,500.0,200.0,200.0,-300.0,-300.0
lotto649,大樂透,2008-W11,train,random_5,8,2,500.0,0.0,0.0,-500.0,-500.0
lotto649,大樂透,2008-W11,train,trained_best_5,8,2,500.0,150.0,150.0,-350.0,-350.0
lotto649,大樂透,2008-W11,train,trained_blend,8,2,500.0,150.0,150.0,-350.0,-350.0
lotto649,大樂透,2008-W11,train,trained_family_ensemble,8,2,500.0,50.0,50.0,-450.0,-450.0
lotto649,大樂透,2008-W12,train,current_ensemble,8,2,500.0,100.0,100.0,-400.0,-400.0
lotto649,大樂透,2008-W12,train,random_5,8,2,500.0,150.0,150.0,-350.0,-350.0
lotto649,大樂透,2008-W12,train,trained_best_5,8,2,500.0,350.0,350.0,-150.0,-150.0
lotto649,大樂透,2008-W12,train,trained_blend,8,2,500.0,200.0,200.0,-300.0,-300.0
lotto649,大樂透,2008-W12,train,trained_family_ensemble,8,2,500.0,150.0,150.0,-350.0,-350.0
lotto649,大樂透,2008-W13,train,current_ensemble,8,2,500.0,0.0,0.0,-500.0,-500.0
lotto649,大樂透,2008-W13,train,random_5,8,2,500.0,100.0,100.0,-400.0,-400.0
lotto649,大樂透,2008-W13,train,trained_best_5,8,2,500.0,408.75,408.75,-91.25,-91.25
lotto649,大樂透,2008-W13,train,trained_blend,8,2,500.0,50.0,50.0,-450.0,-450.0
lotto649,大樂透,2008-W13,train,trained_family_ensemble,8,2,500.0,50.0,50.0,-450.0,-450.0
lotto649,大樂透,2008-W14,train,current_ensemble,8,2,500.0,100.0,100.0,-400.0,-400.0
lotto649,大樂透,2008-W14,train,random_5,8,2,500.0,100.0,100.0,-400.0,-400.0
lotto649,大樂透,2008-W14,train,trained_best_5,8,2,500.0,400.0,400.0,-100.0,-100.0
lotto649,大樂透,2008-W14,train,trained_blend,8,2,500.0,50.0,50.0,-450.0,-450.0
lotto649,大樂透,2008-W14,train,trained_family_ensemble,8,2,500.0,150.0,150.0,-350.0,-350.0
lotto649,大樂透,2008-W15,train,current_ensemble,8,2,500.0,100.0,100.0,-400.0,-400.0
lotto649,大樂透,2008-W15,train,random_5,8,2,500.0,0.0,0.0,-500.0,-500.0
lotto649,大樂透,2008-W15,train,trained_best_5,8,2,500.0,681.875,681.875,181.875,181.875
lotto649,大樂透,2008-W15,train,trained_blend,8,2,500.0,631.875,631.875,131.875,131.875
lotto649,大樂透,2008-W15,train,trained_family_ensemble,8,2,500.0,100.0,100.0,-400.0,-400.0
lotto649,大樂透,2008-W16,train,current_ensemble,8,2,500.0,50.0,50.0,-450.0,-450.0
lotto649,大樂透,2008-W16,train,random_5,8,2,500.0,100.0,100.0,-400.0,-400.0
lotto649,大樂透,2008-W16,train,trained_best_5,8,2,500.0,50.0,50.0,-450.0,-450.0
lotto649,大樂透,2008-W16,train,trained_blend,8,2,500.0,150.0,150.0,-350.0,-350.0
lotto649,大樂透,2008-W16,train,trained_family_ensemble,8,2,500.0,50.0,50.0,-450.0,-450.0
lotto649,大樂透,2008-W17,train,current_ensemble,8,2,500.0,400.0,400.0,-100.0,-100.0
lotto649,大樂透,2008-W17,train,random_5,8,2,500.0,930.25,930.25,430.25,430.25
lotto649,大樂透,2008-W17,train,trained_best_5,8,2,500.0,100.0,100.0,-400.0,-400.0
lotto649,大樂透,2008-W17,train,trained_blend,8,2,500.0,830.25,830.25,330.25,330.25
lotto649,大樂透,2008-W17,train,trained_family_ensemble,8,2,500.0,200.0,200.0,-300.0,-300.0
lotto649,大樂透,2008-W18,train,current_ensemble,8,2,500.0,150.0,150.0,-350.0,-350.0
lotto649,大樂透,2008-W18,train,random_5,8,2,500.0,100.0,100.0,-400.0,-400.0
lotto649,大樂透,2008-W18,train,trained_best_5,8,2,500.0,50.0,50.0,-450.0,-450.0
lotto649,大樂透,2008-W18,train,trained_blend,8,2,500.0,50.0,50.0,-450.0,-450.0
lotto649,大樂透,2008-W18,train,trained_family_ensemble,8,2,500.0,50.0,50.0,-450.0,-450.0
lotto649,大樂透,2008-W19,train,current_ensemble,8,2,500.0,150.0,150.0,-350.0,-350.0
lotto649,大樂透,2008-W19,train,random_5,8,2,500.0,150.0,150.0,-350.0,-350.0
lotto649,大樂透,2008-W19,train,trained_best_5,8,2,500.0,854.625,854.625,354.625,354.625
lotto649,大樂透,2008-W19,train,trained_blend,8,2,500.0,150.0,150.0,-350.0,-350.0
lotto649,大樂透,2008-W19,train,trained_family_ensemble,8,2,500.0,50.0,50.0,-450.0,-450.0
lotto649,大樂透,2008-W20,train,current_ensemble,8,2,500.0,0.0,0.0,-500.0,-500.0
lotto649,大樂透,2008-W20,train,random_5,8,2,500.0,50.0,50.0,-450.0,-450.0
lotto649,大樂透,2008-W20,train,trained_best_5,8,2,500.0,50.0,50.0,-450.0,-450.0
lotto649,大樂透,2008-W20,train,trained_blend,8,2,500.0,725.0,725.0,225.0,225.0
lotto649,大樂透,2008-W20,train,trained_family_ensemble,8,2,500.0,100.0,100.0,-400.0,-400.0
lotto649,大樂透,2008-W21,train,current_ensemble,8,2,500.0,50.0,50.0,-450.0,-450.0
lotto649,大樂透,2008-W21,train,random_5,8,2,500.0,100.0,100.0,-400.0,-400.0
lotto649,大樂透,2008-W21,train,trained_best_5,8,2,500.0,275.0,275.0,-225.0,-225.0
lotto649,大樂透,2008-W21,train,trained_blend,8,2,500.0,50.0,50.0,-450.0,-450.0
lotto649,大樂透,2008-W21,train,trained_family_ensemble,8,2,500.0,200.0,200.0,-300.0,-300.0
lotto649,大樂透,2008-W22,train,current_ensemble,8,2,500.0,150.0,150.0,-350.0,-350.0
lotto649,大樂透,2008-W22,train,random_5,8,2,500.0,50.0,50.0,-450.0,-450.0
lotto649,大樂透,2008-W22,train,trained_best_5,8,2,500.0,300.0,300.0,-200.0,-200.0
lotto649,大樂透,2008-W22,train,trained_blend,8,2,500.0,0.0,0.0,-500.0,-500.0
lotto649,大樂透,2008-W22,train,trained_family_ensemble,8,2,500.0,150.0,150.0,-350.0,-350.0
lotto649,大樂透,2008-W23,train,current_ensemble,8,2,500.0,100.0,100.0,-400.0,-400.0
lotto649,大樂透,2008-W23,train,random_5,8,2,500.0,1234.5,1234.5,734.5,734.5
lotto649,大樂透,2008-W23,train,trained_best_5,8,2,500.0,0.0,0.0,-500.0,-500.0
lotto649,大樂透,2008-W23,train,trained_blend,8,2,500.0,549.75,549.75,49.75,49.75
lotto649,大樂透,2008-W23,train,trained_family_ensemble,8,2,500.0,0.0,0.0,-500.0,-500.0
lotto649,大樂透,2008-W24,train,current_ensemble,8,2,500.0,175.0,175.0,-325.0,-325.0
lotto649,大樂透,2008-W24,train,random_5,8,2,500.0,0.0,0.0,-500.0,-500.0
lotto649,大樂透,2008-W24,train,trained_best_5,8,2,500.0,50.0,50.0,-450.0,-450.0
lotto649,大樂透,2008-W24,train,trained_blend,8,2,500.0,50.0,50.0,-450.0,-450.0
lotto649,大樂透,2008-W24,train,trained_family_ensemble,8,2,500.0,150.0,150.0,-350.0,-350.0
lotto649,大樂透,2008-W25,train,current_ensemble,8,2,500.0,50.0,50.0,-450.0,-450.0
lotto649,大樂透,2008-W25,train,random_5,8,2,500.0,100.0,100.0,-400.0,-400.0
lotto649,大樂透,2008-W25,train,trained_best_5,8,2,500.0,250.0,250.0,-250.0,-250.0
lotto649,大樂透,2008-W25,train,trained_blend,8,2,500.0,50.0,50.0,-450.0,-450.0
lotto649,大樂透,2008-W25,train,trained_family_ensemble,8,2,500.0,50.0,50.0,-450.0,-450.0
lotto649,大樂透,2008-W26,train,current_ensemble,8,2,500.0,551.125,551.125,51.125,51.125
lotto649,大樂透,2008-W26,train,random_5,8,2,500.0,150.0,150.0,-350.0,-350.0
lotto649,大樂透,2008-W26,train,trained_best_5,8,2,500.0,100.0,100.0,-400.0,-400.0
lotto649,大樂透,2008-W26,train,trained_blend,8,2,500.0,100.0,100.0,-400.0,-400.0
lotto649,大樂透,2008-W26,train,trained_family_ensemble,8,2,500.0,501.125,501.125,1.125,1.125
lotto649,大樂透,2008-W27,train,current_ensemble,8,2,500.0,200.0,200.0,-300.0,-300.0
lotto649,大樂透,2008-W27,train,random_5,8,2,500.0,250.0,250.0,-250.0,-250.0
lotto649,大樂透,2008-W27,train,trained_best_5,8,2,500.0,150.0,150.0,-350.0,-350.0
lotto649,大樂透,2008-W27,train,trained_blend,8,2,500.0,100.0,100.0,-400.0,-400.0
lotto649,大樂透,2008-W27,train,trained_family_ensemble,8,2,500.0,150.0,150.0,-350.0,-350.0
lotto649,大樂透,2008-W28,train,current_ensemble,8,2,500.0,100.0,100.0,-400.0,-400.0
lotto649,大樂透,2008-W28,train,random_5,8,2,500.0,0.0,0.0,-500.0,-500.0
lotto649,大樂透,2008-W28,train,trained_best_5,8,2,500.0,50.0,50.0,-450.0,-450.0
lotto649,大樂透,2008-W28,train,trained_blend,8,2,500.0,0.0,0.0,-500.0,-500.0
lotto649,大樂透,2008-W28,train,trained_family_ensemble,8,2,500.0,150.0,150.0,-350.0,-350.0
lotto649,大樂透,2008-W29,train,current_ensemble,8,2,500.0,461.125,461.125,-38.875,-38.875
lotto649,大樂透,2008-W29,train,random_5,8,2,500.0,150.0,150.0,-350.0,-350.0
lotto649,大樂透,2008-W29,train,trained_best_5,8,2,500.0,150.0,150.0,-350.0,-350.0
lotto649,大樂透,2008-W29,train,trained_blend,8,2,500.0,100.0,100.0,-400.0,-400.0
lotto649,大樂透,2008-W29,train,trained_family_ensemble,8,2,500.0,50.0,50.0,-450.0,-450.0
lotto649,大樂透,2008-W30,train,current_ensemble,8,2,500.0,150.0,150.0,-350.0,-350.0
lotto649,大樂透,2008-W30,train,random_5,8,2,500.0,150.0,150.0,-350.0,-350.0
lotto649,大樂透,2008-W30,train,trained_best_5,8,2,500.0,200.0,200.0,-300.0,-300.0
lotto649,大樂透,2008-W30,train,trained_blend,8,2,500.0,300.0,300.0,-200.0,-200.0
lotto649,大樂透,2008-W30,train,trained_family_ensemble,8,2,500.0,400.0,400.0,-100.0,-100.0
lotto649,大樂透,2008-W31,train,current_ensemble,8,2,500.0,250.0,250.0,-250.0,-250.0
lotto649,大樂透,2008-W31,train,random_5,8,2,500.0,150.0,150.0,-350.0,-350.0
lotto649,大樂透,2008-W31,train,trained_best_5,8,2,500.0,150.0,150.0,-350.0,-350.0
lotto649,大樂透,2008-W31,train,trained_blend,8,2,500.0,150.0,150.0,-350.0,-350.0
lotto649,大樂透,2008-W31,train,trained_family_ensemble,8,2,500.0,150.0,150.0,-350.0,-350.0
lotto649,大樂透,2008-W32,train,current_ensemble,8,2,500.0,100.0,100.0,-400.0,-400.0
lotto649,大樂透,2008-W32,train,random_5,8,2,500.0,805.75,805.75,305.75,305.75
lotto649,大樂透,2008-W32,train,trained_best_5,8,2,500.0,200.0,200.0,-300.0,-300.0
lotto649,大樂透,2008-W32,train,trained_blend,8,2,500.0,150.0,150.0,-350.0,-350.0
lotto649,大樂透,2008-W32,train,trained_family_ensemble,8,2,500.0,250.0,250.0,-250.0,-250.0
lotto649,大樂透,2008-W33,train,current_ensemble,8,2,500.0,0.0,0.0,-500.0,-500.0
lotto649,大樂透,2008-W33,train,random_5,8,2,500.0,100.0,100.0,-400.0,-400.0
lotto649,大樂透,2008-W33,train,trained_best_5,8,2,500.0,50.0,50.0,-450.0,-450.0
lotto649,大樂透,2008-W33,train,trained_blend,8,2,500.0,0.0,0.0,-500.0,-500.0
lotto649,大樂透,2008-W33,train,trained_family_ensemble,8,2,500.0,0.0,0.0,-500.0,-500.0
lotto649,大樂透,2008-W34,train,current_ensemble,8,2,500.0,50.0,50.0,-450.0,-450.0
lotto649,大樂透,2008-W34,train,random_5,8,2,500.0,0.0,0.0,-500.0,-500.0
lotto649,大樂透,2008-W34,train,trained_best_5,8,2,500.0,250.0,250.0,-250.0,-250.0
lotto649,大樂透,2008-W34,train,trained_blend,8,2,500.0,100.0,100.0,-400.0,-400.0
lotto649,大樂透,2008-W34,train,trained_family_ensemble,8,2,500.0,100.0,100.0,-400.0,-400.0
lotto649,大樂透,2008-W35,train,current_ensemble,8,2,500.0,0.0,0.0,-500.0,-500.0
lotto649,大樂透,2008-W35,train,random_5,8,2,500.0,100.0,100.0,-400.0,-400.0
lotto649,大樂透,2008-W35,train,trained_best_5,8,2,500.0,50.0,50.0,-450.0,-450.0
lotto649,大樂透,2008-W35,train,trained_blend,8,2,500.0,0.0,0.0,-500.0,-500.0
lotto649,大樂透,2008-W35,train,trained_family_ensemble,8,2,500.0,0.0,0.0,-500.0,-500.0
lotto649,大樂透,2008-W36,train,current_ensemble,8,2,500.0,200.0,200.0,-300.0,-300.0
lotto649,大樂透,2008-W36,train,random_5,8,2,500.0,200.0,200.0,-300.0,-300.0
lotto649,大樂透,2008-W36,train,trained_best_5,8,2,500.0,150.0,150.0,-350.0,-350.0
lotto649,大樂透,2008-W36,train,trained_blend,8,2,500.0,200.0,200.0,-300.0,-300.0
lotto649,大樂透,2008-W36,train,trained_family_ensemble,8,2,500.0,150.0,150.0,-350.0,-350.0
lotto649,大樂透,2008-W37,train,current_ensemble,8,2,500.0,175.0,175.0,-325.0,-325.0
lotto649,大樂透,2008-W37,train,random_5,8,2,500.0,225.0,225.0,-275.0,-275.0
lotto649,大樂透,2008-W37,train,trained_best_5,8,2,500.0,50.0,50.0,-450.0,-450.0
lotto649,大樂透,2008-W37,train,trained_blend,8,2,500.0,125.0,125.0,-375.0,-375.0
lotto649,大樂透,2008-W37,train,trained_family_ensemble,8,2,500.0,597.25,597.25,97.25,97.25
lotto649,大樂透,2008-W38,train,current_ensemble,8,2,500.0,100.0,100.0,-400.0,-400.0
lotto649,大樂透,2008-W38,train,random_5,8,2,500.0,150.0,150.0,-350.0,-350.0
lotto649,大樂透,2008-W38,train,trained_best_5,8,2,500.0,0.0,0.0,-500.0,-500.0
lotto649,大樂透,2008-W38,train,trained_blend,8,2,500.0,0.0,0.0,-500.0,-500.0
lotto649,大樂透,2008-W38,train,trained_family_ensemble,8,2,500.0,50.0,50.0,-450.0,-450.0
lotto649,大樂透,2008-W39,train,current_ensemble,8,2,500.0,325.0,325.0,-175.0,-175.0
lotto649,大樂透,2008-W39,train,random_5,8,2,500.0,150.0,150.0,-350.0,-350.0
lotto649,大樂透,2008-W39,train,trained_best_5,8,2,500.0,0.0,0.0,-500.0,-500.0
lotto649,大樂透,2008-W39,train,trained_blend,8,2,500.0,350.0,350.0,-150.0,-150.0
lotto649,大樂透,2008-W39,train,trained_family_ensemble,8,2,500.0,300.0,300.0,-200.0,-200.0
lotto649,大樂透,2008-W40,train,current_ensemble,8,2,500.0,150.0,150.0,-350.0,-350.0
lotto649,大樂透,2008-W40,train,random_5,8,2,500.0,150.0,150.0,-350.0,-350.0
lotto649,大樂透,2008-W40,train,trained_best_5,8,2,500.0,300.0,300.0,-200.0,-200.0
lotto649,大樂透,2008-W40,train,trained_blend,8,2,500.0,150.0,150.0,-350.0,-350.0
lotto649,大樂透,2008-W40,train,trained_family_ensemble,8,2,500.0,100.0,100.0,-400.0,-400.0
lotto649,大樂透,2008-W41,train,current_ensemble,8,2,500.0,200.0,200.0,-300.0,-300.0
lotto649,大樂透,2008-W41,train,random_5,8,2,500.0,954.75,954.75,454.75,454.75
lotto649,大樂透,2008-W41,train,trained_best_5,8,2,500.0,275.0,275.0,-225.0,-225.0
lotto649,大樂透,2008-W41,train,trained_blend,8,2,500.0,100.0,100.0,-400.0,-400.0
lotto649,大樂透,2008-W41,train,trained_family_ensemble,8,2,500.0,200.0,200.0,-300.0,-300.0
lotto649,大樂透,2008-W42,train,current_ensemble,8,2,500.0,50.0,50.0,-450.0,-450.0
lotto649,大樂透,2008-W42,train,random_5,8,2,500.0,50.0,50.0,-450.0,-450.0
lotto649,大樂透,2008-W42,train,trained_best_5,8,2,500.0,250.0,250.0,-250.0,-250.0
lotto649,大樂透,2008-W42,train,trained_blend,8,2,500.0,0.0,0.0,-500.0,-500.0
lotto649,大樂透,2008-W42,train,trained_family_ensemble,8,2,500.0,150.0,150.0,-350.0,-350.0
lotto649,大樂透,2008-W43,train,current_ensemble,8,2,500.0,566.0,566.0,66.0,66.0
lotto649,大樂透,2008-W43,train,random_5,8,2,500.0,516.0,516.0,16.0,16.0
lotto649,大樂透,2008-W43,train,trained_best_5,8,2,500.0,100.0,100.0,-400.0,-400.0
lotto649,大樂透,2008-W43,train,trained_blend,8,2,500.0,466.0,466.0,-34.0,-34.0
lotto649,大樂透,2008-W43,train,trained_family_ensemble,8,2,500.0,416.0,416.0,-84.0,-84.0
lotto649,大樂透,2008-W44,train,current_ensemble,8,2,500.0,150.0,150.0,-350.0,-350.0
lotto649,大樂透,2008-W44,train,random_5,8,2,500.0,50.0,50.0,-450.0,-450.0
lotto649,大樂透,2008-W44,train,trained_best_5,8,2,500.0,250.0,250.0,-250.0,-250.0
lotto649,大樂透,2008-W44,train,trained_blend,8,2,500.0,50.0,50.0,-450.0,-450.0
lotto649,大樂透,2008-W44,train,trained_family_ensemble,8,2,500.0,100.0,100.0,-400.0,-400.0
lotto649,大樂透,2008-W45,train,current_ensemble,8,2,500.0,150.0,150.0,-350.0,-350.0
lotto649,大樂透,2008-W45,train,random_5,8,2,500.0,50.0,50.0,-450.0,-450.0
lotto649,大樂透,2008-W45,train,trained_best_5,8,2,500.0,200.0,200.0,-300.0,-300.0
lotto649,大樂透,2008-W45,train,trained_blend,8,2,500.0,300.0,300.0,-200.0,-200.0
lotto649,大樂透,2008-W45,train,trained_family_ensemble,8,2,500.0,350.0,350.0,-150.0,-150.0
lotto649,大樂透,2008-W46,train,current_ensemble,8,2,500.0,150.0,150.0,-350.0,-350.0
lotto649,大樂透,2008-W46,train,random_5,8,2,500.0,0.0,0.0,-500.0,-500.0
lotto649,大樂透,2008-W46,train,trained_best_5,8,2,500.0,100.0,100.0,-400.0,-400.0
lotto649,大樂透,2008-W46,train,trained_blend,8,2,500.0,0.0,0.0,-500.0,-500.0
lotto649,大樂透,2008-W46,train,trained_family_ensemble,8,2,500.0,50.0,50.0,-450.0,-450.0
lotto649,大樂透,2008-W47,train,current_ensemble,8,2,500.0,50.0,50.0,-450.0,-450.0
lotto649,大樂透,2008-W47,train,random_5,8,2,500.0,150.0,150.0,-350.0,-350.0
lotto649,大樂透,2008-W47,train,trained_best_5,8,2,500.0,50.0,50.0,-450.0,-450.0
lotto649,大樂透,2008-W47,train,trained_blend,8,2,500.0,350.0,350.0,-150.0,-150.0
lotto649,大樂透,2008-W47,train,trained_family_ensemble,8,2,500.0,250.0,250.0,-250.0,-250.0
lotto649,大樂透,2008-W48,train,current_ensemble,8,2,500.0,150.0,150.0,-350.0,-350.0
lotto649,大樂透,2008-W48,train,random_5,8,2,500.0,250.0,250.0,-250.0,-250.0
lotto649,大樂透,2008-W48,train,trained_best_5,8,2,500.0,325.0,325.0,-175.0,-175.0
lotto649,大樂透,2008-W48,train,trained_blend,8,2,500.0,200.0,200.0,-300.0,-300.0
lotto649,大樂透,2008-W48,train,trained_family_ensemble,8,2,500.0,150.0,150.0,-350.0,-350.0
lotto649,大樂透,2008-W49,train,current_ensemble,8,2,500.0,150.0,150.0,-350.0,-350.0
lotto649,大樂透,2008-W49,train,random_5,8,2,500.0,250.0,250.0,-250.0,-250.0
lotto649,大樂透,2008-W49,train,trained_best_5,8,2,500.0,50.0,50.0,-450.0,-450.0
lotto649,大樂透,2008-W49,train,trained_blend,8,2,500.0,689.875,689.875,189.875,189.875
lotto649,大樂透,2008-W49,train,trained_family_ensemble,8,2,500.0,739.875,739.875,239.875,239.875
lotto649,大樂透,2008-W50,train,current_ensemble,8,2,500.0,50.0,50.0,-450.0,-450.0
lotto649,大樂透,2008-W50,train,random_5,8,2,500.0,0.0,0.0,-500.0,-500.0
lotto649,大樂透,2008-W50,train,trained_best_5,8,2,500.0,150.0,150.0,-350.0,-350.0
lotto649,大樂透,2008-W50,train,trained_blend,8,2,500.0,0.0,0.0,-500.0,-500.0
lotto649,大樂透,2008-W50,train,trained_family_ensemble,8,2,500.0,0.0,0.0,-500.0,-500.0
lotto649,大樂透,2008-W51,train,current_ensemble,8,2,500.0,727.5,727.5,227.5,227.5
lotto649,大樂透,2008-W51,train,random_5,8,2,500.0,200.0,200.0,-300.0,-300.0
lotto649,大樂透,2008-W51,train,trained_best_5,8,2,500.0,200.0,200.0,-300.0,-300.0
lotto649,大樂透,2008-W51,train,trained_blend,8,2,500.0,100.0,100.0,-400.0,-400.0
lotto649,大樂透,2008-W51,train,trained_family_ensemble,8,2,500.0,677.5,677.5,177.5,177.5
lotto649,大樂透,2008-W52,train,current_ensemble,8,2,500.0,490.25,490.25,-9.75,-9.75
lotto649,大樂透,2008-W52,train,random_5,8,2,500.0,0.0,0.0,-500.0,-500.0
lotto649,大樂透,2008-W52,train,trained_best_5,8,2,500.0,250.0,250.0,-250.0,-250.0
lotto649,大樂透,2008-W52,train,trained_blend,8,2,500.0,200.0,200.0,-300.0,-300.0
lotto649,大樂透,2008-W52,train,trained_family_ensemble,8,2,500.0,50.0,50.0,-450.0,-450.0
lotto649,大樂透,2009-W01,train,current_ensemble,8,2,500.0,100.0,100.0,-400.0,-400.0
lotto649,大樂透,2009-W01,train,random_5,8,2,500.0,50.0,50.0,-450.0,-450.0
lotto649,大樂透,2009-W01,train,trained_best_5,8,2,500.0,50.0,50.0,-450.0,-450.0
lotto649,大樂透,2009-W01,train,trained_blend,8,2,500.0,50.0,50.0,-450.0,-450.0
lotto649,大樂透,2009-W01,train,trained_family_ensemble,8,2,500.0,0.0,0.0,-500.0,-500.0
lotto649,大樂透,2009-W02,train,current_ensemble,8,2,500.0,100.0,100.0,-400.0,-400.0
lotto649,大樂透,2009-W02,train,random_5,8,2,500.0,150.0,150.0,-350.0,-350.0
lotto649,大樂透,2009-W02,train,trained_best_5,8,2,500.0,100.0,100.0,-400.0,-400.0
lotto649,大樂透,2009-W02,train,trained_blend,8,2,500.0,250.0,250.0,-250.0,-250.0
lotto649,大樂透,2009-W02,train,trained_family_ensemble,8,2,500.0,50.0,50.0,-450.0,-450.0
lotto649,大樂透,2009-W03,train,current_ensemble,8,2,500.0,643.0,643.0,143.0,143.0
lotto649,大樂透,2009-W03,train,random_5,8,2,500.0,100.0,100.0,-400.0,-400.0
lotto649,大樂透,2009-W03,train,trained_best_5,8,2,500.0,0.0,0.0,-500.0,-500.0
lotto649,大樂透,2009-W03,train,trained_blend,8,2,500.0,50.0,50.0,-450.0,-450.0
lotto649,大樂透,2009-W03,train,trained_family_ensemble,8,2,500.0,743.0,743.0,243.0,243.0
lotto649,大樂透,2009-W04,train,current_ensemble,8,2,500.0,0.0,0.0,-500.0,-500.0
lotto649,大樂透,2009-W04,train,random_5,8,2,500.0,0.0,0.0,-500.0,-500.0
lotto649,大樂透,2009-W04,train,trained_best_5,8,2,500.0,50.0,50.0,-450.0,-450.0
lotto649,大樂透,2009-W04,train,trained_blend,8,2,500.0,50.0,50.0,-450.0,-450.0
lotto649,大樂透,2009-W04,train,trained_family_ensemble,8,2,500.0,50.0,50.0,-450.0,-450.0
lotto649,大樂透,2009-W05,train,current_ensemble,8,2,500.0,679.375,679.375,179.375,179.375
lotto649,大樂透,2009-W05,train,random_5,8,2,500.0,100.0,100.0,-400.0,-400.0
lotto649,大樂透,2009-W05,train,trained_best_5,8,2,500.0,100.0,100.0,-400.0,-400.0
lotto649,大樂透,2009-W05,train,trained_blend,8,2,500.0,100.0,100.0,-400.0,-400.0
lotto649,大樂透,2009-W05,train,trained_family_ensemble,8,2,500.0,100.0,100.0,-400.0,-400.0
lotto649,大樂透,2009-W06,train,current_ensemble,8,2,500.0,100.0,100.0,-400.0,-400.0
lotto649,大樂透,2009-W06,train,random_5,8,2,500.0,200.0,200.0,-300.0,-300.0
lotto649,大樂透,2009-W06,train,trained_best_5,8,2,500.0,0.0,0.0,-500.0,-500.0
lotto649,大樂透,2009-W06,train,trained_blend,8,2,500.0,100.0,100.0,-400.0,-400.0
lotto649,大樂透,2009-W06,train,trained_family_ensemble,8,2,500.0,150.0,150.0,-350.0,-350.0
lotto649,大樂透,2009-W07,train,current_ensemble,8,2,500.0,100.0,100.0,-400.0,-400.0
lotto649,大樂透,2009-W07,train,random_5,8,2,500.0,100.0,100.0,-400.0,-400.0
lotto649,大樂透,2009-W07,train,trained_best_5,8,2,500.0,0.0,0.0,-500.0,-500.0
lotto649,大樂透,2009-W07,train,trained_blend,8,2,500.0,100.0,100.0,-400.0,-400.0
lotto649,大樂透,2009-W07,train,trained_family_ensemble,8,2,500.0,150.0,150.0,-350.0,-350.0
lotto649,大樂透,2009-W08,train,current_ensemble,8,2,500.0,275.0,275.0,-225.0,-225.0
lotto649,大樂透,2009-W08,train,random_5,8,2,500.0,200.0,200.0,-300.0,-300.0
lotto649,大樂透,2009-W08,train,trained_best_5,8,2,500.0,100.0,100.0,-400.0,-400.0
lotto649,大樂透,2009-W08,train,trained_blend,8,2,500.0,150.0,150.0,-350.0,-350.0
lotto649,大樂透,2009-W08,train,trained_family_ensemble,8,2,500.0,250.0,250.0,-250.0,-250.0
lotto649,大樂透,2009-W09,train,current_ensemble,8,2,500.0,100.0,100.0,-400.0,-400.0
lotto649,大樂透,2009-W09,train,random_5,8,2,500.0,0.0,0.0,-500.0,-500.0
lotto649,大樂透,2009-W09,train,trained_best_5,8,2,500.0,250.0,250.0,-250.0,-250.0
lotto649,大樂透,2009-W09,train,trained_blend,8,2,500.0,100.0,100.0,-400.0,-400.0
lotto649,大樂透,2009-W09,train,trained_family_ensemble,8,2,500.0,150.0,150.0,-350.0,-350.0
lotto649,大樂透,2009-W10,train,current_ensemble,8,2,500.0,100.0,100.0,-400.0,-400.0
lotto649,大樂透,2009-W10,train,random_5,8,2,500.0,50.0,50.0,-450.0,-450.0
lotto649,大樂透,2009-W10,train,trained_best_5,8,2,500.0,200.0,200.0,-300.0,-300.0
lotto649,大樂透,2009-W10,train,trained_blend,8,2,500.0,50.0,50.0,-450.0,-450.0
lotto649,大樂透,2009-W10,train,trained_family_ensemble,8,2,500.0,250.0,250.0,-250.0,-250.0
lotto649,大樂透,2009-W11,train,current_ensemble,8,2,500.0,250.0,250.0,-250.0,-250.0
lotto649,大樂透,2009-W11,train,random_5,8,2,500.0,200.0,200.0,-300.0,-300.0
lotto649,大樂透,2009-W11,train,trained_best_5,8,2,500.0,893.25,893.25,393.25,393.25
lotto649,大樂透,2009-W11,train,trained_blend,8,2,500.0,100.0,100.0,-400.0,-400.0
lotto649,大樂透,2009-W11,train,trained_family_ensemble,8,2,500.0,843.25,843.25,343.25,343.25
lotto649,大樂透,2009-W12,train,current_ensemble,8,2,500.0,100.0,100.0,-400.0,-400.0
lotto649,大樂透,2009-W12,train,random_5,8,2,500.0,50.0,50.0,-450.0,-450.0
lotto649,大樂透,2009-W12,train,trained_best_5,8,2,500.0,150.0,150.0,-350.0,-350.0
lotto649,大樂透,2009-W12,train,trained_blend,8,2,500.0,100.0,100.0,-400.0,-400.0
lotto649,大樂透,2009-W12,train,trained_family_ensemble,8,2,500.0,50.0,50.0,-450.0,-450.0
lotto649,大樂透,2009-W13,train,current_ensemble,8,2,500.0,50.0,50.0,-450.0,-450.0
lotto649,大樂透,2009-W13,train,random_5,8,2,500.0,50.0,50.0,-450.0,-450.0
lotto649,大樂透,2009-W13,train,trained_best_5,8,2,500.0,100.0,100.0,-400.0,-400.0
lotto649,大樂透,2009-W13,train,trained_blend,8,2,500.0,50.0,50.0,-450.0,-450.0
lotto649,大樂透,2009-W13,train,trained_family_ensemble,8,2,500.0,150.0,150.0,-350.0,-350.0
lotto649,大樂透,2009-W14,train,current_ensemble,8,2,500.0,300.0,300.0,-200.0,-200.0
lotto649,大樂透,2009-W14,train,random_5,8,2,500.0,250.0,250.0,-250.0,-250.0
lotto649,大樂透,2009-W14,train,trained_best_5,8,2,500.0,150.0,150.0,-350.0,-350.0
lotto649,大樂透,2009-W14,train,trained_blend,8,2,500.0,150.0,150.0,-350.0,-350.0
lotto649,大樂透,2009-W14,train,trained_family_ensemble,8,2,500.0,250.0,250.0,-250.0,-250.0
lotto649,大樂透,2009-W15,train,current_ensemble,8,2,500.0,250.0,250.0,-250.0,-250.0
lotto649,大樂透,2009-W15,train,random_5,8,2,500.0,350.0,350.0,-150.0,-150.0
lotto649,大樂透,2009-W15,train,trained_best_5,8,2,500.0,0.0,0.0,-500.0,-500.0
lotto649,大樂透,2009-W15,train,trained_blend,8,2,500.0,150.0,150.0,-350.0,-350.0
lotto649,大樂透,2009-W15,train,trained_family_ensemble,8,2,500.0,100.0,100.0,-400.0,-400.0
lotto649,大樂透,2009-W16,train,current_ensemble,8,2,500.0,620.75,620.75,120.75,120.75
lotto649,大樂透,2009-W16,train,random_5,8,2,500.0,100.0,100.0,-400.0,-400.0
lotto649,大樂透,2009-W16,train,trained_best_5,8,2,500.0,595.75,595.75,95.75,95.75
lotto649,大樂透,2009-W16,train,trained_blend,8,2,500.0,100.0,100.0,-400.0,-400.0
lotto649,大樂透,2009-W16,train,trained_family_ensemble,8,2,500.0,620.75,620.75,120.75,120.75
lotto649,大樂透,2009-W17,train,current_ensemble,8,2,500.0,275.0,275.0,-225.0,-225.0
lotto649,大樂透,2009-W17,train,random_5,8,2,500.0,200.0,200.0,-300.0,-300.0
lotto649,大樂透,2009-W17,train,trained_best_5,8,2,500.0,50.0,50.0,-450.0,-450.0
lotto649,大樂透,2009-W17,train,trained_blend,8,2,500.0,50.0,50.0,-450.0,-450.0
lotto649,大樂透,2009-W17,train,trained_family_ensemble,8,2,500.0,50.0,50.0,-450.0,-450.0
lotto649,大樂透,2009-W18,train,current_ensemble,8,2,500.0,150.0,150.0,-350.0,-350.0
lotto649,大樂透,2009-W18,train,random_5,8,2,500.0,150.0,150.0,-350.0,-350.0
lotto649,大樂透,2009-W18,train,trained_best_5,8,2,500.0,100.0,100.0,-400.0,-400.0
lotto649,大樂透,2009-W18,train,trained_blend,8,2,500.0,100.0,100.0,-400.0,-400.0
lotto649,大樂透,2009-W18,train,trained_family_ensemble,8,2,500.0,100.0,100.0,-400.0,-400.0
lotto649,大樂透,2009-W19,train,current_ensemble,8,2,500.0,100.0,100.0,-400.0,-400.0
lotto649,大樂透,2009-W19,train,random_5,8,2,500.0,150.0,150.0,-350.0,-350.0
lotto649,大樂透,2009-W19,train,trained_best_5,8,2,500.0,100.0,100.0,-400.0,-400.0
lotto649,大樂透,2009-W19,train,trained_blend,8,2,500.0,350.0,350.0,-150.0,-150.0
lotto649,大樂透,2009-W19,train,trained_family_ensemble,8,2,500.0,300.0,300.0,-200.0,-200.0
lotto649,大樂透,2009-W20,train,current_ensemble,8,2,500.0,150.0,150.0,-350.0,-350.0
lotto649,大樂透,2009-W20,train,random_5,8,2,500.0,200.0,200.0,-300.0,-300.0
lotto649,大樂透,2009-W20,train,trained_best_5,8,2,500.0,250.0,250.0,-250.0,-250.0
lotto649,大樂透,2009-W20,train,trained_blend,8,2,500.0,100.0,100.0,-400.0,-400.0
lotto649,大樂透,2009-W20,train,trained_family_ensemble,8,2,500.0,100.0,100.0,-400.0,-400.0
lotto649,大樂透,2009-W21,train,current_ensemble,8,2,500.0,200.0,200.0,-300.0,-300.0
lotto649,大樂透,2009-W21,train,random_5,8,2,500.0,150.0,150.0,-350.0,-350.0
lotto649,大樂透,2009-W21,train,trained_best_5,8,2,500.0,150.0,150.0,-350.0,-350.0
lotto649,大樂透,2009-W21,train,trained_blend,8,2,500.0,100.0,100.0,-400.0,-400.0
lotto649,大樂透,2009-W21,train,trained_family_ensemble,8,2,500.0,50.0,50.0,-450.0,-450.0
lotto649,大樂透,2009-W22,train,current_ensemble,8,2,500.0,100.0,100.0,-400.0,-400.0
lotto649,大樂透,2009-W22,train,random_5,8,2,500.0,50.0,50.0,-450.0,-450.0
lotto649,大樂透,2009-W22,train,trained_best_5,8,2,500.0,200.0,200.0,-300.0,-300.0
lotto649,大樂透,2009-W22,train,trained_blend,8,2,500.0,0.0,0.0,-500.0,-500.0
lotto649,大樂透,2009-W22,train,trained_family_ensemble,8,2,500.0,100.0,100.0,-400.0,-400.0
lotto649,大樂透,2009-W23,train,current_ensemble,8,2,500.0,50.0,50.0,-450.0,-450.0
lotto649,大樂透,2009-W23,train,random_5,8,2,500.0,200.0,200.0,-300.0,-300.0
lotto649,大樂透,2009-W23,train,trained_best_5,8,2,500.0,50.0,50.0,-450.0,-450.0
lotto649,大樂透,2009-W23,train,trained_blend,8,2,500.0,250.0,250.0,-250.0,-250.0
lotto649,大樂透,2009-W23,train,trained_family_ensemble,8,2,500.0,100.0,100.0,-400.0,-400.0
lotto649,大樂透,2009-W24,train,current_ensemble,8,2,500.0,0.0,0.0,-500.0,-500.0
lotto649,大樂透,2009-W24,train,random_5,8,2,500.0,100.0,100.0,-400.0,-400.0
lotto649,大樂透,2009-W24,train,trained_best_5,8,2,500.0,150.0,150.0,-350.0,-350.0
lotto649,大樂透,2009-W24,train,trained_blend,8,2,500.0,50.0,50.0,-450.0,-450.0
lotto649,大樂透,2009-W24,train,trained_family_ensemble,8,2,500.0,0.0,0.0,-500.0,-500.0
lotto649,大樂透,2009-W25,train,current_ensemble,8,2,500.0,250.0,250.0,-250.0,-250.0
lotto649,大樂透,2009-W25,train,random_5,8,2,500.0,100.0,100.0,-400.0,-400.0
lotto649,大樂透,2009-W25,train,trained_best_5,8,2,500.0,150.0,150.0,-350.0,-350.0
lotto649,大樂透,2009-W25,train,trained_blend,8,2,500.0,150.0,150.0,-350.0,-350.0
lotto649,大樂透,2009-W25,train,trained_family_ensemble,8,2,500.0,150.0,150.0,-350.0,-350.0
lotto649,大樂透,2009-W26,train,current_ensemble,8,2,500.0,50.0,50.0,-450.0,-450.0
lotto649,大樂透,2009-W26,train,random_5,8,2,500.0,375.0,375.0,-125.0,-125.0
lotto649,大樂透,2009-W26,train,trained_best_5,8,2,500.0,250.0,250.0,-250.0,-250.0
lotto649,大樂透,2009-W26,train,trained_blend,8,2,500.0,150.0,150.0,-350.0,-350.0
lotto649,大樂透,2009-W26,train,trained_family_ensemble,8,2,500.0,50.0,50.0,-450.0,-450.0
lotto649,大樂透,2009-W27,train,current_ensemble,8,2,500.0,150.0,150.0,-350.0,-350.0
lotto649,大樂透,2009-W27,train,random_5,8,2,500.0,50.0,50.0,-450.0,-450.0
lotto649,大樂透,2009-W27,train,trained_best_5,8,2,500.0,150.0,150.0,-350.0,-350.0
lotto649,大樂透,2009-W27,train,trained_blend,8,2,500.0,896.25,896.25,396.25,396.25
lotto649,大樂透,2009-W27,train,trained_family_ensemble,8,2,500.0,150.0,150.0,-350.0,-350.0
lotto649,大樂透,2009-W28,train,current_ensemble,8,2,500.0,100.0,100.0,-400.0,-400.0
lotto649,大樂透,2009-W28,train,random_5,8,2,500.0,200.0,200.0,-300.0,-300.0
lotto649,大樂透,2009-W28,train,trained_best_5,8,2,500.0,50.0,50.0,-450.0,-450.0
lotto649,大樂透,2009-W28,train,trained_blend,8,2,500.0,200.0,200.0,-300.0,-300.0
lotto649,大樂透,2009-W28,train,trained_family_ensemble,8,2,500.0,100.0,100.0,-400.0,-400.0
lotto649,大樂透,2009-W29,train,current_ensemble,8,2,500.0,200.0,200.0,-300.0,-300.0
lotto649,大樂透,2009-W29,train,random_5,8,2,500.0,100.0,100.0,-400.0,-400.0
lotto649,大樂透,2009-W29,train,trained_best_5,8,2,500.0,50.0,50.0,-450.0,-450.0
lotto649,大樂透,2009-W29,train,trained_blend,8,2,500.0,50.0,50.0,-450.0,-450.0
lotto649,大樂透,2009-W29,train,trained_family_ensemble,8,2,500.0,50.0,50.0,-450.0,-450.0
lotto649,大樂透,2009-W30,train,current_ensemble,8,2,500.0,50.0,50.0,-450.0,-450.0
lotto649,大樂透,2009-W30,train,random_5,8,2,500.0,100.0,100.0,-400.0,-400.0
lotto649,大樂透,2009-W30,train,trained_best_5,8,2,500.0,200.0,200.0,-300.0,-300.0
lotto649,大樂透,2009-W30,train,trained_blend,8,2,500.0,100.0,100.0,-400.0,-400.0
lotto649,大樂透,2009-W30,train,trained_family_ensemble,8,2,500.0,200.0,200.0,-300.0,-300.0
lotto649,大樂透,2009-W31,train,current_ensemble,8,2,500.0,100.0,100.0,-400.0,-400.0
lotto649,大樂透,2009-W31,train,random_5,8,2,500.0,50.0,50.0,-450.0,-450.0
lotto649,大樂透,2009-W31,train,trained_best_5,8,2,500.0,0.0,0.0,-500.0,-500.0
lotto649,大樂透,2009-W31,train,trained_blend,8,2,500.0,50.0,50.0,-450.0,-450.0
lotto649,大樂透,2009-W31,train,trained_family_ensemble,8,2,500.0,100.0,100.0,-400.0,-400.0
lotto649,大樂透,2009-W32,train,current_ensemble,8,2,500.0,100.0,100.0,-400.0,-400.0
lotto649,大樂透,2009-W32,train,random_5,8,2,500.0,250.0,250.0,-250.0,-250.0
lotto649,大樂透,2009-W32,train,trained_best_5,8,2,500.0,100.0,100.0,-400.0,-400.0
lotto649,大樂透,2009-W32,train,trained_blend,8,2,500.0,200.0,200.0,-300.0,-300.0
lotto649,大樂透,2009-W32,train,trained_family_ensemble,8,2,500.0,150.0,150.0,-350.0,-350.0
lotto649,大樂透,2009-W33,train,current_ensemble,8,2,500.0,100.0,100.0,-400.0,-400.0
lotto649,大樂透,2009-W33,train,random_5,8,2,500.0,100.0,100.0,-400.0,-400.0
lotto649,大樂透,2009-W33,train,trained_best_5,8,2,500.0,100.0,100.0,-400.0,-400.0
lotto649,大樂透,2009-W33,train,trained_blend,8,2,500.0,100.0,100.0,-400.0,-400.0
lotto649,大樂透,2009-W33,train,trained_family_ensemble,8,2,500.0,100.0,100.0,-400.0,-400.0
lotto649,大樂透,2009-W34,train,current_ensemble,8,2,500.0,200.0,200.0,-300.0,-300.0
lotto649,大樂透,2009-W34,train,random_5,8,2,500.0,100.0,100.0,-400.0,-400.0
lotto649,大樂透,2009-W34,train,trained_best_5,8,2,500.0,100.0,100.0,-400.0,-400.0
lotto649,大樂透,2009-W34,train,trained_blend,8,2,500.0,50.0,50.0,-450.0,-450.0
lotto649,大樂透,2009-W34,train,trained_family_ensemble,8,2,500.0,50.0,50.0,-450.0,-450.0
lotto649,大樂透,2009-W35,train,current_ensemble,8,2,500.0,150.0,150.0,-350.0,-350.0
lotto649,大樂透,2009-W35,train,random_5,8,2,500.0,200.0,200.0,-300.0,-300.0
lotto649,大樂透,2009-W35,train,trained_best_5,8,2,500.0,100.0,100.0,-400.0,-400.0
lotto649,大樂透,2009-W35,train,trained_blend,8,2,500.0,0.0,0.0,-500.0,-500.0
lotto649,大樂透,2009-W35,train,trained_family_ensemble,8,2,500.0,150.0,150.0,-350.0,-350.0
lotto649,大樂透,2009-W36,train,current_ensemble,8,2,500.0,100.0,100.0,-400.0,-400.0
lotto649,大樂透,2009-W36,train,random_5,8,2,500.0,100.0,100.0,-400.0,-400.0
lotto649,大樂透,2009-W36,train,trained_best_5,8,2,500.0,100.0,100.0,-400.0,-400.0
lotto649,大樂透,2009-W36,train,trained_blend,8,2,500.0,200.0,200.0,-300.0,-300.0
lotto649,大樂透,2009-W36,train,trained_family_ensemble,8,2,500.0,150.0,150.0,-350.0,-350.0
lotto649,大樂透,2009-W37,train,current_ensemble,8,2,500.0,100.0,100.0,-400.0,-400.0
lotto649,大樂透,2009-W37,train,random_5,8,2,500.0,150.0,150.0,-350.0,-350.0
lotto649,大樂透,2009-W37,train,trained_best_5,8,2,500.0,50.0,50.0,-450.0,-450.0
lotto649,大樂透,2009-W37,train,trained_blend,8,2,500.0,100.0,100.0,-400.0,-400.0
lotto649,大樂透,2009-W37,train,trained_family_ensemble,8,2,500.0,50.0,50.0,-450.0,-450.0
lotto649,大樂透,2009-W38,train,current_ensemble,8,2,500.0,637.875,637.875,137.875,137.875
lotto649,大樂透,2009-W38,train,random_5,8,2,500.0,50.0,50.0,-450.0,-450.0
lotto649,大樂透,2009-W38,train,trained_best_5,8,2,500.0,150.0,150.0,-350.0,-350.0
lotto649,大樂透,2009-W38,train,trained_blend,8,2,500.0,0.0,0.0,-500.0,-500.0
lotto649,大樂透,2009-W38,train,trained_family_ensemble,8,2,500.0,50.0,50.0,-450.0,-450.0
lotto649,大樂透,2009-W39,train,current_ensemble,8,2,500.0,200.0,200.0,-300.0,-300.0
lotto649,大樂透,2009-W39,train,random_5,8,2,500.0,200.0,200.0,-300.0,-300.0
lotto649,大樂透,2009-W39,train,trained_best_5,8,2,500.0,100.0,100.0,-400.0,-400.0
lotto649,大樂透,2009-W39,train,trained_blend,8,2,500.0,0.0,0.0,-500.0,-500.0
lotto649,大樂透,2009-W39,train,trained_family_ensemble,8,2,500.0,200.0,200.0,-300.0,-300.0
lotto649,大樂透,2009-W40,train,current_ensemble,8,2,500.0,100.0,100.0,-400.0,-400.0
lotto649,大樂透,2009-W40,train,random_5,8,2,500.0,50.0,50.0,-450.0,-450.0
lotto649,大樂透,2009-W40,train,trained_best_5,8,2,500.0,300.0,300.0,-200.0,-200.0
lotto649,大樂透,2009-W40,train,trained_blend,8,2,500.0,0.0,0.0,-500.0,-500.0
lotto649,大樂透,2009-W40,train,trained_family_ensemble,8,2,500.0,250.0,250.0,-250.0,-250.0
lotto649,大樂透,2009-W41,train,current_ensemble,8,2,500.0,100.0,100.0,-400.0,-400.0
lotto649,大樂透,2009-W41,train,random_5,8,2,500.0,0.0,0.0,-500.0,-500.0
lotto649,大樂透,2009-W41,train,trained_best_5,8,2,500.0,150.0,150.0,-350.0,-350.0
lotto649,大樂透,2009-W41,train,trained_blend,8,2,500.0,150.0,150.0,-350.0,-350.0
lotto649,大樂透,2009-W41,train,trained_family_ensemble,8,2,500.0,300.0,300.0,-200.0,-200.0
lotto649,大樂透,2009-W42,train,current_ensemble,8,2,500.0,200.0,200.0,-300.0,-300.0
lotto649,大樂透,2009-W42,train,random_5,8,2,500.0,200.0,200.0,-300.0,-300.0
lotto649,大樂透,2009-W42,train,trained_best_5,8,2,500.0,100.0,100.0,-400.0,-400.0
lotto649,大樂透,2009-W42,train,trained_blend,8,2,500.0,100.0,100.0,-400.0,-400.0
lotto649,大樂透,2009-W42,train,trained_family_ensemble,8,2,500.0,100.0,100.0,-400.0,-400.0
lotto649,大樂透,2009-W43,train,current_ensemble,8,2,500.0,275.0,275.0,-225.0,-225.0
lotto649,大樂透,2009-W43,train,random_5,8,2,500.0,200.0,200.0,-300.0,-300.0
lotto649,大樂透,2009-W43,train,trained_best_5,8,2,500.0,0.0,0.0,-500.0,-500.0
lotto649,大樂透,2009-W43,train,trained_blend,8,2,500.0,300.0,300.0,-200.0,-200.0
lotto649,大樂透,2009-W43,train,trained_family_ensemble,8,2,500.0,375.0,375.0,-125.0,-125.0
lotto649,大樂透,2009-W44,train,current_ensemble,8,2,500.0,150.0,150.0,-350.0,-350.0
lotto649,大樂透,2009-W44,train,random_5,8,2,500.0,0.0,0.0,-500.0,-500.0
lotto649,大樂透,2009-W44,train,trained_best_5,8,2,500.0,50.0,50.0,-450.0,-450.0
lotto649,大樂透,2009-W44,train,trained_blend,8,2,500.0,100.0,100.0,-400.0,-400.0
lotto649,大樂透,2009-W44,train,trained_family_ensemble,8,2,500.0,0.0,0.0,-500.0,-500.0
lotto649,大樂透,2009-W45,train,current_ensemble,8,2,500.0,571.0,571.0,71.0,71.0
lotto649,大樂透,2009-W45,train,random_5,8,2,500.0,571.0,571.0,71.0,71.0
lotto649,大樂透,2009-W45,train,trained_best_5,8,2,500.0,150.0,150.0,-350.0,-350.0
lotto649,大樂透,2009-W45,train,trained_blend,8,2,500.0,671.0,671.0,171.0,171.0
lotto649,大樂透,2009-W45,train,trained_family_ensemble,8,2,500.0,621.0,621.0,121.0,121.0
lotto649,大樂透,2009-W46,train,current_ensemble,8,2,500.0,100.0,100.0,-400.0,-400.0
lotto649,大樂透,2009-W46,train,random_5,8,2,500.0,100.0,100.0,-400.0,-400.0
lotto649,大樂透,2009-W46,train,trained_best_5,8,2,500.0,175.0,175.0,-325.0,-325.0
lotto649,大樂透,2009-W46,train,trained_blend,8,2,500.0,125.0,125.0,-375.0,-375.0
lotto649,大樂透,2009-W46,train,trained_family_ensemble,8,2,500.0,100.0,100.0,-400.0,-400.0
lotto649,大樂透,2009-W47,train,current_ensemble,8,2,500.0,200.0,200.0,-300.0,-300.0
lotto649,大樂透,2009-W47,train,random_5,8,2,500.0,50.0,50.0,-450.0,-450.0
lotto649,大樂透,2009-W47,train,trained_best_5,8,2,500.0,50.0,50.0,-450.0,-450.0
lotto649,大樂透,2009-W47,train,trained_blend,8,2,500.0,50.0,50.0,-450.0,-450.0
lotto649,大樂透,2009-W47,train,trained_family_ensemble,8,2,500.0,100.0,100.0,-400.0,-400.0
lotto649,大樂透,2009-W48,train,current_ensemble,8,2,500.0,569.75,569.75,69.75,69.75
lotto649,大樂透,2009-W48,train,random_5,8,2,500.0,100.0,100.0,-400.0,-400.0
lotto649,大樂透,2009-W48,train,trained_best_5,8,2,500.0,669.75,669.75,169.75,169.75
lotto649,大樂透,2009-W48,train,trained_blend,8,2,500.0,100.0,100.0,-400.0,-400.0
lotto649,大樂透,2009-W48,train,trained_family_ensemble,8,2,500.0,50.0,50.0,-450.0,-450.0
lotto649,大樂透,2009-W49,train,current_ensemble,8,2,500.0,50.0,50.0,-450.0,-450.0
lotto649,大樂透,2009-W49,train,random_5,8,2,500.0,50.0,50.0,-450.0,-450.0
lotto649,大樂透,2009-W49,train,trained_best_5,8,2,500.0,250.0,250.0,-250.0,-250.0
lotto649,大樂透,2009-W49,train,trained_blend,8,2,500.0,100.0,100.0,-400.0,-400.0
lotto649,大樂透,2009-W49,train,trained_family_ensemble,8,2,500.0,150.0,150.0,-350.0,-350.0
lotto649,大樂透,2009-W50,train,current_ensemble,8,2,500.0,200.0,200.0,-300.0,-300.0
lotto649,大樂透,2009-W50,train,random_5,8,2,500.0,150.0,150.0,-350.0,-350.0
lotto649,大樂透,2009-W50,train,trained_best_5,8,2,500.0,350.0,350.0,-150.0,-150.0
lotto649,大樂透,2009-W50,train,trained_blend,8,2,500.0,50.0,50.0,-450.0,-450.0
lotto649,大樂透,2009-W50,train,trained_family_ensemble,8,2,500.0,100.0,100.0,-400.0,-400.0
lotto649,大樂透,2009-W51,train,current_ensemble,8,2,500.0,4868.25,4868.25,4368.25,4368.25
lotto649,大樂透,2009-W51,train,random_5,8,2,500.0,4743.25,4743.25,4243.25,4243.25
lotto649,大樂透,2009-W51,train,trained_best_5,8,2,500.0,200.0,200.0,-300.0,-300.0
lotto649,大樂透,2009-W51,train,trained_blend,8,2,500.0,4918.25,4918.25,4418.25,4418.25
lotto649,大樂透,2009-W51,train,trained_family_ensemble,8,2,500.0,5018.25,5018.25,4518.25,4518.25
lotto649,大樂透,2009-W52,train,current_ensemble,8,2,500.0,691.375,691.375,191.375,191.375
lotto649,大樂透,2009-W52,train,random_5,8,2,500.0,125.0,125.0,-375.0,-375.0
lotto649,大樂透,2009-W52,train,trained_best_5,8,2,500.0,100.0,100.0,-400.0,-400.0
lotto649,大樂透,2009-W52,train,trained_blend,8,2,500.0,929.0,929.0,429.0,429.0
lotto649,大樂透,2009-W52,train,trained_family_ensemble,8,2,500.0,741.375,741.375,241.375,241.375
lotto649,大樂透,2009-W53,train,current_ensemble,8,2,500.0,0.0,0.0,-500.0,-500.0
lotto649,大樂透,2009-W53,train,random_5,8,2,500.0,0.0,0.0,-500.0,-500.0
lotto649,大樂透,2009-W53,train,trained_best_5,8,2,500.0,50.0,50.0,-450.0,-450.0
lotto649,大樂透,2009-W53,train,trained_blend,8,2,500.0,50.0,50.0,-450.0,-450.0
lotto649,大樂透,2009-W53,train,trained_family_ensemble,8,2,500.0,50.0,50.0,-450.0,-450.0
lotto649,大樂透,2010-W01,train,current_ensemble,8,2,500.0,250.0,250.0,-250.0,-250.0
lotto649,大樂透,2010-W01,train,random_5,8,2,500.0,150.0,150.0,-350.0,-350.0
lotto649,大樂透,2010-W01,train,trained_best_5,8,2,500.0,150.0,150.0,-350.0,-350.0
lotto649,大樂透,2010-W01,train,trained_blend,8,2,500.0,100.0,100.0,-400.0,-400.0
lotto649,大樂透,2010-W01,train,trained_family_ensemble,8,2,500.0,200.0,200.0,-300.0,-300.0
lotto649,大樂透,2010-W02,train,current_ensemble,8,2,500.0,125.0,125.0,-375.0,-375.0
lotto649,大樂透,2010-W02,train,random_5,8,2,500.0,100.0,100.0,-400.0,-400.0
lotto649,大樂透,2010-W02,train,trained_best_5,8,2,500.0,515.75,515.75,15.75,15.75
lotto649,大樂透,2010-W02,train,trained_blend,8,2,500.0,515.75,515.75,15.75,15.75
lotto649,大樂透,2010-W02,train,trained_family_ensemble,8,2,500.0,100.0,100.0,-400.0,-400.0
lotto649,大樂透,2010-W03,train,current_ensemble,8,2,500.0,0.0,0.0,-500.0,-500.0
lotto649,大樂透,2010-W03,train,random_5,8,2,500.0,100.0,100.0,-400.0,-400.0
lotto649,大樂透,2010-W03,train,trained_best_5,8,2,500.0,0.0,0.0,-500.0,-500.0
lotto649,大樂透,2010-W03,train,trained_blend,8,2,500.0,0.0,0.0,-500.0,-500.0
lotto649,大樂透,2010-W03,train,trained_family_ensemble,8,2,500.0,0.0,0.0,-500.0,-500.0
lotto649,大樂透,2010-W04,train,current_ensemble,8,2,500.0,100.0,100.0,-400.0,-400.0
lotto649,大樂透,2010-W04,train,random_5,8,2,500.0,150.0,150.0,-350.0,-350.0
lotto649,大樂透,2010-W04,train,trained_best_5,8,2,500.0,848.5,848.5,348.5,348.5
lotto649,大樂透,2010-W04,train,trained_blend,8,2,500.0,325.0,325.0,-175.0,-175.0
lotto649,大樂透,2010-W04,train,trained_family_ensemble,8,2,500.0,150.0,150.0,-350.0,-350.0
lotto649,大樂透,2010-W05,train,current_ensemble,8,2,500.0,100.0,100.0,-400.0,-400.0
lotto649,大樂透,2010-W05,train,random_5,8,2,500.0,150.0,150.0,-350.0,-350.0
lotto649,大樂透,2010-W05,train,trained_best_5,8,2,500.0,100.0,100.0,-400.0,-400.0
lotto649,大樂透,2010-W05,train,trained_blend,8,2,500.0,100.0,100.0,-400.0,-400.0
lotto649,大樂透,2010-W05,train,trained_family_ensemble,8,2,500.0,150.0,150.0,-350.0,-350.0
lotto649,大樂透,2010-W06,train,current_ensemble,8,2,500.0,706.625,706.625,206.625,206.625
lotto649,大樂透,2010-W06,train,random_5,8,2,500.0,50.0,50.0,-450.0,-450.0
lotto649,大樂透,2010-W06,train,trained_best_5,8,2,500.0,250.0,250.0,-250.0,-250.0
lotto649,大樂透,2010-W06,train,trained_blend,8,2,500.0,100.0,100.0,-400.0,-400.0
lotto649,大樂透,2010-W06,train,trained_family_ensemble,8,2,500.0,250.0,250.0,-250.0,-250.0
lotto649,大樂透,2010-W07,train,current_ensemble,8,2,500.0,150.0,150.0,-350.0,-350.0
lotto649,大樂透,2010-W07,train,random_5,8,2,500.0,325.0,325.0,-175.0,-175.0
lotto649,大樂透,2010-W07,train,trained_best_5,8,2,500.0,576.75,576.75,76.75,76.75
lotto649,大樂透,2010-W07,train,trained_blend,8,2,500.0,100.0,100.0,-400.0,-400.0
lotto649,大樂透,2010-W07,train,trained_family_ensemble,8,2,500.0,200.0,200.0,-300.0,-300.0
lotto649,大樂透,2010-W08,train,current_ensemble,8,2,500.0,150.0,150.0,-350.0,-350.0
lotto649,大樂透,2010-W08,train,random_5,8,2,500.0,50.0,50.0,-450.0,-450.0
lotto649,大樂透,2010-W08,train,trained_best_5,8,2,500.0,50.0,50.0,-450.0,-450.0
lotto649,大樂透,2010-W08,train,trained_blend,8,2,500.0,0.0,0.0,-500.0,-500.0
lotto649,大樂透,2010-W08,train,trained_family_ensemble,8,2,500.0,100.0,100.0,-400.0,-400.0
lotto649,大樂透,2010-W09,train,current_ensemble,8,2,500.0,100.0,100.0,-400.0,-400.0
lotto649,大樂透,2010-W09,train,random_5,8,2,500.0,150.0,150.0,-350.0,-350.0
lotto649,大樂透,2010-W09,train,trained_best_5,8,2,500.0,150.0,150.0,-350.0,-350.0
lotto649,大樂透,2010-W09,train,trained_blend,8,2,500.0,150.0,150.0,-350.0,-350.0
lotto649,大樂透,2010-W09,train,trained_family_ensemble,8,2,500.0,100.0,100.0,-400.0,-400.0
lotto649,大樂透,2010-W10,train,current_ensemble,8,2,500.0,325.0,325.0,-175.0,-175.0
lotto649,大樂透,2010-W10,train,random_5,8,2,500.0,275.0,275.0,-225.0,-225.0
lotto649,大樂透,2010-W10,train,trained_best_5,8,2,500.0,150.0,150.0,-350.0,-350.0
lotto649,大樂透,2010-W10,train,trained_blend,8,2,500.0,375.0,375.0,-125.0,-125.0
lotto649,大樂透,2010-W10,train,trained_family_ensemble,8,2,500.0,325.0,325.0,-175.0,-175.0
lotto649,大樂透,2010-W11,train,current_ensemble,8,2,500.0,150.0,150.0,-350.0,-350.0
lotto649,大樂透,2010-W11,train,random_5,8,2,500.0,50.0,50.0,-450.0,-450.0
lotto649,大樂透,2010-W11,train,trained_best_5,8,2,500.0,602.875,602.875,102.875,102.875
lotto649,大樂透,2010-W11,train,trained_blend,8,2,500.0,552.875,552.875,52.875,52.875
lotto649,大樂透,2010-W11,train,trained_family_ensemble,8,2,500.0,100.0,100.0,-400.0,-400.0
lotto649,大樂透,2010-W12,train,current_ensemble,8,2,500.0,200.0,200.0,-300.0,-300.0
lotto649,大樂透,2010-W12,train,random_5,8,2,500.0,200.0,200.0,-300.0,-300.0
lotto649,大樂透,2010-W12,train,trained_best_5,8,2,500.0,150.0,150.0,-350.0,-350.0
lotto649,大樂透,2010-W12,train,trained_blend,8,2,500.0,100.0,100.0,-400.0,-400.0
lotto649,大樂透,2010-W12,train,trained_family_ensemble,8,2,500.0,0.0,0.0,-500.0,-500.0
lotto649,大樂透,2010-W13,train,current_ensemble,8,2,500.0,729.125,729.125,229.125,229.125
lotto649,大樂透,2010-W13,train,random_5,8,2,500.0,779.125,779.125,279.125,279.125
lotto649,大樂透,2010-W13,train,trained_best_5,8,2,500.0,50.0,50.0,-450.0,-450.0
lotto649,大樂透,2010-W13,train,trained_blend,8,2,500.0,729.125,729.125,229.125,229.125
lotto649,大樂透,2010-W13,train,trained_family_ensemble,8,2,500.0,729.125,729.125,229.125,229.125
lotto649,大樂透,2010-W14,train,current_ensemble,8,2,500.0,100.0,100.0,-400.0,-400.0
lotto649,大樂透,2010-W14,train,random_5,8,2,500.0,100.0,100.0,-400.0,-400.0
lotto649,大樂透,2010-W14,train,trained_best_5,8,2,500.0,50.0,50.0,-450.0,-450.0
lotto649,大樂透,2010-W14,train,trained_blend,8,2,500.0,100.0,100.0,-400.0,-400.0
lotto649,大樂透,2010-W14,train,trained_family_ensemble,8,2,500.0,225.0,225.0,-275.0,-275.0
lotto649,大樂透,2010-W15,train,current_ensemble,8,2,500.0,688.25,688.25,188.25,188.25
lotto649,大樂透,2010-W15,train,random_5,8,2,500.0,838.25,838.25,338.25,338.25
lotto649,大樂透,2010-W15,train,trained_best_5,8,2,500.0,275.0,275.0,-225.0,-225.0
lotto649,大樂透,2010-W15,train,trained_blend,8,2,500.0,350.0,350.0,-150.0,-150.0
lotto649,大樂透,2010-W15,train,trained_family_ensemble,8,2,500.0,325.0,325.0,-175.0,-175.0
lotto649,大樂透,2010-W16,train,current_ensemble,8,2,500.0,150.0,150.0,-350.0,-350.0
lotto649,大樂透,2010-W16,train,random_5,8,2,500.0,100.0,100.0,-400.0,-400.0
lotto649,大樂透,2010-W16,train,trained_best_5,8,2,500.0,100.0,100.0,-400.0,-400.0
lotto649,大樂透,2010-W16,train,trained_blend,8,2,500.0,50.0,50.0,-450.0,-450.0
lotto649,大樂透,2010-W16,train,trained_family_ensemble,8,2,500.0,100.0,100.0,-400.0,-400.0
lotto649,大樂透,2010-W17,train,current_ensemble,8,2,500.0,677.25,677.25,177.25,177.25
lotto649,大樂透,2010-W17,train,random_5,8,2,500.0,150.0,150.0,-350.0,-350.0
lotto649,大樂透,2010-W17,train,trained_best_5,8,2,500.0,100.0,100.0,-400.0,-400.0
lotto649,大樂透,2010-W17,train,trained_blend,8,2,500.0,150.0,150.0,-350.0,-350.0
lotto649,大樂透,2010-W17,train,trained_family_ensemble,8,2,500.0,200.0,200.0,-300.0,-300.0
lotto649,大樂透,2010-W18,train,current_ensemble,8,2,500.0,100.0,100.0,-400.0,-400.0
lotto649,大樂透,2010-W18,train,random_5,8,2,500.0,100.0,100.0,-400.0,-400.0
lotto649,大樂透,2010-W18,train,trained_best_5,8,2,500.0,50.0,50.0,-450.0,-450.0
lotto649,大樂透,2010-W18,train,trained_blend,8,2,500.0,225.0,225.0,-275.0,-275.0
lotto649,大樂透,2010-W18,train,trained_family_ensemble,8,2,500.0,50.0,50.0,-450.0,-450.0
lotto649,大樂透,2010-W19,train,current_ensemble,8,2,500.0,150.0,150.0,-350.0,-350.0
lotto649,大樂透,2010-W19,train,random_5,8,2,500.0,0.0,0.0,-500.0,-500.0
lotto649,大樂透,2010-W19,train,trained_best_5,8,2,500.0,150.0,150.0,-350.0,-350.0
lotto649,大樂透,2010-W19,train,trained_blend,8,2,500.0,0.0,0.0,-500.0,-500.0
lotto649,大樂透,2010-W19,train,trained_family_ensemble,8,2,500.0,50.0,50.0,-450.0,-450.0
lotto649,大樂透,2010-W20,train,current_ensemble,8,2,500.0,0.0,0.0,-500.0,-500.0
lotto649,大樂透,2010-W20,train,random_5,8,2,500.0,100.0,100.0,-400.0,-400.0
lotto649,大樂透,2010-W20,train,trained_best_5,8,2,500.0,0.0,0.0,-500.0,-500.0
lotto649,大樂透,2010-W20,train,trained_blend,8,2,500.0,0.0,0.0,-500.0,-500.0
lotto649,大樂透,2010-W20,train,trained_family_ensemble,8,2,500.0,0.0,0.0,-500.0,-500.0
lotto649,大樂透,2010-W21,train,current_ensemble,8,2,500.0,200.0,200.0,-300.0,-300.0
lotto649,大樂透,2010-W21,train,random_5,8,2,500.0,300.0,300.0,-200.0,-200.0
lotto649,大樂透,2010-W21,train,trained_best_5,8,2,500.0,50.0,50.0,-450.0,-450.0
lotto649,大樂透,2010-W21,train,trained_blend,8,2,500.0,4305.625,4305.625,3805.625,3805.625
lotto649,大樂透,2010-W21,train,trained_family_ensemble,8,2,500.0,3605.625,3605.625,3105.625,3105.625
lotto649,大樂透,2010-W22,train,current_ensemble,8,2,500.0,0.0,0.0,-500.0,-500.0
lotto649,大樂透,2010-W22,train,random_5,8,2,500.0,50.0,50.0,-450.0,-450.0
lotto649,大樂透,2010-W22,train,trained_best_5,8,2,500.0,250.0,250.0,-250.0,-250.0
lotto649,大樂透,2010-W22,train,trained_blend,8,2,500.0,50.0,50.0,-450.0,-450.0
lotto649,大樂透,2010-W22,train,trained_family_ensemble,8,2,500.0,100.0,100.0,-400.0,-400.0
lotto649,大樂透,2010-W23,train,current_ensemble,8,2,500.0,50.0,50.0,-450.0,-450.0
lotto649,大樂透,2010-W23,train,random_5,8,2,500.0,50.0,50.0,-450.0,-450.0
lotto649,大樂透,2010-W23,train,trained_best_5,8,2,500.0,250.0,250.0,-250.0,-250.0
lotto649,大樂透,2010-W23,train,trained_blend,8,2,500.0,675.0,675.0,175.0,175.0
lotto649,大樂透,2010-W23,train,trained_family_ensemble,8,2,500.0,400.0,400.0,-100.0,-100.0
lotto649,大樂透,2010-W24,train,current_ensemble,8,2,500.0,150.0,150.0,-350.0,-350.0
lotto649,大樂透,2010-W24,train,random_5,8,2,500.0,200.0,200.0,-300.0,-300.0
lotto649,大樂透,2010-W24,train,trained_best_5,8,2,500.0,50.0,50.0,-450.0,-450.0
lotto649,大樂透,2010-W24,train,trained_blend,8,2,500.0,200.0,200.0,-300.0,-300.0
lotto649,大樂透,2010-W24,train,trained_family_ensemble,8,2,500.0,150.0,150.0,-350.0,-350.0
lotto649,大樂透,2010-W25,train,current_ensemble,8,2,500.0,175.0,175.0,-325.0,-325.0
lotto649,大樂透,2010-W25,train,random_5,8,2,500.0,275.0,275.0,-225.0,-225.0
lotto649,大樂透,2010-W25,train,trained_best_5,8,2,500.0,100.0,100.0,-400.0,-400.0
lotto649,大樂透,2010-W25,train,trained_blend,8,2,500.0,275.0,275.0,-225.0,-225.0
lotto649,大樂透,2010-W25,train,trained_family_ensemble,8,2,500.0,225.0,225.0,-275.0,-275.0
lotto649,大樂透,2010-W26,train,current_ensemble,8,2,500.0,200.0,200.0,-300.0,-300.0
lotto649,大樂透,2010-W26,train,random_5,8,2,500.0,200.0,200.0,-300.0,-300.0
lotto649,大樂透,2010-W26,train,trained_best_5,8,2,500.0,578.75,578.75,78.75,78.75
lotto649,大樂透,2010-W26,train,trained_blend,8,2,500.0,400.0,400.0,-100.0,-100.0
lotto649,大樂透,2010-W26,train,trained_family_ensemble,8,2,500.0,250.0,250.0,-250.0,-250.0
lotto649,大樂透,2010-W27,train,current_ensemble,8,2,500.0,50.0,50.0,-450.0,-450.0
lotto649,大樂透,2010-W27,train,random_5,8,2,500.0,225.0,225.0,-275.0,-275.0
lotto649,大樂透,2010-W27,train,trained_best_5,8,2,500.0,200.0,200.0,-300.0,-300.0
lotto649,大樂透,2010-W27,train,trained_blend,8,2,500.0,100.0,100.0,-400.0,-400.0
lotto649,大樂透,2010-W27,train,trained_family_ensemble,8,2,500.0,100.0,100.0,-400.0,-400.0
lotto649,大樂透,2010-W28,train,current_ensemble,8,2,500.0,200.0,200.0,-300.0,-300.0
lotto649,大樂透,2010-W28,train,random_5,8,2,500.0,200.0,200.0,-300.0,-300.0
lotto649,大樂透,2010-W28,train,trained_best_5,8,2,500.0,0.0,0.0,-500.0,-500.0
lotto649,大樂透,2010-W28,train,trained_blend,8,2,500.0,200.0,200.0,-300.0,-300.0
lotto649,大樂透,2010-W28,train,trained_family_ensemble,8,2,500.0,663.75,663.75,163.75,163.75
lotto649,大樂透,2010-W29,train,current_ensemble,8,2,500.0,150.0,150.0,-350.0,-350.0
lotto649,大樂透,2010-W29,train,random_5,8,2,500.0,100.0,100.0,-400.0,-400.0
lotto649,大樂透,2010-W29,train,trained_best_5,8,2,500.0,634.5,634.5,134.5,134.5
lotto649,大樂透,2010-W29,train,trained_blend,8,2,500.0,100.0,100.0,-400.0,-400.0
lotto649,大樂透,2010-W29,train,trained_family_ensemble,8,2,500.0,100.0,100.0,-400.0,-400.0
lotto649,大樂透,2010-W30,train,current_ensemble,8,2,500.0,402.0,402.0,-98.0,-98.0
lotto649,大樂透,2010-W30,train,random_5,8,2,500.0,100.0,100.0,-400.0,-400.0
lotto649,大樂透,2010-W30,train,trained_best_5,8,2,500.0,250.0,250.0,-250.0,-250.0
lotto649,大樂透,2010-W30,train,trained_blend,8,2,500.0,150.0,150.0,-350.0,-350.0
lotto649,大樂透,2010-W30,train,trained_family_ensemble,8,2,500.0,250.0,250.0,-250.0,-250.0
lotto649,大樂透,2010-W31,train,current_ensemble,8,2,500.0,150.0,150.0,-350.0,-350.0
lotto649,大樂透,2010-W31,train,random_5,8,2,500.0,150.0,150.0,-350.0,-350.0
lotto649,大樂透,2010-W31,train,trained_best_5,8,2,500.0,300.0,300.0,-200.0,-200.0
lotto649,大樂透,2010-W31,train,trained_blend,8,2,500.0,100.0,100.0,-400.0,-400.0
lotto649,大樂透,2010-W31,train,trained_family_ensemble,8,2,500.0,50.0,50.0,-450.0,-450.0
lotto649,大樂透,2010-W32,train,current_ensemble,8,2,500.0,100.0,100.0,-400.0,-400.0
lotto649,大樂透,2010-W32,train,random_5,8,2,500.0,600.375,600.375,100.375,100.375
lotto649,大樂透,2010-W32,train,trained_best_5,8,2,500.0,150.0,150.0,-350.0,-350.0
lotto649,大樂透,2010-W32,train,trained_blend,8,2,500.0,50.0,50.0,-450.0,-450.0
lotto649,大樂透,2010-W32,train,trained_family_ensemble,8,2,500.0,100.0,100.0,-400.0,-400.0
lotto649,大樂透,2010-W33,train,current_ensemble,8,2,500.0,200.0,200.0,-300.0,-300.0
lotto649,大樂透,2010-W33,train,random_5,8,2,500.0,150.0,150.0,-350.0,-350.0
lotto649,大樂透,2010-W33,train,trained_best_5,8,2,500.0,50.0,50.0,-450.0,-450.0
lotto649,大樂透,2010-W33,train,trained_blend,8,2,500.0,100.0,100.0,-400.0,-400.0
lotto649,大樂透,2010-W33,train,trained_family_ensemble,8,2,500.0,200.0,200.0,-300.0,-300.0
lotto649,大樂透,2010-W34,train,current_ensemble,8,2,500.0,726.5,726.5,226.5,226.5
lotto649,大樂透,2010-W34,train,random_5,8,2,500.0,150.0,150.0,-350.0,-350.0
lotto649,大樂透,2010-W34,train,trained_best_5,8,2,500.0,450.0,450.0,-50.0,-50.0
lotto649,大樂透,2010-W34,train,trained_blend,8,2,500.0,200.0,200.0,-300.0,-300.0
lotto649,大樂透,2010-W34,train,trained_family_ensemble,8,2,500.0,100.0,100.0,-400.0,-400.0
lotto649,大樂透,2010-W35,train,current_ensemble,8,2,500.0,50.0,50.0,-450.0,-450.0
lotto649,大樂透,2010-W35,train,random_5,8,2,500.0,50.0,50.0,-450.0,-450.0
lotto649,大樂透,2010-W35,train,trained_best_5,8,2,500.0,50.0,50.0,-450.0,-450.0
lotto649,大樂透,2010-W35,train,trained_blend,8,2,500.0,0.0,0.0,-500.0,-500.0
lotto649,大樂透,2010-W35,train,trained_family_ensemble,8,2,500.0,0.0,0.0,-500.0,-500.0
lotto649,大樂透,2010-W36,train,current_ensemble,8,2,500.0,200.0,200.0,-300.0,-300.0
lotto649,大樂透,2010-W36,train,random_5,8,2,500.0,50.0,50.0,-450.0,-450.0
lotto649,大樂透,2010-W36,train,trained_best_5,8,2,500.0,100.0,100.0,-400.0,-400.0
lotto649,大樂透,2010-W36,train,trained_blend,8,2,500.0,0.0,0.0,-500.0,-500.0
lotto649,大樂透,2010-W36,train,trained_family_ensemble,8,2,500.0,100.0,100.0,-400.0,-400.0
lotto649,大樂透,2010-W37,train,current_ensemble,8,2,500.0,250.0,250.0,-250.0,-250.0
lotto649,大樂透,2010-W37,train,random_5,8,2,500.0,250.0,250.0,-250.0,-250.0
lotto649,大樂透,2010-W37,train,trained_best_5,8,2,500.0,325.0,325.0,-175.0,-175.0
lotto649,大樂透,2010-W37,train,trained_blend,8,2,500.0,300.0,300.0,-200.0,-200.0
lotto649,大樂透,2010-W37,train,trained_family_ensemble,8,2,500.0,250.0,250.0,-250.0,-250.0
lotto649,大樂透,2010-W38,train,current_ensemble,8,2,500.0,100.0,100.0,-400.0,-400.0
lotto649,大樂透,2010-W38,train,random_5,8,2,500.0,50.0,50.0,-450.0,-450.0
lotto649,大樂透,2010-W38,train,trained_best_5,8,2,500.0,50.0,50.0,-450.0,-450.0
lotto649,大樂透,2010-W38,train,trained_blend,8,2,500.0,0.0,0.0,-500.0,-500.0
lotto649,大樂透,2010-W38,train,trained_family_ensemble,8,2,500.0,50.0,50.0,-450.0,-450.0
lotto649,大樂透,2010-W39,train,current_ensemble,8,2,500.0,50.0,50.0,-450.0,-450.0
lotto649,大樂透,2010-W39,train,random_5,8,2,500.0,175.0,175.0,-325.0,-325.0
lotto649,大樂透,2010-W39,train,trained_best_5,8,2,500.0,250.0,250.0,-250.0,-250.0
lotto649,大樂透,2010-W39,train,trained_blend,8,2,500.0,50.0,50.0,-450.0,-450.0
lotto649,大樂透,2010-W39,train,trained_family_ensemble,8,2,500.0,250.0,250.0,-250.0,-250.0
lotto649,大樂透,2010-W40,train,current_ensemble,8,2,500.0,150.0,150.0,-350.0,-350.0
lotto649,大樂透,2010-W40,train,random_5,8,2,500.0,50.0,50.0,-450.0,-450.0
lotto649,大樂透,2010-W40,train,trained_best_5,8,2,500.0,375.0,375.0,-125.0,-125.0
lotto649,大樂透,2010-W40,train,trained_blend,8,2,500.0,50.0,50.0,-450.0,-450.0
lotto649,大樂透,2010-W40,train,trained_family_ensemble,8,2,500.0,150.0,150.0,-350.0,-350.0
lotto649,大樂透,2010-W41,train,current_ensemble,8,2,500.0,225.0,225.0,-275.0,-275.0
lotto649,大樂透,2010-W41,train,random_5,8,2,500.0,325.0,325.0,-175.0,-175.0
lotto649,大樂透,2010-W41,train,trained_best_5,8,2,500.0,100.0,100.0,-400.0,-400.0
lotto649,大樂透,2010-W41,train,trained_blend,8,2,500.0,525.0,525.0,25.0,25.0
lotto649,大樂透,2010-W41,train,trained_family_ensemble,8,2,500.0,275.0,275.0,-225.0,-225.0
lotto649,大樂透,2010-W42,train,current_ensemble,8,2,500.0,275.0,275.0,-225.0,-225.0
lotto649,大樂透,2010-W42,train,random_5,8,2,500.0,50.0,50.0,-450.0,-450.0
lotto649,大樂透,2010-W42,train,trained_best_5,8,2,500.0,50.0,50.0,-450.0,-450.0
lotto649,大樂透,2010-W42,train,trained_blend,8,2,500.0,0.0,0.0,-500.0,-500.0
lotto649,大樂透,2010-W42,train,trained_family_ensemble,8,2,500.0,0.0,0.0,-500.0,-500.0
lotto649,大樂透,2010-W43,train,current_ensemble,8,2,500.0,100.0,100.0,-400.0,-400.0
lotto649,大樂透,2010-W43,train,random_5,8,2,500.0,50.0,50.0,-450.0,-450.0
lotto649,大樂透,2010-W43,train,trained_best_5,8,2,500.0,250.0,250.0,-250.0,-250.0
lotto649,大樂透,2010-W43,train,trained_blend,8,2,500.0,0.0,0.0,-500.0,-500.0
lotto649,大樂透,2010-W43,train,trained_family_ensemble,8,2,500.0,100.0,100.0,-400.0,-400.0
lotto649,大樂透,2010-W44,train,current_ensemble,8,2,500.0,100.0,100.0,-400.0,-400.0
lotto649,大樂透,2010-W44,train,random_5,8,2,500.0,50.0,50.0,-450.0,-450.0
lotto649,大樂透,2010-W44,train,trained_best_5,8,2,500.0,100.0,100.0,-400.0,-400.0
lotto649,大樂透,2010-W44,train,trained_blend,8,2,500.0,0.0,0.0,-500.0,-500.0
lotto649,大樂透,2010-W44,train,trained_family_ensemble,8,2,500.0,50.0,50.0,-450.0,-450.0
lotto649,大樂透,2010-W45,train,current_ensemble,8,2,500.0,0.0,0.0,-500.0,-500.0
lotto649,大樂透,2010-W45,train,random_5,8,2,500.0,50.0,50.0,-450.0,-450.0
lotto649,大樂透,2010-W45,train,trained_best_5,8,2,500.0,225.0,225.0,-275.0,-275.0
lotto649,大樂透,2010-W45,train,trained_blend,8,2,500.0,100.0,100.0,-400.0,-400.0
lotto649,大樂透,2010-W45,train,trained_family_ensemble,8,2,500.0,275.0,275.0,-225.0,-225.0
lotto649,大樂透,2010-W46,train,current_ensemble,8,2,500.0,100.0,100.0,-400.0,-400.0
lotto649,大樂透,2010-W46,train,random_5,8,2,500.0,50.0,50.0,-450.0,-450.0
lotto649,大樂透,2010-W46,train,trained_best_5,8,2,500.0,175.0,175.0,-325.0,-325.0
lotto649,大樂透,2010-W46,train,trained_blend,8,2,500.0,175.0,175.0,-325.0,-325.0
lotto649,大樂透,2010-W46,train,trained_family_ensemble,8,2,500.0,0.0,0.0,-500.0,-500.0
lotto649,大樂透,2010-W47,train,current_ensemble,8,2,500.0,150.0,150.0,-350.0,-350.0
lotto649,大樂透,2010-W47,train,random_5,8,2,500.0,150.0,150.0,-350.0,-350.0
lotto649,大樂透,2010-W47,train,trained_best_5,8,2,500.0,648.875,648.875,148.875,148.875
lotto649,大樂透,2010-W47,train,trained_blend,8,2,500.0,698.875,698.875,198.875,198.875
lotto649,大樂透,2010-W47,train,trained_family_ensemble,8,2,500.0,150.0,150.0,-350.0,-350.0
lotto649,大樂透,2010-W48,train,current_ensemble,8,2,500.0,100.0,100.0,-400.0,-400.0
lotto649,大樂透,2010-W48,train,random_5,8,2,500.0,200.0,200.0,-300.0,-300.0
lotto649,大樂透,2010-W48,train,trained_best_5,8,2,500.0,275.0,275.0,-225.0,-225.0
lotto649,大樂透,2010-W48,train,trained_blend,8,2,500.0,300.0,300.0,-200.0,-200.0
lotto649,大樂透,2010-W48,train,trained_family_ensemble,8,2,500.0,200.0,200.0,-300.0,-300.0
lotto649,大樂透,2010-W49,train,current_ensemble,8,2,500.0,50.0,50.0,-450.0,-450.0
lotto649,大樂透,2010-W49,train,random_5,8,2,500.0,200.0,200.0,-300.0,-300.0
lotto649,大樂透,2010-W49,train,trained_best_5,8,2,500.0,50.0,50.0,-450.0,-450.0
lotto649,大樂透,2010-W49,train,trained_blend,8,2,500.0,50.0,50.0,-450.0,-450.0
lotto649,大樂透,2010-W49,train,trained_family_ensemble,8,2,500.0,50.0,50.0,-450.0,-450.0
lotto649,大樂透,2010-W50,train,current_ensemble,8,2,500.0,561.125,561.125,61.125,61.125
lotto649,大樂透,2010-W50,train,random_5,8,2,500.0,511.125,511.125,11.125,11.125
lotto649,大樂透,2010-W50,train,trained_best_5,8,2,500.0,643.875,643.875,143.875,143.875
lotto649,大樂透,2010-W50,train,trained_blend,8,2,500.0,1322.25,1322.25,822.25,822.25
lotto649,大樂透,2010-W50,train,trained_family_ensemble,8,2,500.0,661.125,661.125,161.125,161.125
lotto649,大樂透,2010-W51,train,current_ensemble,8,2,500.0,175.0,175.0,-325.0,-325.0
lotto649,大樂透,2010-W51,train,random_5,8,2,500.0,225.0,225.0,-275.0,-275.0
lotto649,大樂透,2010-W51,train,trained_best_5,8,2,500.0,100.0,100.0,-400.0,-400.0
lotto649,大樂透,2010-W51,train,trained_blend,8,2,500.0,125.0,125.0,-375.0,-375.0
lotto649,大樂透,2010-W51,train,trained_family_ensemble,8,2,500.0,175.0,175.0,-325.0,-325.0
lotto649,大樂透,2010-W52,train,current_ensemble,8,2,500.0,250.0,250.0,-250.0,-250.0
lotto649,大樂透,2010-W52,train,random_5,8,2,500.0,200.0,200.0,-300.0,-300.0
lotto649,大樂透,2010-W52,train,trained_best_5,8,2,500.0,100.0,100.0,-400.0,-400.0
lotto649,大樂透,2010-W52,train,trained_blend,8,2,500.0,150.0,150.0,-350.0,-350.0
lotto649,大樂透,2010-W52,train,trained_family_ensemble,8,2,500.0,200.0,200.0,-300.0,-300.0
lotto649,大樂透,2011-W01,train,current_ensemble,8,2,500.0,100.0,100.0,-400.0,-400.0
lotto649,大樂透,2011-W01,train,random_5,8,2,500.0,0.0,0.0,-500.0,-500.0
lotto649,大樂透,2011-W01,train,trained_best_5,8,2,500.0,50.0,50.0,-450.0,-450.0
lotto649,大樂透,2011-W01,train,trained_blend,8,2,500.0,375.0,375.0,-125.0,-125.0
lotto649,大樂透,2011-W01,train,trained_family_ensemble,8,2,500.0,325.0,325.0,-175.0,-175.0
lotto649,大樂透,2011-W02,train,current_ensemble,8,2,500.0,50.0,50.0,-450.0,-450.0
lotto649,大樂透,2011-W02,train,random_5,8,2,500.0,200.0,200.0,-300.0,-300.0
lotto649,大樂透,2011-W02,train,trained_best_5,8,2,500.0,275.0,275.0,-225.0,-225.0
lotto649,大樂透,2011-W02,train,trained_blend,8,2,500.0,100.0,100.0,-400.0,-400.0
lotto649,大樂透,2011-W02,train,trained_family_ensemble,8,2,500.0,225.0,225.0,-275.0,-275.0
lotto649,大樂透,2011-W03,train,current_ensemble,8,2,500.0,300.0,300.0,-200.0,-200.0
lotto649,大樂透,2011-W03,train,random_5,8,2,500.0,200.0,200.0,-300.0,-300.0
lotto649,大樂透,2011-W03,train,trained_best_5,8,2,500.0,50.0,50.0,-450.0,-450.0
lotto649,大樂透,2011-W03,train,trained_blend,8,2,500.0,1525.0,1525.0,1025.0,1025.0
lotto649,大樂透,2011-W03,train,trained_family_ensemble,8,2,500.0,250.0,250.0,-250.0,-250.0
lotto649,大樂透,2011-W04,train,current_ensemble,8,2,500.0,50.0,50.0,-450.0,-450.0
lotto649,大樂透,2011-W04,train,random_5,8,2,500.0,225.0,225.0,-275.0,-275.0
lotto649,大樂透,2011-W04,train,trained_best_5,8,2,500.0,683.125,683.125,183.125,183.125
lotto649,大樂透,2011-W04,train,trained_blend,8,2,500.0,908.125,908.125,408.125,408.125
lotto649,大樂透,2011-W04,train,trained_family_ensemble,8,2,500.0,150.0,150.0,-350.0,-350.0
lotto649,大樂透,2011-W05,train,current_ensemble,8,2,500.0,0.0,0.0,-500.0,-500.0
lotto649,大樂透,2011-W05,train,random_5,8,2,500.0,250.0,250.0,-250.0,-250.0
lotto649,大樂透,2011-W05,train,trained_best_5,8,2,500.0,200.0,200.0,-300.0,-300.0
lotto649,大樂透,2011-W05,train,trained_blend,8,2,500.0,200.0,200.0,-300.0,-300.0
lotto649,大樂透,2011-W05,train,trained_family_ensemble,8,2,500.0,225.0,225.0,-275.0,-275.0
lotto649,大樂透,2011-W06,train,current_ensemble,8,2,500.0,150.0,150.0,-350.0,-350.0
lotto649,大樂透,2011-W06,train,random_5,8,2,500.0,300.0,300.0,-200.0,-200.0
lotto649,大樂透,2011-W06,train,trained_best_5,8,2,500.0,50.0,50.0,-450.0,-450.0
lotto649,大樂透,2011-W06,train,trained_blend,8,2,500.0,200.0,200.0,-300.0,-300.0
lotto649,大樂透,2011-W06,train,trained_family_ensemble,8,2,500.0,100.0,100.0,-400.0,-400.0
lotto649,大樂透,2011-W07,train,current_ensemble,8,2,500.0,0.0,0.0,-500.0,-500.0
lotto649,大樂透,2011-W07,train,random_5,8,2,500.0,100.0,100.0,-400.0,-400.0
lotto649,大樂透,2011-W07,train,trained_best_5,8,2,500.0,175.0,175.0,-325.0,-325.0
lotto649,大樂透,2011-W07,train,trained_blend,8,2,500.0,50.0,50.0,-450.0,-450.0
lotto649,大樂透,2011-W07,train,trained_family_ensemble,8,2,500.0,275.0,275.0,-225.0,-225.0
lotto649,大樂透,2011-W08,train,current_ensemble,8,2,500.0,275.0,275.0,-225.0,-225.0
lotto649,大樂透,2011-W08,train,random_5,8,2,500.0,150.0,150.0,-350.0,-350.0
lotto649,大樂透,2011-W08,train,trained_best_5,8,2,500.0,100.0,100.0,-400.0,-400.0
lotto649,大樂透,2011-W08,train,trained_blend,8,2,500.0,150.0,150.0,-350.0,-350.0
lotto649,大樂透,2011-W08,train,trained_family_ensemble,8,2,500.0,577.625,577.625,77.625,77.625
lotto649,大樂透,2011-W09,train,current_ensemble,8,2,500.0,565.375,565.375,65.375,65.375
lotto649,大樂透,2011-W09,train,random_5,8,2,500.0,200.0,200.0,-300.0,-300.0
lotto649,大樂透,2011-W09,train,trained_best_5,8,2,500.0,0.0,0.0,-500.0,-500.0
lotto649,大樂透,2011-W09,train,trained_blend,8,2,500.0,200.0,200.0,-300.0,-300.0
lotto649,大樂透,2011-W09,train,trained_family_ensemble,8,2,500.0,100.0,100.0,-400.0,-400.0
lotto649,大樂透,2011-W10,train,current_ensemble,8,2,500.0,225.0,225.0,-275.0,-275.0
lotto649,大樂透,2011-W10,train,random_5,8,2,500.0,275.0,275.0,-225.0,-225.0
lotto649,大樂透,2011-W10,train,trained_best_5,8,2,500.0,150.0,150.0,-350.0,-350.0
lotto649,大樂透,2011-W10,train,trained_blend,8,2,500.0,375.0,375.0,-125.0,-125.0
lotto649,大樂透,2011-W10,train,trained_family_ensemble,8,2,500.0,175.0,175.0,-325.0,-325.0
lotto649,大樂透,2011-W11,train,current_ensemble,8,2,500.0,100.0,100.0,-400.0,-400.0
lotto649,大樂透,2011-W11,train,random_5,8,2,500.0,100.0,100.0,-400.0,-400.0
lotto649,大樂透,2011-W11,train,trained_best_5,8,2,500.0,100.0,100.0,-400.0,-400.0
lotto649,大樂透,2011-W11,train,trained_blend,8,2,500.0,625.0,625.0,125.0,125.0
lotto649,大樂透,2011-W11,train,trained_family_ensemble,8,2,500.0,575.0,575.0,75.0,75.0
lotto649,大樂透,2011-W12,train,current_ensemble,8,2,500.0,200.0,200.0,-300.0,-300.0
lotto649,大樂透,2011-W12,train,random_5,8,2,500.0,275.0,275.0,-225.0,-225.0
lotto649,大樂透,2011-W12,train,trained_best_5,8,2,500.0,50.0,50.0,-450.0,-450.0
lotto649,大樂透,2011-W12,train,trained_blend,8,2,500.0,0.0,0.0,-500.0,-500.0
lotto649,大樂透,2011-W12,train,trained_family_ensemble,8,2,500.0,150.0,150.0,-350.0,-350.0
lotto649,大樂透,2011-W13,train,current_ensemble,8,2,500.0,100.0,100.0,-400.0,-400.0
lotto649,大樂透,2011-W13,train,random_5,8,2,500.0,513.375,513.375,13.375,13.375
lotto649,大樂透,2011-W13,train,trained_best_5,8,2,500.0,50.0,50.0,-450.0,-450.0
lotto649,大樂透,2011-W13,train,trained_blend,8,2,500.0,100.0,100.0,-400.0,-400.0
lotto649,大樂透,2011-W13,train,trained_family_ensemble,8,2,500.0,50.0,50.0,-450.0,-450.0
lotto649,大樂透,2011-W14,train,current_ensemble,8,2,500.0,100.0,100.0,-400.0,-400.0
lotto649,大樂透,2011-W14,train,random_5,8,2,500.0,325.0,325.0,-175.0,-175.0
lotto649,大樂透,2011-W14,train,trained_best_5,8,2,500.0,566.75,566.75,66.75,66.75
lotto649,大樂透,2011-W14,train,trained_blend,8,2,500.0,50.0,50.0,-450.0,-450.0
lotto649,大樂透,2011-W14,train,trained_family_ensemble,8,2,500.0,50.0,50.0,-450.0,-450.0
lotto649,大樂透,2011-W15,train,current_ensemble,8,2,500.0,100.0,100.0,-400.0,-400.0
lotto649,大樂透,2011-W15,train,random_5,8,2,500.0,50.0,50.0,-450.0,-450.0
lotto649,大樂透,2011-W15,train,trained_best_5,8,2,500.0,150.0,150.0,-350.0,-350.0
lotto649,大樂透,2011-W15,train,trained_blend,8,2,500.0,100.0,100.0,-400.0,-400.0
lotto649,大樂透,2011-W15,train,trained_family_ensemble,8,2,500.0,150.0,150.0,-350.0,-350.0
lotto649,大樂透,2011-W16,train,current_ensemble,8,2,500.0,50.0,50.0,-450.0,-450.0
lotto649,大樂透,2011-W16,train,random_5,8,2,500.0,200.0,200.0,-300.0,-300.0
lotto649,大樂透,2011-W16,train,trained_best_5,8,2,500.0,350.0,350.0,-150.0,-150.0
lotto649,大樂透,2011-W16,train,trained_blend,8,2,500.0,150.0,150.0,-350.0,-350.0
lotto649,大樂透,2011-W16,train,trained_family_ensemble,8,2,500.0,50.0,50.0,-450.0,-450.0
lotto649,大樂透,2011-W17,train,current_ensemble,8,2,500.0,100.0,100.0,-400.0,-400.0
lotto649,大樂透,2011-W17,train,random_5,8,2,500.0,200.0,200.0,-300.0,-300.0
lotto649,大樂透,2011-W17,train,trained_best_5,8,2,500.0,100.0,100.0,-400.0,-400.0
lotto649,大樂透,2011-W17,train,trained_blend,8,2,500.0,150.0,150.0,-350.0,-350.0
lotto649,大樂透,2011-W17,train,trained_family_ensemble,8,2,500.0,200.0,200.0,-300.0,-300.0
lotto649,大樂透,2011-W18,train,current_ensemble,8,2,500.0,100.0,100.0,-400.0,-400.0
lotto649,大樂透,2011-W18,train,random_5,8,2,500.0,50.0,50.0,-450.0,-450.0
lotto649,大樂透,2011-W18,train,trained_best_5,8,2,500.0,275.0,275.0,-225.0,-225.0
lotto649,大樂透,2011-W18,train,trained_blend,8,2,500.0,100.0,100.0,-400.0,-400.0
lotto649,大樂透,2011-W18,train,trained_family_ensemble,8,2,500.0,125.0,125.0,-375.0,-375.0
lotto649,大樂透,2011-W19,train,current_ensemble,8,2,500.0,225.0,225.0,-275.0,-275.0
lotto649,大樂透,2011-W19,train,random_5,8,2,500.0,100.0,100.0,-400.0,-400.0
lotto649,大樂透,2011-W19,train,trained_best_5,8,2,500.0,50.0,50.0,-450.0,-450.0
lotto649,大樂透,2011-W19,train,trained_blend,8,2,500.0,50.0,50.0,-450.0,-450.0
lotto649,大樂透,2011-W19,train,trained_family_ensemble,8,2,500.0,50.0,50.0,-450.0,-450.0
lotto649,大樂透,2011-W20,train,current_ensemble,8,2,500.0,250.0,250.0,-250.0,-250.0
lotto649,大樂透,2011-W20,train,random_5,8,2,500.0,150.0,150.0,-350.0,-350.0
lotto649,大樂透,2011-W20,train,trained_best_5,8,2,500.0,150.0,150.0,-350.0,-350.0
lotto649,大樂透,2011-W20,train,trained_blend,8,2,500.0,200.0,200.0,-300.0,-300.0
lotto649,大樂透,2011-W20,train,trained_family_ensemble,8,2,500.0,150.0,150.0,-350.0,-350.0
lotto649,大樂透,2011-W21,train,current_ensemble,8,2,500.0,50.0,50.0,-450.0,-450.0
lotto649,大樂透,2011-W21,train,random_5,8,2,500.0,100.0,100.0,-400.0,-400.0
lotto649,大樂透,2011-W21,train,trained_best_5,8,2,500.0,50.0,50.0,-450.0,-450.0
lotto649,大樂透,2011-W21,train,trained_blend,8,2,500.0,50.0,50.0,-450.0,-450.0
lotto649,大樂透,2011-W21,train,trained_family_ensemble,8,2,500.0,50.0,50.0,-450.0,-450.0
lotto649,大樂透,2011-W22,train,current_ensemble,8,2,500.0,150.0,150.0,-350.0,-350.0
lotto649,大樂透,2011-W22,train,random_5,8,2,500.0,100.0,100.0,-400.0,-400.0
lotto649,大樂透,2011-W22,train,trained_best_5,8,2,500.0,100.0,100.0,-400.0,-400.0
lotto649,大樂透,2011-W22,train,trained_blend,8,2,500.0,150.0,150.0,-350.0,-350.0
lotto649,大樂透,2011-W22,train,trained_family_ensemble,8,2,500.0,150.0,150.0,-350.0,-350.0
lotto649,大樂透,2011-W23,train,current_ensemble,8,2,500.0,200.0,200.0,-300.0,-300.0
lotto649,大樂透,2011-W23,train,random_5,8,2,500.0,150.0,150.0,-350.0,-350.0
lotto649,大樂透,2011-W23,train,trained_best_5,8,2,500.0,100.0,100.0,-400.0,-400.0
lotto649,大樂透,2011-W23,train,trained_blend,8,2,500.0,325.0,325.0,-175.0,-175.0
lotto649,大樂透,2011-W23,train,trained_family_ensemble,8,2,500.0,50.0,50.0,-450.0,-450.0
lotto649,大樂透,2011-W24,train,current_ensemble,8,2,500.0,0.0,0.0,-500.0,-500.0
lotto649,大樂透,2011-W24,train,random_5,8,2,500.0,100.0,100.0,-400.0,-400.0
lotto649,大樂透,2011-W24,train,trained_best_5,8,2,500.0,100.0,100.0,-400.0,-400.0
lotto649,大樂透,2011-W24,train,trained_blend,8,2,500.0,50.0,50.0,-450.0,-450.0
lotto649,大樂透,2011-W24,train,trained_family_ensemble,8,2,500.0,150.0,150.0,-350.0,-350.0
lotto649,大樂透,2011-W25,train,current_ensemble,8,2,500.0,559.5,559.5,59.5,59.5
lotto649,大樂透,2011-W25,train,random_5,8,2,500.0,150.0,150.0,-350.0,-350.0
lotto649,大樂透,2011-W25,train,trained_best_5,8,2,500.0,375.0,375.0,-125.0,-125.0
lotto649,大樂透,2011-W25,train,trained_blend,8,2,500.0,150.0,150.0,-350.0,-350.0
lotto649,大樂透,2011-W25,train,trained_family_ensemble,8,2,500.0,150.0,150.0,-350.0,-350.0
lotto649,大樂透,2011-W26,train,current_ensemble,8,2,500.0,50.0,50.0,-450.0,-450.0
lotto649,大樂透,2011-W26,train,random_5,8,2,500.0,225.0,225.0,-275.0,-275.0
lotto649,大樂透,2011-W26,train,trained_best_5,8,2,500.0,200.0,200.0,-300.0,-300.0
lotto649,大樂透,2011-W26,train,trained_blend,8,2,500.0,275.0,275.0,-225.0,-225.0
lotto649,大樂透,2011-W26,train,trained_family_ensemble,8,2,500.0,50.0,50.0,-450.0,-450.0
lotto649,大樂透,2011-W27,train,current_ensemble,8,2,500.0,50.0,50.0,-450.0,-450.0
lotto649,大樂透,2011-W27,train,random_5,8,2,500.0,50.0,50.0,-450.0,-450.0
lotto649,大樂透,2011-W27,train,trained_best_5,8,2,500.0,0.0,0.0,-500.0,-500.0
lotto649,大樂透,2011-W27,train,trained_blend,8,2,500.0,100.0,100.0,-400.0,-400.0
lotto649,大樂透,2011-W27,train,trained_family_ensemble,8,2,500.0,50.0,50.0,-450.0,-450.0
lotto649,大樂透,2011-W28,train,current_ensemble,8,2,500.0,150.0,150.0,-350.0,-350.0
lotto649,大樂透,2011-W28,train,random_5,8,2,500.0,50.0,50.0,-450.0,-450.0
lotto649,大樂透,2011-W28,train,trained_best_5,8,2,500.0,225.0,225.0,-275.0,-275.0
lotto649,大樂透,2011-W28,train,trained_blend,8,2,500.0,50.0,50.0,-450.0,-450.0
lotto649,大樂透,2011-W28,train,trained_family_ensemble,8,2,500.0,150.0,150.0,-350.0,-350.0
lotto649,大樂透,2011-W29,train,current_ensemble,8,2,500.0,100.0,100.0,-400.0,-400.0
lotto649,大樂透,2011-W29,train,random_5,8,2,500.0,0.0,0.0,-500.0,-500.0
lotto649,大樂透,2011-W29,train,trained_best_5,8,2,500.0,150.0,150.0,-350.0,-350.0
lotto649,大樂透,2011-W29,train,trained_blend,8,2,500.0,150.0,150.0,-350.0,-350.0
lotto649,大樂透,2011-W29,train,trained_family_ensemble,8,2,500.0,150.0,150.0,-350.0,-350.0
lotto649,大樂透,2011-W30,train,current_ensemble,8,2,500.0,250.0,250.0,-250.0,-250.0
lotto649,大樂透,2011-W30,train,random_5,8,2,500.0,0.0,0.0,-500.0,-500.0
lotto649,大樂透,2011-W30,train,trained_best_5,8,2,500.0,200.0,200.0,-300.0,-300.0
lotto649,大樂透,2011-W30,train,trained_blend,8,2,500.0,100.0,100.0,-400.0,-400.0
lotto649,大樂透,2011-W30,train,trained_family_ensemble,8,2,500.0,100.0,100.0,-400.0,-400.0
lotto649,大樂透,2011-W31,train,current_ensemble,8,2,500.0,150.0,150.0,-350.0,-350.0
lotto649,大樂透,2011-W31,train,random_5,8,2,500.0,100.0,100.0,-400.0,-400.0
lotto649,大樂透,2011-W31,train,trained_best_5,8,2,500.0,200.0,200.0,-300.0,-300.0
lotto649,大樂透,2011-W31,train,trained_blend,8,2,500.0,150.0,150.0,-350.0,-350.0
lotto649,大樂透,2011-W31,train,trained_family_ensemble,8,2,500.0,100.0,100.0,-400.0,-400.0
lotto649,大樂透,2011-W32,train,current_ensemble,8,2,500.0,100.0,100.0,-400.0,-400.0
lotto649,大樂透,2011-W32,train,random_5,8,2,500.0,150.0,150.0,-350.0,-350.0
lotto649,大樂透,2011-W32,train,trained_best_5,8,2,500.0,250.0,250.0,-250.0,-250.0
lotto649,大樂透,2011-W32,train,trained_blend,8,2,500.0,200.0,200.0,-300.0,-300.0
lotto649,大樂透,2011-W32,train,trained_family_ensemble,8,2,500.0,100.0,100.0,-400.0,-400.0
lotto649,大樂透,2011-W33,train,current_ensemble,8,2,500.0,50.0,50.0,-450.0,-450.0
lotto649,大樂透,2011-W33,train,random_5,8,2,500.0,0.0,0.0,-500.0,-500.0
lotto649,大樂透,2011-W33,train,trained_best_5,8,2,500.0,100.0,100.0,-400.0,-400.0
lotto649,大樂透,2011-W33,train,trained_blend,8,2,500.0,0.0,0.0,-500.0,-500.0
lotto649,大樂透,2011-W33,train,trained_family_ensemble,8,2,500.0,50.0,50.0,-450.0,-450.0
lotto649,大樂透,2011-W34,train,current_ensemble,8,2,500.0,200.0,200.0,-300.0,-300.0
lotto649,大樂透,2011-W34,train,random_5,8,2,500.0,50.0,50.0,-450.0,-450.0
lotto649,大樂透,2011-W34,train,trained_best_5,8,2,500.0,100.0,100.0,-400.0,-400.0
lotto649,大樂透,2011-W34,train,trained_blend,8,2,500.0,50.0,50.0,-450.0,-450.0
lotto649,大樂透,2011-W34,train,trained_family_ensemble,8,2,500.0,50.0,50.0,-450.0,-450.0
lotto649,大樂透,2011-W35,train,current_ensemble,8,2,500.0,100.0,100.0,-400.0,-400.0
lotto649,大樂透,2011-W35,train,random_5,8,2,500.0,0.0,0.0,-500.0,-500.0
lotto649,大樂透,2011-W35,train,trained_best_5,8,2,500.0,200.0,200.0,-300.0,-300.0
lotto649,大樂透,2011-W35,train,trained_blend,8,2,500.0,100.0,100.0,-400.0,-400.0
lotto649,大樂透,2011-W35,train,trained_family_ensemble,8,2,500.0,50.0,50.0,-450.0,-450.0
lotto649,大樂透,2011-W36,train,current_ensemble,8,2,500.0,200.0,200.0,-300.0,-300.0
lotto649,大樂透,2011-W36,train,random_5,8,2,500.0,300.0,300.0,-200.0,-200.0
lotto649,大樂透,2011-W36,train,trained_best_5,8,2,500.0,100.0,100.0,-400.0,-400.0
lotto649,大樂透,2011-W36,train,trained_blend,8,2,500.0,250.0,250.0,-250.0,-250.0
lotto649,大樂透,2011-W36,train,trained_family_ensemble,8,2,500.0,200.0,200.0,-300.0,-300.0
lotto649,大樂透,2011-W37,train,current_ensemble,8,2,500.0,100.0,100.0,-400.0,-400.0
lotto649,大樂透,2011-W37,train,random_5,8,2,500.0,100.0,100.0,-400.0,-400.0
lotto649,大樂透,2011-W37,train,trained_best_5,8,2,500.0,645.125,645.125,145.125,145.125
lotto649,大樂透,2011-W37,train,trained_blend,8,2,500.0,50.0,50.0,-450.0,-450.0
lotto649,大樂透,2011-W37,train,trained_family_ensemble,8,2,500.0,150.0,150.0,-350.0,-350.0
lotto649,大樂透,2011-W38,train,current_ensemble,8,2,500.0,100.0,100.0,-400.0,-400.0
lotto649,大樂透,2011-W38,train,random_5,8,2,500.0,50.0,50.0,-450.0,-450.0
lotto649,大樂透,2011-W38,train,trained_best_5,8,2,500.0,150.0,150.0,-350.0,-350.0
lotto649,大樂透,2011-W38,train,trained_blend,8,2,500.0,250.0,250.0,-250.0,-250.0
lotto649,大樂透,2011-W38,train,trained_family_ensemble,8,2,500.0,250.0,250.0,-250.0,-250.0
lotto649,大樂透,2011-W39,train,current_ensemble,8,2,500.0,200.0,200.0,-300.0,-300.0
lotto649,大樂透,2011-W39,train,random_5,8,2,500.0,150.0,150.0,-350.0,-350.0
lotto649,大樂透,2011-W39,train,trained_best_5,8,2,500.0,100.0,100.0,-400.0,-400.0
lotto649,大樂透,2011-W39,train,trained_blend,8,2,500.0,50.0,50.0,-450.0,-450.0
lotto649,大樂透,2011-W39,train,trained_family_ensemble,8,2,500.0,150.0,150.0,-350.0,-350.0
lotto649,大樂透,2011-W40,train,current_ensemble,8,2,500.0,100.0,100.0,-400.0,-400.0
lotto649,大樂透,2011-W40,train,random_5,8,2,500.0,50.0,50.0,-450.0,-450.0
lotto649,大樂透,2011-W40,train,trained_best_5,8,2,500.0,100.0,100.0,-400.0,-400.0
lotto649,大樂透,2011-W40,train,trained_blend,8,2,500.0,50.0,50.0,-450.0,-450.0
lotto649,大樂透,2011-W40,train,trained_family_ensemble,8,2,500.0,50.0,50.0,-450.0,-450.0
lotto649,大樂透,2011-W41,train,current_ensemble,8,2,500.0,50.0,50.0,-450.0,-450.0
lotto649,大樂透,2011-W41,train,random_5,8,2,500.0,0.0,0.0,-500.0,-500.0
lotto649,大樂透,2011-W41,train,trained_best_5,8,2,500.0,50.0,50.0,-450.0,-450.0
lotto649,大樂透,2011-W41,train,trained_blend,8,2,500.0,200.0,200.0,-300.0,-300.0
lotto649,大樂透,2011-W41,train,trained_family_ensemble,8,2,500.0,200.0,200.0,-300.0,-300.0
lotto649,大樂透,2011-W42,train,current_ensemble,8,2,500.0,606.0,606.0,106.0,106.0
lotto649,大樂透,2011-W42,train,random_5,8,2,500.0,100.0,100.0,-400.0,-400.0
lotto649,大樂透,2011-W42,train,trained_best_5,8,2,500.0,150.0,150.0,-350.0,-350.0
lotto649,大樂透,2011-W42,train,trained_blend,8,2,500.0,806.0,806.0,306.0,306.0
lotto649,大樂透,2011-W42,train,trained_family_ensemble,8,2,500.0,656.0,656.0,156.0,156.0
lotto649,大樂透,2011-W43,train,current_ensemble,8,2,500.0,50.0,50.0,-450.0,-450.0
lotto649,大樂透,2011-W43,train,random_5,8,2,500.0,0.0,0.0,-500.0,-500.0
lotto649,大樂透,2011-W43,train,trained_best_5,8,2,500.0,325.0,325.0,-175.0,-175.0
lotto649,大樂透,2011-W43,train,trained_blend,8,2,500.0,150.0,150.0,-350.0,-350.0
lotto649,大樂透,2011-W43,train,trained_family_ensemble,8,2,500.0,250.0,250.0,-250.0,-250.0
lotto649,大樂透,2011-W44,train,current_ensemble,8,2,500.0,50.0,50.0,-450.0,-450.0
lotto649,大樂透,2011-W44,train,random_5,8,2,500.0,100.0,100.0,-400.0,-400.0
lotto649,大樂透,2011-W44,train,trained_best_5,8,2,500.0,50.0,50.0,-450.0,-450.0
lotto649,大樂透,2011-W44,train,trained_blend,8,2,500.0,150.0,150.0,-350.0,-350.0
lotto649,大樂透,2011-W44,train,trained_family_ensemble,8,2,500.0,100.0,100.0,-400.0,-400.0
lotto649,大樂透,2011-W45,train,current_ensemble,8,2,500.0,150.0,150.0,-350.0,-350.0
lotto649,大樂透,2011-W45,train,random_5,8,2,500.0,100.0,100.0,-400.0,-400.0
lotto649,大樂透,2011-W45,train,trained_best_5,8,2,500.0,200.0,200.0,-300.0,-300.0
lotto649,大樂透,2011-W45,train,trained_blend,8,2,500.0,100.0,100.0,-400.0,-400.0
lotto649,大樂透,2011-W45,train,trained_family_ensemble,8,2,500.0,100.0,100.0,-400.0,-400.0
lotto649,大樂透,2011-W46,train,current_ensemble,8,2,500.0,175.0,175.0,-325.0,-325.0
lotto649,大樂透,2011-W46,train,random_5,8,2,500.0,200.0,200.0,-300.0,-300.0
lotto649,大樂透,2011-W46,train,trained_best_5,8,2,500.0,100.0,100.0,-400.0,-400.0
lotto649,大樂透,2011-W46,train,trained_blend,8,2,500.0,200.0,200.0,-300.0,-300.0
lotto649,大樂透,2011-W46,train,trained_family_ensemble,8,2,500.0,50.0,50.0,-450.0,-450.0
lotto649,大樂透,2011-W47,train,current_ensemble,8,2,500.0,100.0,100.0,-400.0,-400.0
lotto649,大樂透,2011-W47,train,random_5,8,2,500.0,100.0,100.0,-400.0,-400.0
lotto649,大樂透,2011-W47,train,trained_best_5,8,2,500.0,150.0,150.0,-350.0,-350.0
lotto649,大樂透,2011-W47,train,trained_blend,8,2,500.0,0.0,0.0,-500.0,-500.0
lotto649,大樂透,2011-W47,train,trained_family_ensemble,8,2,500.0,50.0,50.0,-450.0,-450.0
lotto649,大樂透,2011-W48,train,current_ensemble,8,2,500.0,50.0,50.0,-450.0,-450.0
lotto649,大樂透,2011-W48,train,random_5,8,2,500.0,100.0,100.0,-400.0,-400.0
lotto649,大樂透,2011-W48,train,trained_best_5,8,2,500.0,50.0,50.0,-450.0,-450.0
lotto649,大樂透,2011-W48,train,trained_blend,8,2,500.0,100.0,100.0,-400.0,-400.0
lotto649,大樂透,2011-W48,train,trained_family_ensemble,8,2,500.0,100.0,100.0,-400.0,-400.0
lotto649,大樂透,2011-W49,train,current_ensemble,8,2,500.0,100.0,100.0,-400.0,-400.0
lotto649,大樂透,2011-W49,train,random_5,8,2,500.0,100.0,100.0,-400.0,-400.0
lotto649,大樂透,2011-W49,train,trained_best_5,8,2,500.0,100.0,100.0,-400.0,-400.0
lotto649,大樂透,2011-W49,train,trained_blend,8,2,500.0,50.0,50.0,-450.0,-450.0
lotto649,大樂透,2011-W49,train,trained_family_ensemble,8,2,500.0,0.0,0.0,-500.0,-500.0
lotto649,大樂透,2011-W50,train,current_ensemble,8,2,500.0,150.0,150.0,-350.0,-350.0
lotto649,大樂透,2011-W50,train,random_5,8,2,500.0,250.0,250.0,-250.0,-250.0
lotto649,大樂透,2011-W50,train,trained_best_5,8,2,500.0,100.0,100.0,-400.0,-400.0
lotto649,大樂透,2011-W50,train,trained_blend,8,2,500.0,50.0,50.0,-450.0,-450.0
lotto649,大樂透,2011-W50,train,trained_family_ensemble,8,2,500.0,100.0,100.0,-400.0,-400.0
lotto649,大樂透,2011-W51,train,current_ensemble,8,2,500.0,549.25,549.25,49.25,49.25
lotto649,大樂透,2011-W51,train,random_5,8,2,500.0,100.0,100.0,-400.0,-400.0
lotto649,大樂透,2011-W51,train,trained_best_5,8,2,500.0,50.0,50.0,-450.0,-450.0
lotto649,大樂透,2011-W51,train,trained_blend,8,2,500.0,200.0,200.0,-300.0,-300.0
lotto649,大樂透,2011-W51,train,trained_family_ensemble,8,2,500.0,200.0,200.0,-300.0,-300.0
lotto649,大樂透,2011-W52,train,current_ensemble,8,2,500.0,100.0,100.0,-400.0,-400.0
lotto649,大樂透,2011-W52,train,random_5,8,2,500.0,50.0,50.0,-450.0,-450.0
lotto649,大樂透,2011-W52,train,trained_best_5,8,2,500.0,100.0,100.0,-400.0,-400.0
lotto649,大樂透,2011-W52,train,trained_blend,8,2,500.0,100.0,100.0,-400.0,-400.0
lotto649,大樂透,2011-W52,train,trained_family_ensemble,8,2,500.0,100.0,100.0,-400.0,-400.0
lotto649,大樂透,2012-W01,train,current_ensemble,8,2,500.0,150.0,150.0,-350.0,-350.0
lotto649,大樂透,2012-W01,train,random_5,8,2,500.0,0.0,0.0,-500.0,-500.0
lotto649,大樂透,2012-W01,train,trained_best_5,8,2,500.0,325.0,325.0,-175.0,-175.0
lotto649,大樂透,2012-W01,train,trained_blend,8,2,500.0,50.0,50.0,-450.0,-450.0
lotto649,大樂透,2012-W01,train,trained_family_ensemble,8,2,500.0,150.0,150.0,-350.0,-350.0
lotto649,大樂透,2012-W02,train,current_ensemble,8,2,500.0,50.0,50.0,-450.0,-450.0
lotto649,大樂透,2012-W02,train,random_5,8,2,500.0,150.0,150.0,-350.0,-350.0
lotto649,大樂透,2012-W02,train,trained_best_5,8,2,500.0,100.0,100.0,-400.0,-400.0
lotto649,大樂透,2012-W02,train,trained_blend,8,2,500.0,200.0,200.0,-300.0,-300.0
lotto649,大樂透,2012-W02,train,trained_family_ensemble,8,2,500.0,150.0,150.0,-350.0,-350.0
lotto649,大樂透,2012-W03,train,current_ensemble,8,2,500.0,585.625,585.625,85.625,85.625
lotto649,大樂透,2012-W03,train,random_5,8,2,500.0,100.0,100.0,-400.0,-400.0
lotto649,大樂透,2012-W03,train,trained_best_5,8,2,500.0,100.0,100.0,-400.0,-400.0
lotto649,大樂透,2012-W03,train,trained_blend,8,2,500.0,50.0,50.0,-450.0,-450.0
lotto649,大樂透,2012-W03,train,trained_family_ensemble,8,2,500.0,50.0,50.0,-450.0,-450.0
lotto649,大樂透,2012-W04,train,current_ensemble,8,2,500.0,200.0,200.0,-300.0,-300.0
lotto649,大樂透,2012-W04,train,random_5,8,2,500.0,250.0,250.0,-250.0,-250.0
lotto649,大樂透,2012-W04,train,trained_best_5,8,2,500.0,0.0,0.0,-500.0,-500.0
lotto649,大樂透,2012-W04,train,trained_blend,8,2,500.0,150.0,150.0,-350.0,-350.0
lotto649,大樂透,2012-W04,train,trained_family_ensemble,8,2,500.0,100.0,100.0,-400.0,-400.0
lotto649,大樂透,2012-W05,train,current_ensemble,8,2,500.0,100.0,100.0,-400.0,-400.0
lotto649,大樂透,2012-W05,train,random_5,8,2,500.0,553.625,553.625,53.625,53.625
lotto649,大樂透,2012-W05,train,trained_best_5,8,2,500.0,0.0,0.0,-500.0,-500.0
lotto649,大樂透,2012-W05,train,trained_blend,8,2,500.0,150.0,150.0,-350.0,-350.0
lotto649,大樂透,2012-W05,train,trained_family_ensemble,8,2,500.0,150.0,150.0,-350.0,-350.0
lotto649,大樂透,2012-W06,train,current_ensemble,8,2,500.0,250.0,250.0,-250.0,-250.0
lotto649,大樂透,2012-W06,train,random_5,8,2,500.0,300.0,300.0,-200.0,-200.0
lotto649,大樂透,2012-W06,train,trained_best_5,8,2,500.0,0.0,0.0,-500.0,-500.0
lotto649,大樂透,2012-W06,train,trained_blend,8,2,500.0,150.0,150.0,-350.0,-350.0
lotto649,大樂透,2012-W06,train,trained_family_ensemble,8,2,500.0,100.0,100.0,-400.0,-400.0
lotto649,大樂透,2012-W07,train,current_ensemble,8,2,500.0,50.0,50.0,-450.0,-450.0
lotto649,大樂透,2012-W07,train,random_5,8,2,500.0,50.0,50.0,-450.0,-450.0
lotto649,大樂透,2012-W07,train,trained_best_5,8,2,500.0,0.0,0.0,-500.0,-500.0
lotto649,大樂透,2012-W07,train,trained_blend,8,2,500.0,50.0,50.0,-450.0,-450.0
lotto649,大樂透,2012-W07,train,trained_family_ensemble,8,2,500.0,100.0,100.0,-400.0,-400.0
lotto649,大樂透,2012-W08,train,current_ensemble,8,2,500.0,100.0,100.0,-400.0,-400.0
lotto649,大樂透,2012-W08,train,random_5,8,2,500.0,728.375,728.375,228.375,228.375
lotto649,大樂透,2012-W08,train,trained_best_5,8,2,500.0,728.375,728.375,228.375,228.375
lotto649,大樂透,2012-W08,train,trained_blend,8,2,500.0,728.375,728.375,228.375,228.375
lotto649,大樂透,2012-W08,train,trained_family_ensemble,8,2,500.0,100.0,100.0,-400.0,-400.0
lotto649,大樂透,2012-W09,train,current_ensemble,8,2,500.0,50.0,50.0,-450.0,-450.0
lotto649,大樂透,2012-W09,train,random_5,8,2,500.0,745.875,745.875,245.875,245.875
lotto649,大樂透,2012-W09,train,trained_best_5,8,2,500.0,275.0,275.0,-225.0,-225.0
lotto649,大樂透,2012-W09,train,trained_blend,8,2,500.0,375.0,375.0,-125.0,-125.0
lotto649,大樂透,2012-W09,train,trained_family_ensemble,8,2,500.0,100.0,100.0,-400.0,-400.0
lotto649,大樂透,2012-W10,train,current_ensemble,8,2,500.0,250.0,250.0,-250.0,-250.0
lotto649,大樂透,2012-W10,train,random_5,8,2,500.0,100.0,100.0,-400.0,-400.0
lotto649,大樂透,2012-W10,train,trained_best_5,8,2,500.0,150.0,150.0,-350.0,-350.0
lotto649,大樂透,2012-W10,train,trained_blend,8,2,500.0,150.0,150.0,-350.0,-350.0
lotto649,大樂透,2012-W10,train,trained_family_ensemble,8,2,500.0,250.0,250.0,-250.0,-250.0
lotto649,大樂透,2012-W11,train,current_ensemble,8,2,500.0,150.0,150.0,-350.0,-350.0
lotto649,大樂透,2012-W11,train,random_5,8,2,500.0,150.0,150.0,-350.0,-350.0
lotto649,大樂透,2012-W11,train,trained_best_5,8,2,500.0,50.0,50.0,-450.0,-450.0
lotto649,大樂透,2012-W11,train,trained_blend,8,2,500.0,250.0,250.0,-250.0,-250.0
lotto649,大樂透,2012-W11,train,trained_family_ensemble,8,2,500.0,200.0,200.0,-300.0,-300.0
lotto649,大樂透,2012-W12,train,current_ensemble,8,2,500.0,200.0,200.0,-300.0,-300.0
lotto649,大樂透,2012-W12,train,random_5,8,2,500.0,175.0,175.0,-325.0,-325.0
lotto649,大樂透,2012-W12,train,trained_best_5,8,2,500.0,50.0,50.0,-450.0,-450.0
lotto649,大樂透,2012-W12,train,trained_blend,8,2,500.0,50.0,50.0,-450.0,-450.0
lotto649,大樂透,2012-W12,train,trained_family_ensemble,8,2,500.0,200.0,200.0,-300.0,-300.0
lotto649,大樂透,2012-W13,train,current_ensemble,8,2,500.0,544.75,544.75,44.75,44.75
lotto649,大樂透,2012-W13,train,random_5,8,2,500.0,100.0,100.0,-400.0,-400.0
lotto649,大樂透,2012-W13,train,trained_best_5,8,2,500.0,50.0,50.0,-450.0,-450.0
lotto649,大樂透,2012-W13,train,trained_blend,8,2,500.0,819.75,819.75,319.75,319.75
lotto649,大樂透,2012-W13,train,trained_family_ensemble,8,2,500.0,544.75,544.75,44.75,44.75
lotto649,大樂透,2012-W14,train,current_ensemble,8,2,500.0,200.0,200.0,-300.0,-300.0
lotto649,大樂透,2012-W14,train,random_5,8,2,500.0,175.0,175.0,-325.0,-325.0
lotto649,大樂透,2012-W14,train,trained_best_5,8,2,500.0,50.0,50.0,-450.0,-450.0
lotto649,大樂透,2012-W14,train,trained_blend,8,2,500.0,175.0,175.0,-325.0,-325.0
lotto649,大樂透,2012-W14,train,trained_family_ensemble,8,2,500.0,100.0,100.0,-400.0,-400.0
lotto649,大樂透,2012-W15,train,current_ensemble,8,2,500.0,50.0,50.0,-450.0,-450.0
lotto649,大樂透,2012-W15,train,random_5,8,2,500.0,50.0,50.0,-450.0,-450.0
lotto649,大樂透,2012-W15,train,trained_best_5,8,2,500.0,0.0,0.0,-500.0,-500.0
lotto649,大樂透,2012-W15,train,trained_blend,8,2,500.0,50.0,50.0,-450.0,-450.0
lotto649,大樂透,2012-W15,train,trained_family_ensemble,8,2,500.0,100.0,100.0,-400.0,-400.0
lotto649,大樂透,2012-W16,train,current_ensemble,8,2,500.0,100.0,100.0,-400.0,-400.0
lotto649,大樂透,2012-W16,train,random_5,8,2,500.0,0.0,0.0,-500.0,-500.0
lotto649,大樂透,2012-W16,train,trained_best_5,8,2,500.0,50.0,50.0,-450.0,-450.0
lotto649,大樂透,2012-W16,train,trained_blend,8,2,500.0,100.0,100.0,-400.0,-400.0
lotto649,大樂透,2012-W16,train,trained_family_ensemble,8,2,500.0,50.0,50.0,-450.0,-450.0
lotto649,大樂透,2012-W17,train,current_ensemble,8,2,500.0,0.0,0.0,-500.0,-500.0
lotto649,大樂透,2012-W17,train,random_5,8,2,500.0,100.0,100.0,-400.0,-400.0
lotto649,大樂透,2012-W17,train,trained_best_5,8,2,500.0,200.0,200.0,-300.0,-300.0
lotto649,大樂透,2012-W17,train,trained_blend,8,2,500.0,50.0,50.0,-450.0,-450.0
lotto649,大樂透,2012-W17,train,trained_family_ensemble,8,2,500.0,0.0,0.0,-500.0,-500.0
lotto649,大樂透,2012-W18,train,current_ensemble,8,2,500.0,225.0,225.0,-275.0,-275.0
lotto649,大樂透,2012-W18,train,random_5,8,2,500.0,225.0,225.0,-275.0,-275.0
lotto649,大樂透,2012-W18,train,trained_best_5,8,2,500.0,50.0,50.0,-450.0,-450.0
lotto649,大樂透,2012-W18,train,trained_blend,8,2,500.0,100.0,100.0,-400.0,-400.0
lotto649,大樂透,2012-W18,train,trained_family_ensemble,8,2,500.0,225.0,225.0,-275.0,-275.0
lotto649,大樂透,2012-W19,train,current_ensemble,8,2,500.0,50.0,50.0,-450.0,-450.0
lotto649,大樂透,2012-W19,train,random_5,8,2,500.0,100.0,100.0,-400.0,-400.0
lotto649,大樂透,2012-W19,train,trained_best_5,8,2,500.0,250.0,250.0,-250.0,-250.0
lotto649,大樂透,2012-W19,train,trained_blend,8,2,500.0,100.0,100.0,-400.0,-400.0
lotto649,大樂透,2012-W19,train,trained_family_ensemble,8,2,500.0,0.0,0.0,-500.0,-500.0
lotto649,大樂透,2012-W20,train,current_ensemble,8,2,500.0,50.0,50.0,-450.0,-450.0
lotto649,大樂透,2012-W20,train,random_5,8,2,500.0,250.0,250.0,-250.0,-250.0
lotto649,大樂透,2012-W20,train,trained_best_5,8,2,500.0,375.0,375.0,-125.0,-125.0
lotto649,大樂透,2012-W20,train,trained_blend,8,2,500.0,250.0,250.0,-250.0,-250.0
lotto649,大樂透,2012-W20,train,trained_family_ensemble,8,2,500.0,275.0,275.0,-225.0,-225.0
lotto649,大樂透,2012-W21,train,current_ensemble,8,2,500.0,0.0,0.0,-500.0,-500.0
lotto649,大樂透,2012-W21,train,random_5,8,2,500.0,100.0,100.0,-400.0,-400.0
lotto649,大樂透,2012-W21,train,trained_best_5,8,2,500.0,667.0,667.0,167.0,167.0
lotto649,大樂透,2012-W21,train,trained_blend,8,2,500.0,150.0,150.0,-350.0,-350.0
lotto649,大樂透,2012-W21,train,trained_family_ensemble,8,2,500.0,617.0,617.0,117.0,117.0
lotto649,大樂透,2012-W22,train,current_ensemble,8,2,500.0,150.0,150.0,-350.0,-350.0
lotto649,大樂透,2012-W22,train,random_5,8,2,500.0,175.0,175.0,-325.0,-325.0
lotto649,大樂透,2012-W22,train,trained_best_5,8,2,500.0,150.0,150.0,-350.0,-350.0
lotto649,大樂透,2012-W22,train,trained_blend,8,2,500.0,50.0,50.0,-450.0,-450.0
lotto649,大樂透,2012-W22,train,trained_family_ensemble,8,2,500.0,100.0,100.0,-400.0,-400.0
lotto649,大樂透,2012-W23,train,current_ensemble,8,2,500.0,100.0,100.0,-400.0,-400.0
lotto649,大樂透,2012-W23,train,random_5,8,2,500.0,0.0,0.0,-500.0,-500.0
lotto649,大樂透,2012-W23,train,trained_best_5,8,2,500.0,100.0,100.0,-400.0,-400.0
lotto649,大樂透,2012-W23,train,trained_blend,8,2,500.0,50.0,50.0,-450.0,-450.0
lotto649,大樂透,2012-W23,train,trained_family_ensemble,8,2,500.0,100.0,100.0,-400.0,-400.0
lotto649,大樂透,2012-W24,train,current_ensemble,8,2,500.0,50.0,50.0,-450.0,-450.0
lotto649,大樂透,2012-W24,train,random_5,8,2,500.0,150.0,150.0,-350.0,-350.0
lotto649,大樂透,2012-W24,train,trained_best_5,8,2,500.0,100.0,100.0,-400.0,-400.0
lotto649,大樂透,2012-W24,train,trained_blend,8,2,500.0,50.0,50.0,-450.0,-450.0
lotto649,大樂透,2012-W24,train,trained_family_ensemble,8,2,500.0,100.0,100.0,-400.0,-400.0
lotto649,大樂透,2012-W25,train,current_ensemble,8,2,500.0,50.0,50.0,-450.0,-450.0
lotto649,大樂透,2012-W25,train,random_5,8,2,500.0,50.0,50.0,-450.0,-450.0
lotto649,大樂透,2012-W25,train,trained_best_5,8,2,500.0,100.0,100.0,-400.0,-400.0
lotto649,大樂透,2012-W25,train,trained_blend,8,2,500.0,100.0,100.0,-400.0,-400.0
lotto649,大樂透,2012-W25,train,trained_family_ensemble,8,2,500.0,50.0,50.0,-450.0,-450.0
lotto649,大樂透,2012-W26,train,current_ensemble,8,2,500.0,250.0,250.0,-250.0,-250.0
lotto649,大樂透,2012-W26,train,random_5,8,2,500.0,150.0,150.0,-350.0,-350.0
lotto649,大樂透,2012-W26,train,trained_best_5,8,2,500.0,150.0,150.0,-350.0,-350.0
lotto649,大樂透,2012-W26,train,trained_blend,8,2,500.0,250.0,250.0,-250.0,-250.0
lotto649,大樂透,2012-W26,train,trained_family_ensemble,8,2,500.0,200.0,200.0,-300.0,-300.0
lotto649,大樂透,2012-W27,train,current_ensemble,8,2,500.0,50.0,50.0,-450.0,-450.0
lotto649,大樂透,2012-W27,train,random_5,8,2,500.0,50.0,50.0,-450.0,-450.0
lotto649,大樂透,2012-W27,train,trained_best_5,8,2,500.0,150.0,150.0,-350.0,-350.0
lotto649,大樂透,2012-W27,train,trained_blend,8,2,500.0,0.0,0.0,-500.0,-500.0
lotto649,大樂透,2012-W27,train,trained_family_ensemble,8,2,500.0,50.0,50.0,-450.0,-450.0
lotto649,大樂透,2012-W28,train,current_ensemble,8,2,500.0,50.0,50.0,-450.0,-450.0
lotto649,大樂透,2012-W28,train,random_5,8,2,500.0,200.0,200.0,-300.0,-300.0
lotto649,大樂透,2012-W28,train,trained_best_5,8,2,500.0,100.0,100.0,-400.0,-400.0
lotto649,大樂透,2012-W28,train,trained_blend,8,2,500.0,0.0,0.0,-500.0,-500.0
lotto649,大樂透,2012-W28,train,trained_family_ensemble,8,2,500.0,50.0,50.0,-450.0,-450.0
lotto649,大樂透,2012-W29,train,current_ensemble,8,2,500.0,150.0,150.0,-350.0,-350.0
lotto649,大樂透,2012-W29,train,random_5,8,2,500.0,200.0,200.0,-300.0,-300.0
lotto649,大樂透,2012-W29,train,trained_best_5,8,2,500.0,100.0,100.0,-400.0,-400.0
lotto649,大樂透,2012-W29,train,trained_blend,8,2,500.0,150.0,150.0,-350.0,-350.0
lotto649,大樂透,2012-W29,train,trained_family_ensemble,8,2,500.0,50.0,50.0,-450.0,-450.0
lotto649,大樂透,2012-W30,train,current_ensemble,8,2,500.0,175.0,175.0,-325.0,-325.0
lotto649,大樂透,2012-W30,train,random_5,8,2,500.0,431.625,431.625,-68.375,-68.375
lotto649,大樂透,2012-W30,train,trained_best_5,8,2,500.0,175.0,175.0,-325.0,-325.0
lotto649,大樂透,2012-W30,train,trained_blend,8,2,500.0,381.625,381.625,-118.375,-118.375
lotto649,大樂透,2012-W30,train,trained_family_ensemble,8,2,500.0,150.0,150.0,-350.0,-350.0
lotto649,大樂透,2012-W31,train,current_ensemble,8,2,500.0,100.0,100.0,-400.0,-400.0
lotto649,大樂透,2012-W31,train,random_5,8,2,500.0,250.0,250.0,-250.0,-250.0
lotto649,大樂透,2012-W31,train,trained_best_5,8,2,500.0,150.0,150.0,-350.0,-350.0
lotto649,大樂透,2012-W31,train,trained_blend,8,2,500.0,150.0,150.0,-350.0,-350.0
lotto649,大樂透,2012-W31,train,trained_family_ensemble,8,2,500.0,275.0,275.0,-225.0,-225.0
lotto649,大樂透,2012-W32,train,current_ensemble,8,2,500.0,100.0,100.0,-400.0,-400.0
lotto649,大樂透,2012-W32,train,random_5,8,2,500.0,250.0,250.0,-250.0,-250.0
lotto649,大樂透,2012-W32,train,trained_best_5,8,2,500.0,100.0,100.0,-400.0,-400.0
lotto649,大樂透,2012-W32,train,trained_blend,8,2,500.0,200.0,200.0,-300.0,-300.0
lotto649,大樂透,2012-W32,train,trained_family_ensemble,8,2,500.0,200.0,200.0,-300.0,-300.0
lotto649,大樂透,2012-W33,train,current_ensemble,8,2,500.0,200.0,200.0,-300.0,-300.0
lotto649,大樂透,2012-W33,train,random_5,8,2,500.0,150.0,150.0,-350.0,-350.0
lotto649,大樂透,2012-W33,train,trained_best_5,8,2,500.0,200.0,200.0,-300.0,-300.0
lotto649,大樂透,2012-W33,train,trained_blend,8,2,500.0,275.0,275.0,-225.0,-225.0
lotto649,大樂透,2012-W33,train,trained_family_ensemble,8,2,500.0,225.0,225.0,-275.0,-275.0
lotto649,大樂透,2012-W34,train,current_ensemble,8,2,500.0,50.0,50.0,-450.0,-450.0
lotto649,大樂透,2012-W34,train,random_5,8,2,500.0,250.0,250.0,-250.0,-250.0
lotto649,大樂透,2012-W34,train,trained_best_5,8,2,500.0,300.0,300.0,-200.0,-200.0
lotto649,大樂透,2012-W34,train,trained_blend,8,2,500.0,731.625,731.625,231.625,231.625
lotto649,大樂透,2012-W34,train,trained_family_ensemble,8,2,500.0,150.0,150.0,-350.0,-350.0
lotto649,大樂透,2012-W35,train,current_ensemble,8,2,500.0,150.0,150.0,-350.0,-350.0
lotto649,大樂透,2012-W35,train,random_5,8,2,500.0,150.0,150.0,-350.0,-350.0
lotto649,大樂透,2012-W35,train,trained_best_5,8,2,500.0,100.0,100.0,-400.0,-400.0
lotto649,大樂透,2012-W35,train,trained_blend,8,2,500.0,100.0,100.0,-400.0,-400.0
lotto649,大樂透,2012-W35,train,trained_family_ensemble,8,2,500.0,100.0,100.0,-400.0,-400.0
lotto649,大樂透,2012-W36,train,current_ensemble,8,2,500.0,150.0,150.0,-350.0,-350.0
lotto649,大樂透,2012-W36,train,random_5,8,2,500.0,175.0,175.0,-325.0,-325.0
lotto649,大樂透,2012-W36,train,trained_best_5,8,2,500.0,150.0,150.0,-350.0,-350.0
lotto649,大樂透,2012-W36,train,trained_blend,8,2,500.0,200.0,200.0,-300.0,-300.0
lotto649,大樂透,2012-W36,train,trained_family_ensemble,8,2,500.0,100.0,100.0,-400.0,-400.0
lotto649,大樂透,2012-W37,train,current_ensemble,8,2,500.0,872.5,872.5,372.5,372.5
lotto649,大樂透,2012-W37,train,random_5,8,2,500.0,275.0,275.0,-225.0,-225.0
lotto649,大樂透,2012-W37,train,trained_best_5,8,2,500.0,672.5,672.5,172.5,172.5
lotto649,大樂透,2012-W37,train,trained_blend,8,2,500.0,250.0,250.0,-250.0,-250.0
lotto649,大樂透,2012-W37,train,trained_family_ensemble,8,2,500.0,300.0,300.0,-200.0,-200.0
lotto649,大樂透,2012-W38,train,current_ensemble,8,2,500.0,150.0,150.0,-350.0,-350.0
lotto649,大樂透,2012-W38,train,random_5,8,2,500.0,100.0,100.0,-400.0,-400.0
lotto649,大樂透,2012-W38,train,trained_best_5,8,2,500.0,300.0,300.0,-200.0,-200.0
lotto649,大樂透,2012-W38,train,trained_blend,8,2,500.0,200.0,200.0,-300.0,-300.0
lotto649,大樂透,2012-W38,train,trained_family_ensemble,8,2,500.0,200.0,200.0,-300.0,-300.0
lotto649,大樂透,2012-W39,train,current_ensemble,8,2,500.0,200.0,200.0,-300.0,-300.0
lotto649,大樂透,2012-W39,train,random_5,8,2,500.0,200.0,200.0,-300.0,-300.0
lotto649,大樂透,2012-W39,train,trained_best_5,8,2,500.0,150.0,150.0,-350.0,-350.0
lotto649,大樂透,2012-W39,train,trained_blend,8,2,500.0,150.0,150.0,-350.0,-350.0
lotto649,大樂透,2012-W39,train,trained_family_ensemble,8,2,500.0,150.0,150.0,-350.0,-350.0
lotto649,大樂透,2012-W40,train,current_ensemble,8,2,500.0,50.0,50.0,-450.0,-450.0
lotto649,大樂透,2012-W40,train,random_5,8,2,500.0,100.0,100.0,-400.0,-400.0
lotto649,大樂透,2012-W40,train,trained_best_5,8,2,500.0,0.0,0.0,-500.0,-500.0
lotto649,大樂透,2012-W40,train,trained_blend,8,2,500.0,50.0,50.0,-450.0,-450.0
lotto649,大樂透,2012-W40,train,trained_family_ensemble,8,2,500.0,50.0,50.0,-450.0,-450.0
lotto649,大樂透,2012-W41,train,current_ensemble,8,2,500.0,275.0,275.0,-225.0,-225.0
lotto649,大樂透,2012-W41,train,random_5,8,2,500.0,150.0,150.0,-350.0,-350.0
lotto649,大樂透,2012-W41,train,trained_best_5,8,2,500.0,100.0,100.0,-400.0,-400.0
lotto649,大樂透,2012-W41,train,trained_blend,8,2,500.0,325.0,325.0,-175.0,-175.0
lotto649,大樂透,2012-W41,train,trained_family_ensemble,8,2,500.0,200.0,200.0,-300.0,-300.0
lotto649,大樂透,2012-W42,train,current_ensemble,8,2,500.0,250.0,250.0,-250.0,-250.0
lotto649,大樂透,2012-W42,train,random_5,8,2,500.0,150.0,150.0,-350.0,-350.0
lotto649,大樂透,2012-W42,train,trained_best_5,8,2,500.0,150.0,150.0,-350.0,-350.0
lotto649,大樂透,2012-W42,train,trained_blend,8,2,500.0,797.25,797.25,297.25,297.25
lotto649,大樂透,2012-W42,train,trained_family_ensemble,8,2,500.0,250.0,250.0,-250.0,-250.0
lotto649,大樂透,2012-W43,train,current_ensemble,8,2,500.0,100.0,100.0,-400.0,-400.0
lotto649,大樂透,2012-W43,train,random_5,8,2,500.0,150.0,150.0,-350.0,-350.0
lotto649,大樂透,2012-W43,train,trained_best_5,8,2,500.0,100.0,100.0,-400.0,-400.0
lotto649,大樂透,2012-W43,train,trained_blend,8,2,500.0,150.0,150.0,-350.0,-350.0
lotto649,大樂透,2012-W43,train,trained_family_ensemble,8,2,500.0,200.0,200.0,-300.0,-300.0
lotto649,大樂透,2012-W44,train,current_ensemble,8,2,500.0,200.0,200.0,-300.0,-300.0
lotto649,大樂透,2012-W44,train,random_5,8,2,500.0,100.0,100.0,-400.0,-400.0
lotto649,大樂透,2012-W44,train,trained_best_5,8,2,500.0,577.0,577.0,77.0,77.0
lotto649,大樂透,2012-W44,train,trained_blend,8,2,500.0,200.0,200.0,-300.0,-300.0
lotto649,大樂透,2012-W44,train,trained_family_ensemble,8,2,500.0,150.0,150.0,-350.0,-350.0
lotto649,大樂透,2012-W45,train,current_ensemble,8,2,500.0,150.0,150.0,-350.0,-350.0
lotto649,大樂透,2012-W45,train,random_5,8,2,500.0,175.0,175.0,-325.0,-325.0
lotto649,大樂透,2012-W45,train,trained_best_5,8,2,500.0,150.0,150.0,-350.0,-350.0
lotto649,大樂透,2012-W45,train,trained_blend,8,2,500.0,150.0,150.0,-350.0,-350.0
lotto649,大樂透,2012-W45,train,trained_family_ensemble,8,2,500.0,300.0,300.0,-200.0,-200.0
lotto649,大樂透,2012-W46,train,current_ensemble,8,2,500.0,50.0,50.0,-450.0,-450.0
lotto649,大樂透,2012-W46,train,random_5,8,2,500.0,100.0,100.0,-400.0,-400.0
lotto649,大樂透,2012-W46,train,trained_best_5,8,2,500.0,200.0,200.0,-300.0,-300.0
lotto649,大樂透,2012-W46,train,trained_blend,8,2,500.0,0.0,0.0,-500.0,-500.0
lotto649,大樂透,2012-W46,train,trained_family_ensemble,8,2,500.0,100.0,100.0,-400.0,-400.0
lotto649,大樂透,2012-W47,train,current_ensemble,8,2,500.0,412.125,412.125,-87.875,-87.875
lotto649,大樂透,2012-W47,train,random_5,8,2,500.0,700.375,700.375,200.375,200.375
lotto649,大樂透,2012-W47,train,trained_best_5,8,2,500.0,50.0,50.0,-450.0,-450.0
lotto649,大樂透,2012-W47,train,trained_blend,8,2,500.0,425.0,425.0,-75.0,-75.0
lotto649,大樂透,2012-W47,train,trained_family_ensemble,8,2,500.0,375.0,375.0,-125.0,-125.0
lotto649,大樂透,2012-W48,train,current_ensemble,8,2,500.0,50.0,50.0,-450.0,-450.0
lotto649,大樂透,2012-W48,train,random_5,8,2,500.0,579.625,579.625,79.625,79.625
lotto649,大樂透,2012-W48,train,trained_best_5,8,2,500.0,0.0,0.0,-500.0,-500.0
lotto649,大樂透,2012-W48,train,trained_blend,8,2,500.0,100.0,100.0,-400.0,-400.0
lotto649,大樂透,2012-W48,train,trained_family_ensemble,8,2,500.0,200.0,200.0,-300.0,-300.0
lotto649,大樂透,2012-W49,train,current_ensemble,8,2,500.0,641.5,641.5,141.5,141.5
lotto649,大樂透,2012-W49,train,random_5,8,2,500.0,691.5,691.5,191.5,191.5
lotto649,大樂透,2012-W49,train,trained_best_5,8,2,500.0,150.0,150.0,-350.0,-350.0
lotto649,大樂透,2012-W49,train,trained_blend,8,2,500.0,300.0,300.0,-200.0,-200.0
lotto649,大樂透,2012-W49,train,trained_family_ensemble,8,2,500.0,791.5,791.5,291.5,291.5
lotto649,大樂透,2012-W50,train,current_ensemble,8,2,500.0,200.0,200.0,-300.0,-300.0
lotto649,大樂透,2012-W50,train,random_5,8,2,500.0,200.0,200.0,-300.0,-300.0
lotto649,大樂透,2012-W50,train,trained_best_5,8,2,500.0,150.0,150.0,-350.0,-350.0
lotto649,大樂透,2012-W50,train,trained_blend,8,2,500.0,50.0,50.0,-450.0,-450.0
lotto649,大樂透,2012-W50,train,trained_family_ensemble,8,2,500.0,0.0,0.0,-500.0,-500.0
lotto649,大樂透,2012-W51,train,current_ensemble,8,2,500.0,50.0,50.0,-450.0,-450.0
lotto649,大樂透,2012-W51,train,random_5,8,2,500.0,100.0,100.0,-400.0,-400.0
lotto649,大樂透,2012-W51,train,trained_best_5,8,2,500.0,50.0,50.0,-450.0,-450.0
lotto649,大樂透,2012-W51,train,trained_blend,8,2,500.0,50.0,50.0,-450.0,-450.0
lotto649,大樂透,2012-W51,train,trained_family_ensemble,8,2,500.0,50.0,50.0,-450.0,-450.0
lotto649,大樂透,2012-W52,train,current_ensemble,8,2,500.0,200.0,200.0,-300.0,-300.0
lotto649,大樂透,2012-W52,train,random_5,8,2,500.0,250.0,250.0,-250.0,-250.0
lotto649,大樂透,2012-W52,train,trained_best_5,8,2,500.0,0.0,0.0,-500.0,-500.0
lotto649,大樂透,2012-W52,train,trained_blend,8,2,500.0,150.0,150.0,-350.0,-350.0
lotto649,大樂透,2012-W52,train,trained_family_ensemble,8,2,500.0,150.0,150.0,-350.0,-350.0
lotto649,大樂透,2013-W01,train,current_ensemble,8,2,500.0,643.5,643.5,143.5,143.5
lotto649,大樂透,2013-W01,train,random_5,8,2,500.0,0.0,0.0,-500.0,-500.0
lotto649,大樂透,2013-W01,train,trained_best_5,8,2,500.0,275.0,275.0,-225.0,-225.0
lotto649,大樂透,2013-W01,train,trained_blend,8,2,500.0,50.0,50.0,-450.0,-450.0
lotto649,大樂透,2013-W01,train,trained_family_ensemble,8,2,500.0,175.0,175.0,-325.0,-325.0
lotto649,大樂透,2013-W02,train,current_ensemble,8,2,500.0,200.0,200.0,-300.0,-300.0
lotto649,大樂透,2013-W02,train,random_5,8,2,500.0,100.0,100.0,-400.0,-400.0
lotto649,大樂透,2013-W02,train,trained_best_5,8,2,500.0,150.0,150.0,-350.0,-350.0
lotto649,大樂透,2013-W02,train,trained_blend,8,2,500.0,50.0,50.0,-450.0,-450.0
lotto649,大樂透,2013-W02,train,trained_family_ensemble,8,2,500.0,100.0,100.0,-400.0,-400.0
lotto649,大樂透,2013-W03,train,current_ensemble,8,2,500.0,100.0,100.0,-400.0,-400.0
lotto649,大樂透,2013-W03,train,random_5,8,2,500.0,100.0,100.0,-400.0,-400.0
lotto649,大樂透,2013-W03,train,trained_best_5,8,2,500.0,150.0,150.0,-350.0,-350.0
lotto649,大樂透,2013-W03,train,trained_blend,8,2,500.0,50.0,50.0,-450.0,-450.0
lotto649,大樂透,2013-W03,train,trained_family_ensemble,8,2,500.0,0.0,0.0,-500.0,-500.0
lotto649,大樂透,2013-W04,train,current_ensemble,8,2,500.0,150.0,150.0,-350.0,-350.0
lotto649,大樂透,2013-W04,train,random_5,8,2,500.0,150.0,150.0,-350.0,-350.0
lotto649,大樂透,2013-W04,train,trained_best_5,8,2,500.0,250.0,250.0,-250.0,-250.0
lotto649,大樂透,2013-W04,train,trained_blend,8,2,500.0,200.0,200.0,-300.0,-300.0
lotto649,大樂透,2013-W04,train,trained_family_ensemble,8,2,500.0,300.0,300.0,-200.0,-200.0
lotto649,大樂透,2013-W05,train,current_ensemble,8,2,500.0,0.0,0.0,-500.0,-500.0
lotto649,大樂透,2013-W05,train,random_5,8,2,500.0,50.0,50.0,-450.0,-450.0
lotto649,大樂透,2013-W05,train,trained_best_5,8,2,500.0,50.0,50.0,-450.0,-450.0
lotto649,大樂透,2013-W05,train,trained_blend,8,2,500.0,0.0,0.0,-500.0,-500.0
lotto649,大樂透,2013-W05,train,trained_family_ensemble,8,2,500.0,0.0,0.0,-500.0,-500.0
lotto649,大樂透,2013-W06,train,current_ensemble,8,4,1000.0,865.0,865.0,-135.0,-135.0
lotto649,大樂透,2013-W06,train,random_5,8,4,1000.0,518.125,518.125,-481.875,-481.875
lotto649,大樂透,2013-W06,train,trained_best_5,8,4,1000.0,300.0,300.0,-700.0,-700.0
lotto649,大樂透,2013-W06,train,trained_blend,8,4,1000.0,518.125,518.125,-481.875,-481.875
lotto649,大樂透,2013-W06,train,trained_family_ensemble,8,4,1000.0,300.0,300.0,-700.0,-700.0
lotto649,大樂透,2013-W07,train,current_ensemble,8,3,750.0,722.25,722.25,-27.75,-27.75
lotto649,大樂透,2013-W07,train,random_5,8,3,750.0,150.0,150.0,-600.0,-600.0
lotto649,大樂透,2013-W07,train,trained_best_5,8,3,750.0,150.0,150.0,-600.0,-600.0
lotto649,大樂透,2013-W07,train,trained_blend,8,3,750.0,500.0,500.0,-250.0,-250.0
lotto649,大樂透,2013-W07,train,trained_family_ensemble,8,3,750.0,250.0,250.0,-500.0,-500.0
lotto649,大樂透,2013-W08,train,current_ensemble,8,2,500.0,125.0,125.0,-375.0,-375.0
lotto649,大樂透,2013-W08,train,random_5,8,2,500.0,50.0,50.0,-450.0,-450.0
lotto649,大樂透,2013-W08,train,trained_best_5,8,2,500.0,325.0,325.0,-175.0,-175.0
lotto649,大樂透,2013-W08,train,trained_blend,8,2,500.0,50.0,50.0,-450.0,-450.0
lotto649,大樂透,2013-W08,train,trained_family_ensemble,8,2,500.0,175.0,175.0,-325.0,-325.0
lotto649,大樂透,2013-W09,train,current_ensemble,8,2,500.0,100.0,100.0,-400.0,-400.0
lotto649,大樂透,2013-W09,train,random_5,8,2,500.0,0.0,0.0,-500.0,-500.0
lotto649,大樂透,2013-W09,train,trained_best_5,8,2,500.0,300.0,300.0,-200.0,-200.0
lotto649,大樂透,2013-W09,train,trained_blend,8,2,500.0,150.0,150.0,-350.0,-350.0
lotto649,大樂透,2013-W09,train,trained_family_ensemble,8,2,500.0,50.0,50.0,-450.0,-450.0
lotto649,大樂透,2013-W10,train,current_ensemble,8,2,500.0,200.0,200.0,-300.0,-300.0
lotto649,大樂透,2013-W10,train,random_5,8,2,500.0,150.0,150.0,-350.0,-350.0
lotto649,大樂透,2013-W10,train,trained_best_5,8,2,500.0,100.0,100.0,-400.0,-400.0
lotto649,大樂透,2013-W10,train,trained_blend,8,2,500.0,0.0,0.0,-500.0,-500.0
lotto649,大樂透,2013-W10,train,trained_family_ensemble,8,2,500.0,50.0,50.0,-450.0,-450.0
lotto649,大樂透,2013-W11,train,current_ensemble,8,2,500.0,50.0,50.0,-450.0,-450.0
lotto649,大樂透,2013-W11,train,random_5,8,2,500.0,200.0,200.0,-300.0,-300.0
lotto649,大樂透,2013-W11,train,trained_best_5,8,2,500.0,150.0,150.0,-350.0,-350.0
lotto649,大樂透,2013-W11,train,trained_blend,8,2,500.0,200.0,200.0,-300.0,-300.0
lotto649,大樂透,2013-W11,train,trained_family_ensemble,8,2,500.0,150.0,150.0,-350.0,-350.0
lotto649,大樂透,2013-W12,train,current_ensemble,8,2,500.0,100.0,100.0,-400.0,-400.0
lotto649,大樂透,2013-W12,train,random_5,8,2,500.0,275.0,275.0,-225.0,-225.0
lotto649,大樂透,2013-W12,train,trained_best_5,8,2,500.0,150.0,150.0,-350.0,-350.0
lotto649,大樂透,2013-W12,train,trained_blend,8,2,500.0,100.0,100.0,-400.0,-400.0
lotto649,大樂透,2013-W12,train,trained_family_ensemble,8,2,500.0,100.0,100.0,-400.0,-400.0
lotto649,大樂透,2013-W13,train,current_ensemble,8,2,500.0,0.0,0.0,-500.0,-500.0
lotto649,大樂透,2013-W13,train,random_5,8,2,500.0,100.0,100.0,-400.0,-400.0
lotto649,大樂透,2013-W13,train,trained_best_5,8,2,500.0,100.0,100.0,-400.0,-400.0
lotto649,大樂透,2013-W13,train,trained_blend,8,2,500.0,50.0,50.0,-450.0,-450.0
lotto649,大樂透,2013-W13,train,trained_family_ensemble,8,2,500.0,50.0,50.0,-450.0,-450.0
lotto649,大樂透,2013-W14,train,current_ensemble,8,2,500.0,100.0,100.0,-400.0,-400.0
lotto649,大樂透,2013-W14,train,random_5,8,2,500.0,100.0,100.0,-400.0,-400.0
lotto649,大樂透,2013-W14,train,trained_best_5,8,2,500.0,50.0,50.0,-450.0,-450.0
lotto649,大樂透,2013-W14,train,trained_blend,8,2,500.0,225.0,225.0,-275.0,-275.0
lotto649,大樂透,2013-W14,train,trained_family_ensemble,8,2,500.0,50.0,50.0,-450.0,-450.0
lotto649,大樂透,2013-W15,train,current_ensemble,8,2,500.0,50.0,50.0,-450.0,-450.0
lotto649,大樂透,2013-W15,train,random_5,8,2,500.0,644.125,644.125,144.125,144.125
lotto649,大樂透,2013-W15,train,trained_best_5,8,2,500.0,100.0,100.0,-400.0,-400.0
lotto649,大樂透,2013-W15,train,trained_blend,8,2,500.0,50.0,50.0,-450.0,-450.0
lotto649,大樂透,2013-W15,train,trained_family_ensemble,8,2,500.0,50.0,50.0,-450.0,-450.0
lotto649,大樂透,2013-W16,train,current_ensemble,8,2,500.0,50.0,50.0,-450.0,-450.0
lotto649,大樂透,2013-W16,train,random_5,8,2,500.0,100.0,100.0,-400.0,-400.0
lotto649,大樂透,2013-W16,train,trained_best_5,8,2,500.0,250.0,250.0,-250.0,-250.0
lotto649,大樂透,2013-W16,train,trained_blend,8,2,500.0,150.0,150.0,-350.0,-350.0
lotto649,大樂透,2013-W16,train,trained_family_ensemble,8,2,500.0,100.0,100.0,-400.0,-400.0
lotto649,大樂透,2013-W17,train,current_ensemble,8,2,500.0,671.0,671.0,171.0,171.0
lotto649,大樂透,2013-W17,train,random_5,8,2,500.0,671.0,671.0,171.0,171.0
lotto649,大樂透,2013-W17,train,trained_best_5,8,2,500.0,275.0,275.0,-225.0,-225.0
lotto649,大樂透,2013-W17,train,trained_blend,8,2,500.0,225.0,225.0,-275.0,-275.0
lotto649,大樂透,2013-W17,train,trained_family_ensemble,8,2,500.0,796.0,796.0,296.0,296.0
lotto649,大樂透,2013-W18,train,current_ensemble,8,2,500.0,50.0,50.0,-450.0,-450.0
lotto649,大樂透,2013-W18,train,random_5,8,2,500.0,50.0,50.0,-450.0,-450.0
lotto649,大樂透,2013-W18,train,trained_best_5,8,2,500.0,20553.5,20553.5,20053.5,20053.5
lotto649,大樂透,2013-W18,train,trained_blend,8,2,500.0,0.0,0.0,-500.0,-500.0
lotto649,大樂透,2013-W18,train,trained_family_ensemble,8,2,500.0,20428.5,20428.5,19928.5,19928.5
lotto649,大樂透,2013-W19,train,current_ensemble,8,2,500.0,50.0,50.0,-450.0,-450.0
lotto649,大樂透,2013-W19,train,random_5,8,2,500.0,50.0,50.0,-450.0,-450.0
lotto649,大樂透,2013-W19,train,trained_best_5,8,2,500.0,200.0,200.0,-300.0,-300.0
lotto649,大樂透,2013-W19,train,trained_blend,8,2,500.0,500.0,500.0,0.0,0.0
lotto649,大樂透,2013-W19,train,trained_family_ensemble,8,2,500.0,450.0,450.0,-50.0,-50.0
lotto649,大樂透,2013-W20,train,current_ensemble,8,2,500.0,250.0,250.0,-250.0,-250.0
lotto649,大樂透,2013-W20,train,random_5,8,2,500.0,200.0,200.0,-300.0,-300.0
lotto649,大樂透,2013-W20,train,trained_best_5,8,2,500.0,225.0,225.0,-275.0,-275.0
lotto649,大樂透,2013-W20,train,trained_blend,8,2,500.0,250.0,250.0,-250.0,-250.0
lotto649,大樂透,2013-W20,train,trained_family_ensemble,8,2,500.0,250.0,250.0,-250.0,-250.0
lotto649,大樂透,2013-W21,train,current_ensemble,8,2,500.0,100.0,100.0,-400.0,-400.0
lotto649,大樂透,2013-W21,train,random_5,8,2,500.0,275.0,275.0,-225.0,-225.0
lotto649,大樂透,2013-W21,train,trained_best_5,8,2,500.0,300.0,300.0,-200.0,-200.0
lotto649,大樂透,2013-W21,train,trained_blend,8,2,500.0,250.0,250.0,-250.0,-250.0
lotto649,大樂透,2013-W21,train,trained_family_ensemble,8,2,500.0,200.0,200.0,-300.0,-300.0
lotto649,大樂透,2013-W22,train,current_ensemble,8,2,500.0,50.0,50.0,-450.0,-450.0
lotto649,大樂透,2013-W22,train,random_5,8,2,500.0,100.0,100.0,-400.0,-400.0
lotto649,大樂透,2013-W22,train,trained_best_5,8,2,500.0,150.0,150.0,-350.0,-350.0
lotto649,大樂透,2013-W22,train,trained_blend,8,2,500.0,100.0,100.0,-400.0,-400.0
lotto649,大樂透,2013-W22,train,trained_family_ensemble,8,2,500.0,100.0,100.0,-400.0,-400.0
lotto649,大樂透,2013-W23,train,current_ensemble,8,2,500.0,100.0,100.0,-400.0,-400.0
lotto649,大樂透,2013-W23,train,random_5,8,2,500.0,150.0,150.0,-350.0,-350.0
lotto649,大樂透,2013-W23,train,trained_best_5,8,2,500.0,717.875,717.875,217.875,217.875
lotto649,大樂透,2013-W23,train,trained_blend,8,2,500.0,100.0,100.0,-400.0,-400.0
lotto649,大樂透,2013-W23,train,trained_family_ensemble,8,2,500.0,150.0,150.0,-350.0,-350.0
lotto649,大樂透,2013-W24,train,current_ensemble,8,2,500.0,150.0,150.0,-350.0,-350.0
lotto649,大樂透,2013-W24,train,random_5,8,2,500.0,100.0,100.0,-400.0,-400.0
lotto649,大樂透,2013-W24,train,trained_best_5,8,2,500.0,250.0,250.0,-250.0,-250.0
lotto649,大樂透,2013-W24,train,trained_blend,8,2,500.0,50.0,50.0,-450.0,-450.0
lotto649,大樂透,2013-W24,train,trained_family_ensemble,8,2,500.0,200.0,200.0,-300.0,-300.0
lotto649,大樂透,2013-W25,train,current_ensemble,8,2,500.0,100.0,100.0,-400.0,-400.0
lotto649,大樂透,2013-W25,train,random_5,8,2,500.0,250.0,250.0,-250.0,-250.0
lotto649,大樂透,2013-W25,train,trained_best_5,8,2,500.0,200.0,200.0,-300.0,-300.0
lotto649,大樂透,2013-W25,train,trained_blend,8,2,500.0,250.0,250.0,-250.0,-250.0
lotto649,大樂透,2013-W25,train,trained_family_ensemble,8,2,500.0,100.0,100.0,-400.0,-400.0
lotto649,大樂透,2013-W26,train,current_ensemble,8,2,500.0,225.0,225.0,-275.0,-275.0
lotto649,大樂透,2013-W26,train,random_5,8,2,500.0,225.0,225.0,-275.0,-275.0
lotto649,大樂透,2013-W26,train,trained_best_5,8,2,500.0,300.0,300.0,-200.0,-200.0
lotto649,大樂透,2013-W26,train,trained_blend,8,2,500.0,150.0,150.0,-350.0,-350.0
lotto649,大樂透,2013-W26,train,trained_family_ensemble,8,2,500.0,200.0,200.0,-300.0,-300.0
lotto649,大樂透,2013-W27,train,current_ensemble,8,2,500.0,200.0,200.0,-300.0,-300.0
lotto649,大樂透,2013-W27,train,random_5,8,2,500.0,100.0,100.0,-400.0,-400.0
lotto649,大樂透,2013-W27,train,trained_best_5,8,2,500.0,150.0,150.0,-350.0,-350.0
lotto649,大樂透,2013-W27,train,trained_blend,8,2,500.0,100.0,100.0,-400.0,-400.0
lotto649,大樂透,2013-W27,train,trained_family_ensemble,8,2,500.0,100.0,100.0,-400.0,-400.0
lotto649,大樂透,2013-W28,train,current_ensemble,8,2,500.0,175.0,175.0,-325.0,-325.0
lotto649,大樂透,2013-W28,train,random_5,8,2,500.0,50.0,50.0,-450.0,-450.0
lotto649,大樂透,2013-W28,train,trained_best_5,8,2,500.0,897.625,897.625,397.625,397.625
lotto649,大樂透,2013-W28,train,trained_blend,8,2,500.0,150.0,150.0,-350.0,-350.0
lotto649,大樂透,2013-W28,train,trained_family_ensemble,8,2,500.0,175.0,175.0,-325.0,-325.0
lotto649,大樂透,2013-W29,train,current_ensemble,8,2,500.0,0.0,0.0,-500.0,-500.0
lotto649,大樂透,2013-W29,train,random_5,8,2,500.0,100.0,100.0,-400.0,-400.0
lotto649,大樂透,2013-W29,train,trained_best_5,8,2,500.0,275.0,275.0,-225.0,-225.0
lotto649,大樂透,2013-W29,train,trained_blend,8,2,500.0,325.0,325.0,-175.0,-175.0
lotto649,大樂透,2013-W29,train,trained_family_ensemble,8,2,500.0,200.0,200.0,-300.0,-300.0
lotto649,大樂透,2013-W30,train,current_ensemble,8,2,500.0,100.0,100.0,-400.0,-400.0
lotto649,大樂透,2013-W30,train,random_5,8,2,500.0,50.0,50.0,-450.0,-450.0
lotto649,大樂透,2013-W30,train,trained_best_5,8,2,500.0,200.0,200.0,-300.0,-300.0
lotto649,大樂透,2013-W30,train,trained_blend,8,2,500.0,100.0,100.0,-400.0,-400.0
lotto649,大樂透,2013-W30,train,trained_family_ensemble,8,2,500.0,100.0,100.0,-400.0,-400.0
lotto649,大樂透,2013-W31,train,current_ensemble,8,2,500.0,729.375,729.375,229.375,229.375
lotto649,大樂透,2013-W31,train,random_5,8,2,500.0,629.375,629.375,129.375,129.375
lotto649,大樂透,2013-W31,train,trained_best_5,8,2,500.0,100.0,100.0,-400.0,-400.0
lotto649,大樂透,2013-W31,train,trained_blend,8,2,500.0,579.375,579.375,79.375,79.375
lotto649,大樂透,2013-W31,train,trained_family_ensemble,8,2,500.0,579.375,579.375,79.375,79.375
lotto649,大樂透,2013-W32,train,current_ensemble,8,2,500.0,100.0,100.0,-400.0,-400.0
lotto649,大樂透,2013-W32,train,random_5,8,2,500.0,0.0,0.0,-500.0,-500.0
lotto649,大樂透,2013-W32,train,trained_best_5,8,2,500.0,50.0,50.0,-450.0,-450.0
lotto649,大樂透,2013-W32,train,trained_blend,8,2,500.0,0.0,0.0,-500.0,-500.0
lotto649,大樂透,2013-W32,train,trained_family_ensemble,8,2,500.0,100.0,100.0,-400.0,-400.0
lotto649,大樂透,2013-W33,train,current_ensemble,8,2,500.0,50.0,50.0,-450.0,-450.0
lotto649,大樂透,2013-W33,train,random_5,8,2,500.0,150.0,150.0,-350.0,-350.0
lotto649,大樂透,2013-W33,train,trained_best_5,8,2,500.0,300.0,300.0,-200.0,-200.0
lotto649,大樂透,2013-W33,train,trained_blend,8,2,500.0,150.0,150.0,-350.0,-350.0
lotto649,大樂透,2013-W33,train,trained_family_ensemble,8,2,500.0,150.0,150.0,-350.0,-350.0
lotto649,大樂透,2013-W34,train,current_ensemble,8,2,500.0,100.0,100.0,-400.0,-400.0
lotto649,大樂透,2013-W34,train,random_5,8,2,500.0,100.0,100.0,-400.0,-400.0
lotto649,大樂透,2013-W34,train,trained_best_5,8,2,500.0,0.0,0.0,-500.0,-500.0
lotto649,大樂透,2013-W34,train,trained_blend,8,2,500.0,50.0,50.0,-450.0,-450.0
lotto649,大樂透,2013-W34,train,trained_family_ensemble,8,2,500.0,100.0,100.0,-400.0,-400.0
lotto649,大樂透,2013-W35,train,current_ensemble,8,2,500.0,150.0,150.0,-350.0,-350.0
lotto649,大樂透,2013-W35,train,random_5,8,2,500.0,250.0,250.0,-250.0,-250.0
lotto649,大樂透,2013-W35,train,trained_best_5,8,2,500.0,100.0,100.0,-400.0,-400.0
lotto649,大樂透,2013-W35,train,trained_blend,8,2,500.0,250.0,250.0,-250.0,-250.0
lotto649,大樂透,2013-W35,train,trained_family_ensemble,8,2,500.0,150.0,150.0,-350.0,-350.0
lotto649,大樂透,2013-W36,train,current_ensemble,8,2,500.0,725.0,725.0,225.0,225.0
lotto649,大樂透,2013-W36,train,random_5,8,2,500.0,50.0,50.0,-450.0,-450.0
lotto649,大樂透,2013-W36,train,trained_best_5,8,2,500.0,575.0,575.0,75.0,75.0
lotto649,大樂透,2013-W36,train,trained_blend,8,2,500.0,0.0,0.0,-500.0,-500.0
lotto649,大樂透,2013-W36,train,trained_family_ensemble,8,2,500.0,675.0,675.0,175.0,175.0
lotto649,大樂透,2013-W37,train,current_ensemble,8,2,500.0,100.0,100.0,-400.0,-400.0
lotto649,大樂透,2013-W37,train,random_5,8,2,500.0,50.0,50.0,-450.0,-450.0
lotto649,大樂透,2013-W37,train,trained_best_5,8,2,500.0,50.0,50.0,-450.0,-450.0
lotto649,大樂透,2013-W37,train,trained_blend,8,2,500.0,150.0,150.0,-350.0,-350.0
lotto649,大樂透,2013-W37,train,trained_family_ensemble,8,2,500.0,100.0,100.0,-400.0,-400.0
lotto649,大樂透,2013-W38,train,current_ensemble,8,2,500.0,50.0,50.0,-450.0,-450.0
lotto649,大樂透,2013-W38,train,random_5,8,2,500.0,100.0,100.0,-400.0,-400.0
lotto649,大樂透,2013-W38,train,trained_best_5,8,2,500.0,325.0,325.0,-175.0,-175.0
lotto649,大樂透,2013-W38,train,trained_blend,8,2,500.0,50.0,50.0,-450.0,-450.0
lotto649,大樂透,2013-W38,train,trained_family_ensemble,8,2,500.0,225.0,225.0,-275.0,-275.0
lotto649,大樂透,2013-W39,train,current_ensemble,8,2,500.0,100.0,100.0,-400.0,-400.0
lotto649,大樂透,2013-W39,train,random_5,8,2,500.0,250.0,250.0,-250.0,-250.0
lotto649,大樂透,2013-W39,train,trained_best_5,8,2,500.0,50.0,50.0,-450.0,-450.0
lotto649,大樂透,2013-W39,train,trained_blend,8,2,500.0,200.0,200.0,-300.0,-300.0
lotto649,大樂透,2013-W39,train,trained_family_ensemble,8,2,500.0,200.0,200.0,-300.0,-300.0
lotto649,大樂透,2013-W40,train,current_ensemble,8,2,500.0,50.0,50.0,-450.0,-450.0
lotto649,大樂透,2013-W40,train,random_5,8,2,500.0,50.0,50.0,-450.0,-450.0
lotto649,大樂透,2013-W40,train,trained_best_5,8,2,500.0,200.0,200.0,-300.0,-300.0
lotto649,大樂透,2013-W40,train,trained_blend,8,2,500.0,100.0,100.0,-400.0,-400.0
lotto649,大樂透,2013-W40,train,trained_family_ensemble,8,2,500.0,225.0,225.0,-275.0,-275.0
lotto649,大樂透,2013-W41,train,current_ensemble,8,2,500.0,150.0,150.0,-350.0,-350.0
lotto649,大樂透,2013-W41,train,random_5,8,2,500.0,150.0,150.0,-350.0,-350.0
lotto649,大樂透,2013-W41,train,trained_best_5,8,2,500.0,0.0,0.0,-500.0,-500.0
lotto649,大樂透,2013-W41,train,trained_blend,8,2,500.0,50.0,50.0,-450.0,-450.0
lotto649,大樂透,2013-W41,train,trained_family_ensemble,8,2,500.0,50.0,50.0,-450.0,-450.0
lotto649,大樂透,2013-W42,train,current_ensemble,8,2,500.0,0.0,0.0,-500.0,-500.0
lotto649,大樂透,2013-W42,train,random_5,8,2,500.0,200.0,200.0,-300.0,-300.0
lotto649,大樂透,2013-W42,train,trained_best_5,8,2,500.0,200.0,200.0,-300.0,-300.0
lotto649,大樂透,2013-W42,train,trained_blend,8,2,500.0,623.0,623.0,123.0,123.0
lotto649,大樂透,2013-W42,train,trained_family_ensemble,8,2,500.0,100.0,100.0,-400.0,-400.0
lotto649,大樂透,2013-W43,train,current_ensemble,8,2,500.0,200.0,200.0,-300.0,-300.0
lotto649,大樂透,2013-W43,train,random_5,8,2,500.0,200.0,200.0,-300.0,-300.0
lotto649,大樂透,2013-W43,train,trained_best_5,8,2,500.0,350.0,350.0,-150.0,-150.0
lotto649,大樂透,2013-W43,train,trained_blend,8,2,500.0,150.0,150.0,-350.0,-350.0
lotto649,大樂透,2013-W43,train,trained_family_ensemble,8,2,500.0,150.0,150.0,-350.0,-350.0
lotto649,大樂透,2013-W44,train,current_ensemble,8,2,500.0,250.0,250.0,-250.0,-250.0
lotto649,大樂透,2013-W44,train,random_5,8,2,500.0,200.0,200.0,-300.0,-300.0
lotto649,大樂透,2013-W44,train,trained_best_5,8,2,500.0,200.0,200.0,-300.0,-300.0
lotto649,大樂透,2013-W44,train,trained_blend,8,2,500.0,525.0,525.0,25.0,25.0
lotto649,大樂透,2013-W44,train,trained_family_ensemble,8,2,500.0,325.0,325.0,-175.0,-175.0
lotto649,大樂透,2013-W45,train,current_ensemble,8,2,500.0,50.0,50.0,-450.0,-450.0
lotto649,大樂透,2013-W45,train,random_5,8,2,500.0,225.0,225.0,-275.0,-275.0
lotto649,大樂透,2013-W45,train,trained_best_5,8,2,500.0,250.0,250.0,-250.0,-250.0
lotto649,大樂透,2013-W45,train,trained_blend,8,2,500.0,0.0,0.0,-500.0,-500.0
lotto649,大樂透,2013-W45,train,trained_family_ensemble,8,2,500.0,100.0,100.0,-400.0,-400.0
lotto649,大樂透,2013-W46,train,current_ensemble,8,2,500.0,150.0,150.0,-350.0,-350.0
lotto649,大樂透,2013-W46,train,random_5,8,2,500.0,0.0,0.0,-500.0,-500.0
lotto649,大樂透,2013-W46,train,trained_best_5,8,2,500.0,50.0,50.0,-450.0,-450.0
lotto649,大樂透,2013-W46,train,trained_blend,8,2,500.0,0.0,0.0,-500.0,-500.0
lotto649,大樂透,2013-W46,train,trained_family_ensemble,8,2,500.0,100.0,100.0,-400.0,-400.0
lotto649,大樂透,2013-W47,train,current_ensemble,8,2,500.0,150.0,150.0,-350.0,-350.0
lotto649,大樂透,2013-W47,train,random_5,8,2,500.0,250.0,250.0,-250.0,-250.0
lotto649,大樂透,2013-W47,train,trained_best_5,8,2,500.0,300.0,300.0,-200.0,-200.0
lotto649,大樂透,2013-W47,train,trained_blend,8,2,500.0,150.0,150.0,-350.0,-350.0
lotto649,大樂透,2013-W47,train,trained_family_ensemble,8,2,500.0,325.0,325.0,-175.0,-175.0
lotto649,大樂透,2013-W48,train,current_ensemble,8,2,500.0,200.0,200.0,-300.0,-300.0
lotto649,大樂透,2013-W48,train,random_5,8,2,500.0,100.0,100.0,-400.0,-400.0
lotto649,大樂透,2013-W48,train,trained_best_5,8,2,500.0,150.0,150.0,-350.0,-350.0
lotto649,大樂透,2013-W48,train,trained_blend,8,2,500.0,200.0,200.0,-300.0,-300.0
lotto649,大樂透,2013-W48,train,trained_family_ensemble,8,2,500.0,100.0,100.0,-400.0,-400.0
lotto649,大樂透,2013-W49,train,current_ensemble,8,2,500.0,225.0,225.0,-275.0,-275.0
lotto649,大樂透,2013-W49,train,random_5,8,2,500.0,0.0,0.0,-500.0,-500.0
lotto649,大樂透,2013-W49,train,trained_best_5,8,2,500.0,0.0,0.0,-500.0,-500.0
lotto649,大樂透,2013-W49,train,trained_blend,8,2,500.0,200.0,200.0,-300.0,-300.0
lotto649,大樂透,2013-W49,train,trained_family_ensemble,8,2,500.0,200.0,200.0,-300.0,-300.0
lotto649,大樂透,2013-W50,train,current_ensemble,8,2,500.0,50.0,50.0,-450.0,-450.0
lotto649,大樂透,2013-W50,train,random_5,8,2,500.0,50.0,50.0,-450.0,-450.0
lotto649,大樂透,2013-W50,train,trained_best_5,8,2,500.0,375.0,375.0,-125.0,-125.0
lotto649,大樂透,2013-W50,train,trained_blend,8,2,500.0,100.0,100.0,-400.0,-400.0
lotto649,大樂透,2013-W50,train,trained_family_ensemble,8,2,500.0,275.0,275.0,-225.0,-225.0
lotto649,大樂透,2013-W51,train,current_ensemble,8,2,500.0,300.0,300.0,-200.0,-200.0
lotto649,大樂透,2013-W51,train,random_5,8,2,500.0,150.0,150.0,-350.0,-350.0
lotto649,大樂透,2013-W51,train,trained_best_5,8,2,500.0,0.0,0.0,-500.0,-500.0
lotto649,大樂透,2013-W51,train,trained_blend,8,2,500.0,200.0,200.0,-300.0,-300.0
lotto649,大樂透,2013-W51,train,trained_family_ensemble,8,2,500.0,250.0,250.0,-250.0,-250.0
lotto649,大樂透,2013-W52,train,current_ensemble,8,2,500.0,871.125,871.125,371.125,371.125
lotto649,大樂透,2013-W52,train,random_5,8,2,500.0,250.0,250.0,-250.0,-250.0
lotto649,大樂透,2013-W52,train,trained_best_5,8,2,500.0,100.0,100.0,-400.0,-400.0
lotto649,大樂透,2013-W52,train,trained_blend,8,2,500.0,200.0,200.0,-300.0,-300.0
lotto649,大樂透,2013-W52,train,trained_family_ensemble,8,2,500.0,200.0,200.0,-300.0,-300.0
lotto649,大樂透,2014-W01,train,current_ensemble,8,2,500.0,325.0,325.0,-175.0,-175.0
lotto649,大樂透,2014-W01,train,random_5,8,2,500.0,100.0,100.0,-400.0,-400.0
lotto649,大樂透,2014-W01,train,trained_best_5,8,2,500.0,100.0,100.0,-400.0,-400.0
lotto649,大樂透,2014-W01,train,trained_blend,8,2,500.0,100.0,100.0,-400.0,-400.0
lotto649,大樂透,2014-W01,train,trained_family_ensemble,8,2,500.0,200.0,200.0,-300.0,-300.0
lotto649,大樂透,2014-W02,train,current_ensemble,8,2,500.0,350.0,350.0,-150.0,-150.0
lotto649,大樂透,2014-W02,train,random_5,8,2,500.0,100.0,100.0,-400.0,-400.0
lotto649,大樂透,2014-W02,train,trained_best_5,8,2,500.0,610.125,610.125,110.125,110.125
lotto649,大樂透,2014-W02,train,trained_blend,8,2,500.0,425.0,425.0,-75.0,-75.0
lotto649,大樂透,2014-W02,train,trained_family_ensemble,8,2,500.0,250.0,250.0,-250.0,-250.0
lotto649,大樂透,2014-W03,train,current_ensemble,8,2,500.0,0.0,0.0,-500.0,-500.0
lotto649,大樂透,2014-W03,train,random_5,8,2,500.0,0.0,0.0,-500.0,-500.0
lotto649,大樂透,2014-W03,train,trained_best_5,8,2,500.0,100.0,100.0,-400.0,-400.0
lotto649,大樂透,2014-W03,train,trained_blend,8,2,500.0,100.0,100.0,-400.0,-400.0
lotto649,大樂透,2014-W03,train,trained_family_ensemble,8,2,500.0,50.0,50.0,-450.0,-450.0
lotto649,大樂透,2014-W04,train,current_ensemble,8,2,500.0,718.25,718.25,218.25,218.25
lotto649,大樂透,2014-W04,train,random_5,8,2,500.0,718.25,718.25,218.25,218.25
lotto649,大樂透,2014-W04,train,trained_best_5,8,2,500.0,651.75,651.75,151.75,151.75
lotto649,大樂透,2014-W04,train,trained_blend,8,2,500.0,668.25,668.25,168.25,168.25
lotto649,大樂透,2014-W04,train,trained_family_ensemble,8,2,500.0,818.25,818.25,318.25,318.25
lotto649,大樂透,2014-W05,train,current_ensemble,8,5,1250.0,200.0,200.0,-1050.0,-1050.0
lotto649,大樂透,2014-W05,train,random_5,8,5,1250.0,450.0,450.0,-800.0,-800.0
lotto649,大樂透,2014-W05,train,trained_best_5,8,5,1250.0,300.0,300.0,-950.0,-950.0
lotto649,大樂透,2014-W05,train,trained_blend,8,5,1250.0,100.0,100.0,-1150.0,-1150.0
lotto649,大樂透,2014-W05,train,trained_family_ensemble,8,5,1250.0,250.0,250.0,-1000.0,-1000.0
lotto649,大樂透,2014-W06,train,current_ensemble,8,3,750.0,425.0,425.0,-325.0,-325.0
lotto649,大樂透,2014-W06,train,random_5,8,3,750.0,100.0,100.0,-650.0,-650.0
lotto649,大樂透,2014-W06,train,trained_best_5,8,3,750.0,150.0,150.0,-600.0,-600.0
lotto649,大樂透,2014-W06,train,trained_blend,8,3,750.0,300.0,300.0,-450.0,-450.0
lotto649,大樂透,2014-W06,train,trained_family_ensemble,8,3,750.0,250.0,250.0,-500.0,-500.0
lotto649,大樂透,2014-W07,train,current_ensemble,8,2,500.0,50.0,50.0,-450.0,-450.0
lotto649,大樂透,2014-W07,train,random_5,8,2,500.0,0.0,0.0,-500.0,-500.0
lotto649,大樂透,2014-W07,train,trained_best_5,8,2,500.0,0.0,0.0,-500.0,-500.0
lotto649,大樂透,2014-W07,train,trained_blend,8,2,500.0,50.0,50.0,-450.0,-450.0
lotto649,大樂透,2014-W07,train,trained_family_ensemble,8,2,500.0,50.0,50.0,-450.0,-450.0
lotto649,大樂透,2014-W08,train,current_ensemble,8,2,500.0,50.0,50.0,-450.0,-450.0
lotto649,大樂透,2014-W08,train,random_5,8,2,500.0,125.0,125.0,-375.0,-375.0
lotto649,大樂透,2014-W08,train,trained_best_5,8,2,500.0,100.0,100.0,-400.0,-400.0
lotto649,大樂透,2014-W08,train,trained_blend,8,2,500.0,0.0,0.0,-500.0,-500.0
lotto649,大樂透,2014-W08,train,trained_family_ensemble,8,2,500.0,0.0,0.0,-500.0,-500.0
lotto649,大樂透,2014-W09,train,current_ensemble,8,2,500.0,650.125,650.125,150.125,150.125
lotto649,大樂透,2014-W09,train,random_5,8,2,500.0,700.125,700.125,200.125,200.125
lotto649,大樂透,2014-W09,train,trained_best_5,8,2,500.0,225.0,225.0,-275.0,-275.0
lotto649,大樂透,2014-W09,train,trained_blend,8,2,500.0,225.0,225.0,-275.0,-275.0
lotto649,大樂透,2014-W09,train,trained_family_ensemble,8,2,500.0,100.0,100.0,-400.0,-400.0
lotto649,大樂透,2014-W10,train,current_ensemble,8,2,500.0,50.0,50.0,-450.0,-450.0
lotto649,大樂透,2014-W10,train,random_5,8,2,500.0,0.0,0.0,-500.0,-500.0
lotto649,大樂透,2014-W10,train,trained_best_5,8,2,500.0,100.0,100.0,-400.0,-400.0
lotto649,大樂透,2014-W10,train,trained_blend,8,2,500.0,50.0,50.0,-450.0,-450.0
lotto649,大樂透,2014-W10,train,trained_family_ensemble,8,2,500.0,0.0,0.0,-500.0,-500.0
lotto649,大樂透,2014-W11,train,current_ensemble,8,2,500.0,50.0,50.0,-450.0,-450.0
lotto649,大樂透,2014-W11,train,random_5,8,2,500.0,50.0,50.0,-450.0,-450.0
lotto649,大樂透,2014-W11,train,trained_best_5,8,2,500.0,200.0,200.0,-300.0,-300.0
lotto649,大樂透,2014-W11,train,trained_blend,8,2,500.0,50.0,50.0,-450.0,-450.0
lotto649,大樂透,2014-W11,train,trained_family_ensemble,8,2,500.0,150.0,150.0,-350.0,-350.0
lotto649,大樂透,2014-W12,train,current_ensemble,8,2,500.0,100.0,100.0,-400.0,-400.0
lotto649,大樂透,2014-W12,train,random_5,8,2,500.0,100.0,100.0,-400.0,-400.0
lotto649,大樂透,2014-W12,train,trained_best_5,8,2,500.0,0.0,0.0,-500.0,-500.0
lotto649,大樂透,2014-W12,train,trained_blend,8,2,500.0,0.0,0.0,-500.0,-500.0
lotto649,大樂透,2014-W12,train,trained_family_ensemble,8,2,500.0,50.0,50.0,-450.0,-450.0
lotto649,大樂透,2014-W13,train,current_ensemble,8,2,500.0,100.0,100.0,-400.0,-400.0
lotto649,大樂透,2014-W13,train,random_5,8,2,500.0,200.0,200.0,-300.0,-300.0
lotto649,大樂透,2014-W13,train,trained_best_5,8,2,500.0,50.0,50.0,-450.0,-450.0
lotto649,大樂透,2014-W13,train,trained_blend,8,2,500.0,150.0,150.0,-350.0,-350.0
lotto649,大樂透,2014-W13,train,trained_family_ensemble,8,2,500.0,100.0,100.0,-400.0,-400.0
lotto649,大樂透,2014-W14,train,current_ensemble,8,2,500.0,150.0,150.0,-350.0,-350.0
lotto649,大樂透,2014-W14,train,random_5,8,2,500.0,0.0,0.0,-500.0,-500.0
lotto649,大樂透,2014-W14,train,trained_best_5,8,2,500.0,300.0,300.0,-200.0,-200.0
lotto649,大樂透,2014-W14,train,trained_blend,8,2,500.0,50.0,50.0,-450.0,-450.0
lotto649,大樂透,2014-W14,train,trained_family_ensemble,8,2,500.0,250.0,250.0,-250.0,-250.0
lotto649,大樂透,2014-W15,train,current_ensemble,8,2,500.0,150.0,150.0,-350.0,-350.0
lotto649,大樂透,2014-W15,train,random_5,8,2,500.0,100.0,100.0,-400.0,-400.0
lotto649,大樂透,2014-W15,train,trained_best_5,8,2,500.0,50.0,50.0,-450.0,-450.0
lotto649,大樂透,2014-W15,train,trained_blend,8,2,500.0,150.0,150.0,-350.0,-350.0
lotto649,大樂透,2014-W15,train,trained_family_ensemble,8,2,500.0,50.0,50.0,-450.0,-450.0
lotto649,大樂透,2014-W16,train,current_ensemble,8,2,500.0,175.0,175.0,-325.0,-325.0
lotto649,大樂透,2014-W16,train,random_5,8,2,500.0,100.0,100.0,-400.0,-400.0
lotto649,大樂透,2014-W16,train,trained_best_5,8,2,500.0,300.0,300.0,-200.0,-200.0
lotto649,大樂透,2014-W16,train,trained_blend,8,2,500.0,50.0,50.0,-450.0,-450.0
lotto649,大樂透,2014-W16,train,trained_family_ensemble,8,2,500.0,100.0,100.0,-400.0,-400.0
lotto649,大樂透,2014-W17,train,current_ensemble,8,2,500.0,100.0,100.0,-400.0,-400.0
lotto649,大樂透,2014-W17,train,random_5,8,2,500.0,200.0,200.0,-300.0,-300.0
lotto649,大樂透,2014-W17,train,trained_best_5,8,2,500.0,100.0,100.0,-400.0,-400.0
lotto649,大樂透,2014-W17,train,trained_blend,8,2,500.0,0.0,0.0,-500.0,-500.0
lotto649,大樂透,2014-W17,train,trained_family_ensemble,8,2,500.0,50.0,50.0,-450.0,-450.0
lotto649,大樂透,2014-W18,train,current_ensemble,8,2,500.0,778.875,778.875,278.875,278.875
lotto649,大樂透,2014-W18,train,random_5,8,2,500.0,250.0,250.0,-250.0,-250.0
lotto649,大樂透,2014-W18,train,trained_best_5,8,2,500.0,175.0,175.0,-325.0,-325.0
lotto649,大樂透,2014-W18,train,trained_blend,8,2,500.0,100.0,100.0,-400.0,-400.0
lotto649,大樂透,2014-W18,train,trained_family_ensemble,8,2,500.0,150.0,150.0,-350.0,-350.0
lotto649,大樂透,2014-W19,train,current_ensemble,8,2,500.0,50.0,50.0,-450.0,-450.0
lotto649,大樂透,2014-W19,train,random_5,8,2,500.0,150.0,150.0,-350.0,-350.0
lotto649,大樂透,2014-W19,train,trained_best_5,8,2,500.0,775.5,775.5,275.5,275.5
lotto649,大樂透,2014-W19,train,trained_blend,8,2,500.0,100.0,100.0,-400.0,-400.0
lotto649,大樂透,2014-W19,train,trained_family_ensemble,8,2,500.0,50.0,50.0,-450.0,-450.0
lotto649,大樂透,2014-W20,train,current_ensemble,8,2,500.0,200.0,200.0,-300.0,-300.0
lotto649,大樂透,2014-W20,train,random_5,8,2,500.0,375.0,375.0,-125.0,-125.0
lotto649,大樂透,2014-W20,train,trained_best_5,8,2,500.0,200.0,200.0,-300.0,-300.0
lotto649,大樂透,2014-W20,train,trained_blend,8,2,500.0,425.0,425.0,-75.0,-75.0
lotto649,大樂透,2014-W20,train,trained_family_ensemble,8,2,500.0,200.0,200.0,-300.0,-300.0
lotto649,大樂透,2014-W21,train,current_ensemble,8,2,500.0,50.0,50.0,-450.0,-450.0
lotto649,大樂透,2014-W21,train,random_5,8,2,500.0,350.0,350.0,-150.0,-150.0
lotto649,大樂透,2014-W21,train,trained_best_5,8,2,500.0,100.0,100.0,-400.0,-400.0
lotto649,大樂透,2014-W21,train,trained_blend,8,2,500.0,350.0,350.0,-150.0,-150.0
lotto649,大樂透,2014-W21,train,trained_family_ensemble,8,2,500.0,225.0,225.0,-275.0,-275.0
lotto649,大樂透,2014-W22,train,current_ensemble,8,2,500.0,225.0,225.0,-275.0,-275.0
lotto649,大樂透,2014-W22,train,random_5,8,2,500.0,100.0,100.0,-400.0,-400.0
lotto649,大樂透,2014-W22,train,trained_best_5,8,2,500.0,150.0,150.0,-350.0,-350.0
lotto649,大樂透,2014-W22,train,trained_blend,8,2,500.0,150.0,150.0,-350.0,-350.0
lotto649,大樂透,2014-W22,train,trained_family_ensemble,8,2,500.0,100.0,100.0,-400.0,-400.0
lotto649,大樂透,2014-W23,train,current_ensemble,8,2,500.0,200.0,200.0,-300.0,-300.0
lotto649,大樂透,2014-W23,train,random_5,8,2,500.0,150.0,150.0,-350.0,-350.0
lotto649,大樂透,2014-W23,train,trained_best_5,8,2,500.0,250.0,250.0,-250.0,-250.0
lotto649,大樂透,2014-W23,train,trained_blend,8,2,500.0,150.0,150.0,-350.0,-350.0
lotto649,大樂透,2014-W23,train,trained_family_ensemble,8,2,500.0,350.0,350.0,-150.0,-150.0
lotto649,大樂透,2014-W24,train,current_ensemble,8,2,500.0,0.0,0.0,-500.0,-500.0
lotto649,大樂透,2014-W24,train,random_5,8,2,500.0,50.0,50.0,-450.0,-450.0
lotto649,大樂透,2014-W24,train,trained_best_5,8,2,500.0,150.0,150.0,-350.0,-350.0
lotto649,大樂透,2014-W24,train,trained_blend,8,2,500.0,50.0,50.0,-450.0,-450.0
lotto649,大樂透,2014-W24,train,trained_family_ensemble,8,2,500.0,100.0,100.0,-400.0,-400.0
lotto649,大樂透,2014-W25,train,current_ensemble,8,2,500.0,686.5,686.5,186.5,186.5
lotto649,大樂透,2014-W25,train,random_5,8,2,500.0,586.5,586.5,86.5,86.5
lotto649,大樂透,2014-W25,train,trained_best_5,8,2,500.0,200.0,200.0,-300.0,-300.0
lotto649,大樂透,2014-W25,train,trained_blend,8,2,500.0,1411.875,1411.875,911.875,911.875
lotto649,大樂透,2014-W25,train,trained_family_ensemble,8,2,500.0,1261.875,1261.875,761.875,761.875
lotto649,大樂透,2014-W26,train,current_ensemble,8,2,500.0,200.0,200.0,-300.0,-300.0
lotto649,大樂透,2014-W26,train,random_5,8,2,500.0,50.0,50.0,-450.0,-450.0
lotto649,大樂透,2014-W26,train,trained_best_5,8,2,500.0,0.0,0.0,-500.0,-500.0
lotto649,大樂透,2014-W26,train,trained_blend,8,2,500.0,50.0,50.0,-450.0,-450.0
lotto649,大樂透,2014-W26,train,trained_family_ensemble,8,2,500.0,100.0,100.0,-400.0,-400.0
lotto649,大樂透,2014-W27,train,current_ensemble,8,2,500.0,150.0,150.0,-350.0,-350.0
lotto649,大樂透,2014-W27,train,random_5,8,2,500.0,175.0,175.0,-325.0,-325.0
lotto649,大樂透,2014-W27,train,trained_best_5,8,2,500.0,175.0,175.0,-325.0,-325.0
lotto649,大樂透,2014-W27,train,trained_blend,8,2,500.0,175.0,175.0,-325.0,-325.0
lotto649,大樂透,2014-W27,train,trained_family_ensemble,8,2,500.0,225.0,225.0,-275.0,-275.0
lotto649,大樂透,2014-W28,train,current_ensemble,8,2,500.0,50.0,50.0,-450.0,-450.0
lotto649,大樂透,2014-W28,train,random_5,8,2,500.0,50.0,50.0,-450.0,-450.0
lotto649,大樂透,2014-W28,train,trained_best_5,8,2,500.0,200.0,200.0,-300.0,-300.0
lotto649,大樂透,2014-W28,train,trained_blend,8,2,500.0,250.0,250.0,-250.0,-250.0
lotto649,大樂透,2014-W28,train,trained_family_ensemble,8,2,500.0,150.0,150.0,-350.0,-350.0
lotto649,大樂透,2014-W29,train,current_ensemble,8,2,500.0,300.0,300.0,-200.0,-200.0
lotto649,大樂透,2014-W29,train,random_5,8,2,500.0,250.0,250.0,-250.0,-250.0
lotto649,大樂透,2014-W29,train,trained_best_5,8,2,500.0,250.0,250.0,-250.0,-250.0
lotto649,大樂透,2014-W29,train,trained_blend,8,2,500.0,150.0,150.0,-350.0,-350.0
lotto649,大樂透,2014-W29,train,trained_family_ensemble,8,2,500.0,100.0,100.0,-400.0,-400.0
lotto649,大樂透,2014-W30,train,current_ensemble,8,2,500.0,100.0,100.0,-400.0,-400.0
lotto649,大樂透,2014-W30,train,random_5,8,2,500.0,50.0,50.0,-450.0,-450.0
lotto649,大樂透,2014-W30,train,trained_best_5,8,2,500.0,200.0,200.0,-300.0,-300.0
lotto649,大樂透,2014-W30,train,trained_blend,8,2,500.0,0.0,0.0,-500.0,-500.0
lotto649,大樂透,2014-W30,train,trained_family_ensemble,8,2,500.0,150.0,150.0,-350.0,-350.0
lotto649,大樂透,2014-W31,train,current_ensemble,8,2,500.0,100.0,100.0,-400.0,-400.0
lotto649,大樂透,2014-W31,train,random_5,8,2,500.0,150.0,150.0,-350.0,-350.0
lotto649,大樂透,2014-W31,train,trained_best_5,8,2,500.0,100.0,100.0,-400.0,-400.0
lotto649,大樂透,2014-W31,train,trained_blend,8,2,500.0,100.0,100.0,-400.0,-400.0
lotto649,大樂透,2014-W31,train,trained_family_ensemble,8,2,500.0,100.0,100.0,-400.0,-400.0
lotto649,大樂透,2014-W32,train,current_ensemble,8,2,500.0,250.0,250.0,-250.0,-250.0
lotto649,大樂透,2014-W32,train,random_5,8,2,500.0,150.0,150.0,-350.0,-350.0
lotto649,大樂透,2014-W32,train,trained_best_5,8,2,500.0,50.0,50.0,-450.0,-450.0
lotto649,大樂透,2014-W32,train,trained_blend,8,2,500.0,615.625,615.625,115.625,115.625
lotto649,大樂透,2014-W32,train,trained_family_ensemble,8,2,500.0,665.625,665.625,165.625,165.625
lotto649,大樂透,2014-W33,train,current_ensemble,8,2,500.0,150.0,150.0,-350.0,-350.0
lotto649,大樂透,2014-W33,train,random_5,8,2,500.0,100.0,100.0,-400.0,-400.0
lotto649,大樂透,2014-W33,train,trained_best_5,8,2,500.0,50.0,50.0,-450.0,-450.0
lotto649,大樂透,2014-W33,train,trained_blend,8,2,500.0,150.0,150.0,-350.0,-350.0
lotto649,大樂透,2014-W33,train,trained_family_ensemble,8,2,500.0,200.0,200.0,-300.0,-300.0
lotto649,大樂透,2014-W34,train,current_ensemble,8,2,500.0,150.0,150.0,-350.0,-350.0
lotto649,大樂透,2014-W34,train,random_5,8,2,500.0,150.0,150.0,-350.0,-350.0
lotto649,大樂透,2014-W34,train,trained_best_5,8,2,500.0,100.0,100.0,-400.0,-400.0
lotto649,大樂透,2014-W34,train,trained_blend,8,2,500.0,50.0,50.0,-450.0,-450.0
lotto649,大樂透,2014-W34,train,trained_family_ensemble,8,2,500.0,150.0,150.0,-350.0,-350.0
lotto649,大樂透,2014-W35,train,current_ensemble,8,2,500.0,50.0,50.0,-450.0,-450.0
lotto649,大樂透,2014-W35,train,random_5,8,2,500.0,150.0,150.0,-350.0,-350.0
lotto649,大樂透,2014-W35,train,trained_best_5,8,2,500.0,150.0,150.0,-350.0,-350.0
lotto649,大樂透,2014-W35,train,trained_blend,8,2,500.0,0.0,0.0,-500.0,-500.0
lotto649,大樂透,2014-W35,train,trained_family_ensemble,8,2,500.0,50.0,50.0,-450.0,-450.0
lotto649,大樂透,2014-W36,train,current_ensemble,8,2,500.0,250.0,250.0,-250.0,-250.0
lotto649,大樂透,2014-W36,train,random_5,8,2,500.0,100.0,100.0,-400.0,-400.0
lotto649,大樂透,2014-W36,train,trained_best_5,8,2,500.0,0.0,0.0,-500.0,-500.0
lotto649,大樂透,2014-W36,train,trained_blend,8,2,500.0,100.0,100.0,-400.0,-400.0
lotto649,大樂透,2014-W36,train,trained_family_ensemble,8,2,500.0,719.0,719.0,219.0,219.0
lotto649,大樂透,2014-W37,train,current_ensemble,8,2,500.0,741.75,741.75,241.75,241.75
lotto649,大樂透,2014-W37,train,random_5,8,2,500.0,100.0,100.0,-400.0,-400.0
lotto649,大樂透,2014-W37,train,trained_best_5,8,2,500.0,250.0,250.0,-250.0,-250.0
lotto649,大樂透,2014-W37,train,trained_blend,8,2,500.0,200.0,200.0,-300.0,-300.0
lotto649,大樂透,2014-W37,train,trained_family_ensemble,8,2,500.0,791.75,791.75,291.75,291.75
lotto649,大樂透,2014-W38,train,current_ensemble,8,2,500.0,100.0,100.0,-400.0,-400.0
lotto649,大樂透,2014-W38,train,random_5,8,2,500.0,100.0,100.0,-400.0,-400.0
lotto649,大樂透,2014-W38,train,trained_best_5,8,2,500.0,100.0,100.0,-400.0,-400.0
lotto649,大樂透,2014-W38,train,trained_blend,8,2,500.0,0.0,0.0,-500.0,-500.0
lotto649,大樂透,2014-W38,train,trained_family_ensemble,8,2,500.0,150.0,150.0,-350.0,-350.0
lotto649,大樂透,2014-W39,train,current_ensemble,8,2,500.0,50.0,50.0,-450.0,-450.0
lotto649,大樂透,2014-W39,train,random_5,8,2,500.0,0.0,0.0,-500.0,-500.0
lotto649,大樂透,2014-W39,train,trained_best_5,8,2,500.0,0.0,0.0,-500.0,-500.0
lotto649,大樂透,2014-W39,train,trained_blend,8,2,500.0,0.0,0.0,-500.0,-500.0
lotto649,大樂透,2014-W39,train,trained_family_ensemble,8,2,500.0,100.0,100.0,-400.0,-400.0
lotto649,大樂透,2014-W40,train,current_ensemble,8,2,500.0,50.0,50.0,-450.0,-450.0
lotto649,大樂透,2014-W40,train,random_5,8,2,500.0,100.0,100.0,-400.0,-400.0
lotto649,大樂透,2014-W40,train,trained_best_5,8,2,500.0,326.375,326.375,-173.625,-173.625
lotto649,大樂透,2014-W40,train,trained_blend,8,2,500.0,100.0,100.0,-400.0,-400.0
lotto649,大樂透,2014-W40,train,trained_family_ensemble,8,2,500.0,226.375,226.375,-273.625,-273.625
lotto649,大樂透,2014-W41,train,current_ensemble,8,2,500.0,150.0,150.0,-350.0,-350.0
lotto649,大樂透,2014-W41,train,random_5,8,2,500.0,398.0,398.0,-102.0,-102.0
lotto649,大樂透,2014-W41,train,trained_best_5,8,2,500.0,100.0,100.0,-400.0,-400.0
lotto649,大樂透,2014-W41,train,trained_blend,8,2,500.0,200.0,200.0,-300.0,-300.0
lotto649,大樂透,2014-W41,train,trained_family_ensemble,8,2,500.0,200.0,200.0,-300.0,-300.0
lotto649,大樂透,2014-W42,train,current_ensemble,8,2,500.0,0.0,0.0,-500.0,-500.0
lotto649,大樂透,2014-W42,train,random_5,8,2,500.0,100.0,100.0,-400.0,-400.0
lotto649,大樂透,2014-W42,train,trained_best_5,8,2,500.0,50.0,50.0,-450.0,-450.0
lotto649,大樂透,2014-W42,train,trained_blend,8,2,500.0,0.0,0.0,-500.0,-500.0
lotto649,大樂透,2014-W42,train,trained_family_ensemble,8,2,500.0,50.0,50.0,-450.0,-450.0
lotto649,大樂透,2014-W43,train,current_ensemble,8,2,500.0,150.0,150.0,-350.0,-350.0
lotto649,大樂透,2014-W43,train,random_5,8,2,500.0,50.0,50.0,-450.0,-450.0
lotto649,大樂透,2014-W43,train,trained_best_5,8,2,500.0,873.25,873.25,373.25,373.25
lotto649,大樂透,2014-W43,train,trained_blend,8,2,500.0,274.125,274.125,-225.875,-225.875
lotto649,大樂透,2014-W43,train,trained_family_ensemble,8,2,500.0,266.25,266.25,-233.75,-233.75
lotto649,大樂透,2014-W44,train,current_ensemble,8,2,500.0,50.0,50.0,-450.0,-450.0
lotto649,大樂透,2014-W44,train,random_5,8,2,500.0,50.0,50.0,-450.0,-450.0
lotto649,大樂透,2014-W44,train,trained_best_5,8,2,500.0,0.0,0.0,-500.0,-500.0
lotto649,大樂透,2014-W44,train,trained_blend,8,2,500.0,200.0,200.0,-300.0,-300.0
lotto649,大樂透,2014-W44,train,trained_family_ensemble,8,2,500.0,100.0,100.0,-400.0,-400.0
lotto649,大樂透,2014-W45,train,current_ensemble,8,2,500.0,100.0,100.0,-400.0,-400.0
lotto649,大樂透,2014-W45,train,random_5,8,2,500.0,0.0,0.0,-500.0,-500.0
lotto649,大樂透,2014-W45,train,trained_best_5,8,2,500.0,200.0,200.0,-300.0,-300.0
lotto649,大樂透,2014-W45,train,trained_blend,8,2,500.0,50.0,50.0,-450.0,-450.0
lotto649,大樂透,2014-W45,train,trained_family_ensemble,8,2,500.0,100.0,100.0,-400.0,-400.0
lotto649,大樂透,2014-W46,train,current_ensemble,8,2,500.0,200.0,200.0,-300.0,-300.0
lotto649,大樂透,2014-W46,train,random_5,8,2,500.0,200.0,200.0,-300.0,-300.0
lotto649,大樂透,2014-W46,train,trained_best_5,8,2,500.0,100.0,100.0,-400.0,-400.0
lotto649,大樂透,2014-W46,train,trained_blend,8,2,500.0,150.0,150.0,-350.0,-350.0
lotto649,大樂透,2014-W46,train,trained_family_ensemble,8,2,500.0,0.0,0.0,-500.0,-500.0
lotto649,大樂透,2014-W47,train,current_ensemble,8,2,500.0,100.0,100.0,-400.0,-400.0
lotto649,大樂透,2014-W47,train,random_5,8,2,500.0,200.0,200.0,-300.0,-300.0
lotto649,大樂透,2014-W47,train,trained_best_5,8,2,500.0,150.0,150.0,-350.0,-350.0
lotto649,大樂透,2014-W47,train,trained_blend,8,2,500.0,50.0,50.0,-450.0,-450.0
lotto649,大樂透,2014-W47,train,trained_family_ensemble,8,2,500.0,178.25,178.25,-321.75,-321.75
lotto649,大樂透,2014-W48,train,current_ensemble,8,2,500.0,200.0,200.0,-300.0,-300.0
lotto649,大樂透,2014-W48,train,random_5,8,2,500.0,50.0,50.0,-450.0,-450.0
lotto649,大樂透,2014-W48,train,trained_best_5,8,2,500.0,200.0,200.0,-300.0,-300.0
lotto649,大樂透,2014-W48,train,trained_blend,8,2,500.0,100.0,100.0,-400.0,-400.0
lotto649,大樂透,2014-W48,train,trained_family_ensemble,8,2,500.0,200.0,200.0,-300.0,-300.0
lotto649,大樂透,2014-W49,train,current_ensemble,8,2,500.0,200.0,200.0,-300.0,-300.0
lotto649,大樂透,2014-W49,train,random_5,8,2,500.0,100.0,100.0,-400.0,-400.0
lotto649,大樂透,2014-W49,train,trained_best_5,8,2,500.0,50.0,50.0,-450.0,-450.0
lotto649,大樂透,2014-W49,train,trained_blend,8,2,500.0,100.0,100.0,-400.0,-400.0
lotto649,大樂透,2014-W49,train,trained_family_ensemble,8,2,500.0,100.0,100.0,-400.0,-400.0
lotto649,大樂透,2014-W50,train,current_ensemble,8,2,500.0,268.625,268.625,-231.375,-231.375
lotto649,大樂透,2014-W50,train,random_5,8,2,500.0,318.625,318.625,-181.375,-181.375
lotto649,大樂透,2014-W50,train,trained_best_5,8,2,500.0,0.0,0.0,-500.0,-500.0
lotto649,大樂透,2014-W50,train,trained_blend,8,2,500.0,0.0,0.0,-500.0,-500.0
lotto649,大樂透,2014-W50,train,trained_family_ensemble,8,2,500.0,50.0,50.0,-450.0,-450.0
lotto649,大樂透,2014-W51,train,current_ensemble,8,2,500.0,100.0,100.0,-400.0,-400.0
lotto649,大樂透,2014-W51,train,random_5,8,2,500.0,50.0,50.0,-450.0,-450.0
lotto649,大樂透,2014-W51,train,trained_best_5,8,2,500.0,250.0,250.0,-250.0,-250.0
lotto649,大樂透,2014-W51,train,trained_blend,8,2,500.0,50.0,50.0,-450.0,-450.0
lotto649,大樂透,2014-W51,train,trained_family_ensemble,8,2,500.0,150.0,150.0,-350.0,-350.0
lotto649,大樂透,2014-W52,train,current_ensemble,8,2,500.0,325.0,325.0,-175.0,-175.0
lotto649,大樂透,2014-W52,train,random_5,8,2,500.0,100.0,100.0,-400.0,-400.0
lotto649,大樂透,2014-W52,train,trained_best_5,8,2,500.0,100.0,100.0,-400.0,-400.0
lotto649,大樂透,2014-W52,train,trained_blend,8,2,500.0,100.0,100.0,-400.0,-400.0
lotto649,大樂透,2014-W52,train,trained_family_ensemble,8,2,500.0,150.0,150.0,-350.0,-350.0
lotto649,大樂透,2015-W01,train,current_ensemble,8,2,500.0,150.0,150.0,-350.0,-350.0
lotto649,大樂透,2015-W01,train,random_5,8,2,500.0,50.0,50.0,-450.0,-450.0
lotto649,大樂透,2015-W01,train,trained_best_5,8,2,500.0,250.0,250.0,-250.0,-250.0
lotto649,大樂透,2015-W01,train,trained_blend,8,2,500.0,100.0,100.0,-400.0,-400.0
lotto649,大樂透,2015-W01,train,trained_family_ensemble,8,2,500.0,100.0,100.0,-400.0,-400.0
lotto649,大樂透,2015-W02,train,current_ensemble,8,2,500.0,598.375,598.375,98.375,98.375
lotto649,大樂透,2015-W02,train,random_5,8,2,500.0,50.0,50.0,-450.0,-450.0
lotto649,大樂透,2015-W02,train,trained_best_5,8,2,500.0,100.0,100.0,-400.0,-400.0
lotto649,大樂透,2015-W02,train,trained_blend,8,2,500.0,50.0,50.0,-450.0,-450.0
lotto649,大樂透,2015-W02,train,trained_family_ensemble,8,2,500.0,200.0,200.0,-300.0,-300.0
lotto649,大樂透,2015-W03,train,current_ensemble,8,2,500.0,0.0,0.0,-500.0,-500.0
lotto649,大樂透,2015-W03,train,random_5,8,2,500.0,0.0,0.0,-500.0,-500.0
lotto649,大樂透,2015-W03,train,trained_best_5,8,2,500.0,150.0,150.0,-350.0,-350.0
lotto649,大樂透,2015-W03,train,trained_blend,8,2,500.0,50.0,50.0,-450.0,-450.0
lotto649,大樂透,2015-W03,train,trained_family_ensemble,8,2,500.0,0.0,0.0,-500.0,-500.0
lotto649,大樂透,2015-W04,train,current_ensemble,8,2,500.0,250.0,250.0,-250.0,-250.0
lotto649,大樂透,2015-W04,train,random_5,8,2,500.0,250.0,250.0,-250.0,-250.0
lotto649,大樂透,2015-W04,train,trained_best_5,8,2,500.0,100.0,100.0,-400.0,-400.0
lotto649,大樂透,2015-W04,train,trained_blend,8,2,500.0,150.0,150.0,-350.0,-350.0
lotto649,大樂透,2015-W04,train,trained_family_ensemble,8,2,500.0,250.0,250.0,-250.0,-250.0
lotto649,大樂透,2015-W05,train,current_ensemble,8,2,500.0,0.0,0.0,-500.0,-500.0
lotto649,大樂透,2015-W05,train,random_5,8,2,500.0,375.0,375.0,-125.0,-125.0
lotto649,大樂透,2015-W05,train,trained_best_5,8,2,500.0,100.0,100.0,-400.0,-400.0
lotto649,大樂透,2015-W05,train,trained_blend,8,2,500.0,250.0,250.0,-250.0,-250.0
lotto649,大樂透,2015-W05,train,trained_family_ensemble,8,2,500.0,100.0,100.0,-400.0,-400.0
lotto649,大樂透,2015-W06,train,current_ensemble,8,2,500.0,100.0,100.0,-400.0,-400.0
lotto649,大樂透,2015-W06,train,random_5,8,2,500.0,100.0,100.0,-400.0,-400.0
lotto649,大樂透,2015-W06,train,trained_best_5,8,2,500.0,100.0,100.0,-400.0,-400.0
lotto649,大樂透,2015-W06,train,trained_blend,8,2,500.0,50.0,50.0,-450.0,-450.0
lotto649,大樂透,2015-W06,train,trained_family_ensemble,8,2,500.0,100.0,100.0,-400.0,-400.0
lotto649,大樂透,2015-W07,train,current_ensemble,8,2,500.0,0.0,0.0,-500.0,-500.0
lotto649,大樂透,2015-W07,train,random_5,8,2,500.0,150.0,150.0,-350.0,-350.0
lotto649,大樂透,2015-W07,train,trained_best_5,8,2,500.0,200.0,200.0,-300.0,-300.0
lotto649,大樂透,2015-W07,train,trained_blend,8,2,500.0,50.0,50.0,-450.0,-450.0
lotto649,大樂透,2015-W07,train,trained_family_ensemble,8,2,500.0,250.0,250.0,-250.0,-250.0
lotto649,大樂透,2015-W08,train,current_ensemble,8,6,1500.0,400.0,400.0,-1100.0,-1100.0
lotto649,大樂透,2015-W08,train,random_5,8,6,1500.0,200.0,200.0,-1300.0,-1300.0
lotto649,大樂透,2015-W08,train,trained_best_5,8,6,1500.0,618.75,618.75,-881.25,-881.25
lotto649,大樂透,2015-W08,train,trained_blend,8,6,1500.0,250.0,250.0,-1250.0,-1250.0
lotto649,大樂透,2015-W08,train,trained_family_ensemble,8,6,1500.0,375.0,375.0,-1125.0,-1125.0
lotto649,大樂透,2015-W09,train,current_ensemble,8,3,750.0,300.0,300.0,-450.0,-450.0
lotto649,大樂透,2015-W09,train,random_5,8,3,750.0,150.0,150.0,-600.0,-600.0
lotto649,大樂透,2015-W09,train,trained_best_5,8,3,750.0,375.0,375.0,-375.0,-375.0
lotto649,大樂透,2015-W09,train,trained_blend,8,3,750.0,225.0,225.0,-525.0,-525.0
lotto649,大樂透,2015-W09,train,trained_family_ensemble,8,3,750.0,250.0,250.0,-500.0,-500.0
lotto649,大樂透,2015-W10,train,current_ensemble,8,2,500.0,150.0,150.0,-350.0,-350.0
lotto649,大樂透,2015-W10,train,random_5,8,2,500.0,225.0,225.0,-275.0,-275.0
lotto649,大樂透,2015-W10,train,trained_best_5,8,2,500.0,50.0,50.0,-450.0,-450.0
lotto649,大樂透,2015-W10,train,trained_blend,8,2,500.0,150.0,150.0,-350.0,-350.0
lotto649,大樂透,2015-W10,train,trained_family_ensemble,8,2,500.0,100.0,100.0,-400.0,-400.0
lotto649,大樂透,2015-W11,train,current_ensemble,8,2,500.0,100.0,100.0,-400.0,-400.0
lotto649,大樂透,2015-W11,train,random_5,8,2,500.0,200.0,200.0,-300.0,-300.0
lotto649,大樂透,2015-W11,train,trained_best_5,8,2,500.0,50.0,50.0,-450.0,-450.0
lotto649,大樂透,2015-W11,train,trained_blend,8,2,500.0,150.0,150.0,-350.0,-350.0
lotto649,大樂透,2015-W11,train,trained_family_ensemble,8,2,500.0,250.0,250.0,-250.0,-250.0
lotto649,大樂透,2015-W12,train,current_ensemble,8,2,500.0,350.0,350.0,-150.0,-150.0
lotto649,大樂透,2015-W12,train,random_5,8,2,500.0,100.0,100.0,-400.0,-400.0
lotto649,大樂透,2015-W12,train,trained_best_5,8,2,500.0,100.0,100.0,-400.0,-400.0
lotto649,大樂透,2015-W12,train,trained_blend,8,2,500.0,225.0,225.0,-275.0,-275.0
lotto649,大樂透,2015-W12,train,trained_family_ensemble,8,2,500.0,100.0,100.0,-400.0,-400.0
lotto649,大樂透,2015-W13,train,current_ensemble,8,2,500.0,200.0,200.0,-300.0,-300.0
lotto649,大樂透,2015-W13,train,random_5,8,2,500.0,200.0,200.0,-300.0,-300.0
lotto649,大樂透,2015-W13,train,trained_best_5,8,2,500.0,100.0,100.0,-400.0,-400.0
lotto649,大樂透,2015-W13,train,trained_blend,8,2,500.0,150.0,150.0,-350.0,-350.0
lotto649,大樂透,2015-W13,train,trained_family_ensemble,8,2,500.0,250.0,250.0,-250.0,-250.0
lotto649,大樂透,2015-W14,train,current_ensemble,8,2,500.0,200.0,200.0,-300.0,-300.0
lotto649,大樂透,2015-W14,train,random_5,8,2,500.0,100.0,100.0,-400.0,-400.0
lotto649,大樂透,2015-W14,train,trained_best_5,8,2,500.0,375.0,375.0,-125.0,-125.0
lotto649,大樂透,2015-W14,train,trained_blend,8,2,500.0,200.0,200.0,-300.0,-300.0
lotto649,大樂透,2015-W14,train,trained_family_ensemble,8,2,500.0,350.0,350.0,-150.0,-150.0
lotto649,大樂透,2015-W15,train,current_ensemble,8,2,500.0,100.0,100.0,-400.0,-400.0
lotto649,大樂透,2015-W15,train,random_5,8,2,500.0,100.0,100.0,-400.0,-400.0
lotto649,大樂透,2015-W15,train,trained_best_5,8,2,500.0,100.0,100.0,-400.0,-400.0
lotto649,大樂透,2015-W15,train,trained_blend,8,2,500.0,150.0,150.0,-350.0,-350.0
lotto649,大樂透,2015-W15,train,trained_family_ensemble,8,2,500.0,50.0,50.0,-450.0,-450.0
lotto649,大樂透,2015-W16,train,current_ensemble,8,2,500.0,200.0,200.0,-300.0,-300.0
lotto649,大樂透,2015-W16,train,random_5,8,2,500.0,150.0,150.0,-350.0,-350.0
lotto649,大樂透,2015-W16,train,trained_best_5,8,2,500.0,100.0,100.0,-400.0,-400.0
lotto649,大樂透,2015-W16,train,trained_blend,8,2,500.0,279.5,279.5,-220.5,-220.5
lotto649,大樂透,2015-W16,train,trained_family_ensemble,8,2,500.0,175.0,175.0,-325.0,-325.0
lotto649,大樂透,2015-W17,train,current_ensemble,8,2,500.0,150.0,150.0,-350.0,-350.0
lotto649,大樂透,2015-W17,train,random_5,8,2,500.0,250.0,250.0,-250.0,-250.0
lotto649,大樂透,2015-W17,train,trained_best_5,8,2,500.0,150.0,150.0,-350.0,-350.0
lotto649,大樂透,2015-W17,train,trained_blend,8,2,500.0,310.125,310.125,-189.875,-189.875
lotto649,大樂透,2015-W17,train,trained_family_ensemble,8,2,500.0,50.0,50.0,-450.0,-450.0
lotto649,大樂透,2015-W18,train,current_ensemble,8,2,500.0,200.0,200.0,-300.0,-300.0
lotto649,大樂透,2015-W18,train,random_5,8,2,500.0,150.0,150.0,-350.0,-350.0
lotto649,大樂透,2015-W18,train,trained_best_5,8,2,500.0,0.0,0.0,-500.0,-500.0
lotto649,大樂透,2015-W18,train,trained_blend,8,2,500.0,150.0,150.0,-350.0,-350.0
lotto649,大樂透,2015-W18,train,trained_family_ensemble,8,2,500.0,150.0,150.0,-350.0,-350.0
lotto649,大樂透,2015-W19,train,current_ensemble,8,2,500.0,50.0,50.0,-450.0,-450.0
lotto649,大樂透,2015-W19,train,random_5,8,2,500.0,100.0,100.0,-400.0,-400.0
lotto649,大樂透,2015-W19,train,trained_best_5,8,2,500.0,50.0,50.0,-450.0,-450.0
lotto649,大樂透,2015-W19,train,trained_blend,8,2,500.0,150.0,150.0,-350.0,-350.0
lotto649,大樂透,2015-W19,train,trained_family_ensemble,8,2,500.0,100.0,100.0,-400.0,-400.0
lotto649,大樂透,2015-W20,train,current_ensemble,8,2,500.0,100.0,100.0,-400.0,-400.0
lotto649,大樂透,2015-W20,train,random_5,8,2,500.0,100.0,100.0,-400.0,-400.0
lotto649,大樂透,2015-W20,train,trained_best_5,8,2,500.0,100.0,100.0,-400.0,-400.0
lotto649,大樂透,2015-W20,train,trained_blend,8,2,500.0,100.0,100.0,-400.0,-400.0
lotto649,大樂透,2015-W20,train,trained_family_ensemble,8,2,500.0,100.0,100.0,-400.0,-400.0
lotto649,大樂透,2015-W21,train,current_ensemble,8,2,500.0,100.0,100.0,-400.0,-400.0
lotto649,大樂透,2015-W21,train,random_5,8,2,500.0,200.0,200.0,-300.0,-300.0
lotto649,大樂透,2015-W21,train,trained_best_5,8,2,500.0,50.0,50.0,-450.0,-450.0
lotto649,大樂透,2015-W21,train,trained_blend,8,2,500.0,150.0,150.0,-350.0,-350.0
lotto649,大樂透,2015-W21,train,trained_family_ensemble,8,2,500.0,50.0,50.0,-450.0,-450.0
lotto649,大樂透,2015-W22,train,current_ensemble,8,2,500.0,200.0,200.0,-300.0,-300.0
lotto649,大樂透,2015-W22,train,random_5,8,2,500.0,50.0,50.0,-450.0,-450.0
lotto649,大樂透,2015-W22,train,trained_best_5,8,2,500.0,200.0,200.0,-300.0,-300.0
lotto649,大樂透,2015-W22,train,trained_blend,8,2,500.0,50.0,50.0,-450.0,-450.0
lotto649,大樂透,2015-W22,train,trained_family_ensemble,8,2,500.0,100.0,100.0,-400.0,-400.0
lotto649,大樂透,2015-W23,train,current_ensemble,8,2,500.0,150.0,150.0,-350.0,-350.0
lotto649,大樂透,2015-W23,train,random_5,8,2,500.0,50.0,50.0,-450.0,-450.0
lotto649,大樂透,2015-W23,train,trained_best_5,8,2,500.0,50.0,50.0,-450.0,-450.0
lotto649,大樂透,2015-W23,train,trained_blend,8,2,500.0,50.0,50.0,-450.0,-450.0
lotto649,大樂透,2015-W23,train,trained_family_ensemble,8,2,500.0,50.0,50.0,-450.0,-450.0
lotto649,大樂透,2015-W24,train,current_ensemble,8,2,500.0,50.0,50.0,-450.0,-450.0
lotto649,大樂透,2015-W24,train,random_5,8,2,500.0,50.0,50.0,-450.0,-450.0
lotto649,大樂透,2015-W24,train,trained_best_5,8,2,500.0,100.0,100.0,-400.0,-400.0
lotto649,大樂透,2015-W24,train,trained_blend,8,2,500.0,0.0,0.0,-500.0,-500.0
lotto649,大樂透,2015-W24,train,trained_family_ensemble,8,2,500.0,150.0,150.0,-350.0,-350.0
lotto649,大樂透,2015-W25,train,current_ensemble,8,2,500.0,100.0,100.0,-400.0,-400.0
lotto649,大樂透,2015-W25,train,random_5,8,2,500.0,50.0,50.0,-450.0,-450.0
lotto649,大樂透,2015-W25,train,trained_best_5,8,2,500.0,100.0,100.0,-400.0,-400.0
lotto649,大樂透,2015-W25,train,trained_blend,8,2,500.0,150.0,150.0,-350.0,-350.0
lotto649,大樂透,2015-W25,train,trained_family_ensemble,8,2,500.0,0.0,0.0,-500.0,-500.0
lotto649,大樂透,2015-W26,train,current_ensemble,8,2,500.0,50.0,50.0,-450.0,-450.0
lotto649,大樂透,2015-W26,train,random_5,8,2,500.0,250.0,250.0,-250.0,-250.0
lotto649,大樂透,2015-W26,train,trained_best_5,8,2,500.0,0.0,0.0,-500.0,-500.0
lotto649,大樂透,2015-W26,train,trained_blend,8,2,500.0,100.0,100.0,-400.0,-400.0
lotto649,大樂透,2015-W26,train,trained_family_ensemble,8,2,500.0,50.0,50.0,-450.0,-450.0
lotto649,大樂透,2015-W27,train,current_ensemble,8,2,500.0,100.0,100.0,-400.0,-400.0
lotto649,大樂透,2015-W27,train,random_5,8,2,500.0,50.0,50.0,-450.0,-450.0
lotto649,大樂透,2015-W27,train,trained_best_5,8,2,500.0,150.0,150.0,-350.0,-350.0
lotto649,大樂透,2015-W27,train,trained_blend,8,2,500.0,50.0,50.0,-450.0,-450.0
lotto649,大樂透,2015-W27,train,trained_family_ensemble,8,2,500.0,100.0,100.0,-400.0,-400.0
lotto649,大樂透,2015-W28,train,current_ensemble,8,2,500.0,100.0,100.0,-400.0,-400.0
lotto649,大樂透,2015-W28,train,random_5,8,2,500.0,225.0,225.0,-275.0,-275.0
lotto649,大樂透,2015-W28,train,trained_best_5,8,2,500.0,50.0,50.0,-450.0,-450.0
lotto649,大樂透,2015-W28,train,trained_blend,8,2,500.0,275.0,275.0,-225.0,-225.0
lotto649,大樂透,2015-W28,train,trained_family_ensemble,8,2,500.0,150.0,150.0,-350.0,-350.0
lotto649,大樂透,2015-W29,train,current_ensemble,8,2,500.0,100.0,100.0,-400.0,-400.0
lotto649,大樂透,2015-W29,train,random_5,8,2,500.0,50.0,50.0,-450.0,-450.0
lotto649,大樂透,2015-W29,train,trained_best_5,8,2,500.0,100.0,100.0,-400.0,-400.0
lotto649,大樂透,2015-W29,train,trained_blend,8,2,500.0,0.0,0.0,-500.0,-500.0
lotto649,大樂透,2015-W29,train,trained_family_ensemble,8,2,500.0,150.0,150.0,-350.0,-350.0
lotto649,大樂透,2015-W30,train,current_ensemble,8,2,500.0,150.0,150.0,-350.0,-350.0
lotto649,大樂透,2015-W30,train,random_5,8,2,500.0,150.0,150.0,-350.0,-350.0
lotto649,大樂透,2015-W30,train,trained_best_5,8,2,500.0,50.0,50.0,-450.0,-450.0
lotto649,大樂透,2015-W30,train,trained_blend,8,2,500.0,250.0,250.0,-250.0,-250.0
lotto649,大樂透,2015-W30,train,trained_family_ensemble,8,2,500.0,100.0,100.0,-400.0,-400.0
lotto649,大樂透,2015-W31,train,current_ensemble,8,2,500.0,50.0,50.0,-450.0,-450.0
lotto649,大樂透,2015-W31,train,random_5,8,2,500.0,50.0,50.0,-450.0,-450.0
lotto649,大樂透,2015-W31,train,trained_best_5,8,2,500.0,224.25,224.25,-275.75,-275.75
lotto649,大樂透,2015-W31,train,trained_blend,8,2,500.0,100.0,100.0,-400.0,-400.0
lotto649,大樂透,2015-W31,train,trained_family_ensemble,8,2,500.0,100.0,100.0,-400.0,-400.0
lotto649,大樂透,2015-W32,train,current_ensemble,8,2,500.0,100.0,100.0,-400.0,-400.0
lotto649,大樂透,2015-W32,train,random_5,8,2,500.0,125.0,125.0,-375.0,-375.0
lotto649,大樂透,2015-W32,train,trained_best_5,8,2,500.0,150.0,150.0,-350.0,-350.0
lotto649,大樂透,2015-W32,train,trained_blend,8,2,500.0,275.0,275.0,-225.0,-225.0
lotto649,大樂透,2015-W32,train,trained_family_ensemble,8,2,500.0,325.0,325.0,-175.0,-175.0
lotto649,大樂透,2015-W33,train,current_ensemble,8,2,500.0,282.375,282.375,-217.625,-217.625
lotto649,大樂透,2015-W33,train,random_5,8,2,500.0,175.0,175.0,-325.0,-325.0
lotto649,大樂透,2015-W33,train,trained_best_5,8,2,500.0,50.0,50.0,-450.0,-450.0
lotto649,大樂透,2015-W33,train,trained_blend,8,2,500.0,250.0,250.0,-250.0,-250.0
lotto649,大樂透,2015-W33,train,trained_family_ensemble,8,2,500.0,150.0,150.0,-350.0,-350.0
lotto649,大樂透,2015-W34,train,current_ensemble,8,2,500.0,225.0,225.0,-275.0,-275.0
lotto649,大樂透,2015-W34,train,random_5,8,2,500.0,375.0,375.0,-125.0,-125.0
lotto649,大樂透,2015-W34,train,trained_best_5,8,2,500.0,100.0,100.0,-400.0,-400.0
lotto649,大樂透,2015-W34,train,trained_blend,8,2,500.0,225.0,225.0,-275.0,-275.0
lotto649,大樂透,2015-W34,train,trained_family_ensemble,8,2,500.0,275.0,275.0,-225.0,-225.0
lotto649,大樂透,2015-W35,train,current_ensemble,8,2,500.0,50.0,50.0,-450.0,-450.0
lotto649,大樂透,2015-W35,train,random_5,8,2,500.0,100.0,100.0,-400.0,-400.0
lotto649,大樂透,2015-W35,train,trained_best_5,8,2,500.0,0.0,0.0,-500.0,-500.0
lotto649,大樂透,2015-W35,train,trained_blend,8,2,500.0,50.0,50.0,-450.0,-450.0
lotto649,大樂透,2015-W35,train,trained_family_ensemble,8,2,500.0,50.0,50.0,-450.0,-450.0
lotto649,大樂透,2015-W36,train,current_ensemble,8,2,500.0,0.0,0.0,-500.0,-500.0
lotto649,大樂透,2015-W36,train,random_5,8,2,500.0,150.0,150.0,-350.0,-350.0
lotto649,大樂透,2015-W36,train,trained_best_5,8,2,500.0,441.875,441.875,-58.125,-58.125
lotto649,大樂透,2015-W36,train,trained_blend,8,2,500.0,391.875,391.875,-108.125,-108.125
lotto649,大樂透,2015-W36,train,trained_family_ensemble,8,2,500.0,50.0,50.0,-450.0,-450.0
lotto649,大樂透,2015-W37,train,current_ensemble,8,2,500.0,150.0,150.0,-350.0,-350.0
lotto649,大樂透,2015-W37,train,random_5,8,2,500.0,200.0,200.0,-300.0,-300.0
lotto649,大樂透,2015-W37,train,trained_best_5,8,2,500.0,50.0,50.0,-450.0,-450.0
lotto649,大樂透,2015-W37,train,trained_blend,8,2,500.0,100.0,100.0,-400.0,-400.0
lotto649,大樂透,2015-W37,train,trained_family_ensemble,8,2,500.0,50.0,50.0,-450.0,-450.0
lotto649,大樂透,2015-W38,train,current_ensemble,8,2,500.0,0.0,0.0,-500.0,-500.0
lotto649,大樂透,2015-W38,train,random_5,8,2,500.0,50.0,50.0,-450.0,-450.0
lotto649,大樂透,2015-W38,train,trained_best_5,8,2,500.0,50.0,50.0,-450.0,-450.0
lotto649,大樂透,2015-W38,train,trained_blend,8,2,500.0,50.0,50.0,-450.0,-450.0
lotto649,大樂透,2015-W38,train,trained_family_ensemble,8,2,500.0,50.0,50.0,-450.0,-450.0
lotto649,大樂透,2015-W39,train,current_ensemble,8,2,500.0,400.0,400.0,-100.0,-100.0
lotto649,大樂透,2015-W39,train,random_5,8,2,500.0,100.0,100.0,-400.0,-400.0
lotto649,大樂透,2015-W39,train,trained_best_5,8,2,500.0,150.0,150.0,-350.0,-350.0
lotto649,大樂透,2015-W39,train,trained_blend,8,2,500.0,0.0,0.0,-500.0,-500.0
lotto649,大樂透,2015-W39,train,trained_family_ensemble,8,2,500.0,100.0,100.0,-400.0,-400.0
lotto649,大樂透,2015-W40,train,current_ensemble,8,2,500.0,175.0,175.0,-325.0,-325.0
lotto649,大樂透,2015-W40,train,random_5,8,2,500.0,175.0,175.0,-325.0,-325.0
lotto649,大樂透,2015-W40,train,trained_best_5,8,2,500.0,0.0,0.0,-500.0,-500.0
lotto649,大樂透,2015-W40,train,trained_blend,8,2,500.0,225.0,225.0,-275.0,-275.0
lotto649,大樂透,2015-W40,train,trained_family_ensemble,8,2,500.0,175.0,175.0,-325.0,-325.0
lotto649,大樂透,2015-W41,train,current_ensemble,8,2,500.0,150.0,150.0,-350.0,-350.0
lotto649,大樂透,2015-W41,train,random_5,8,2,500.0,150.0,150.0,-350.0,-350.0
lotto649,大樂透,2015-W41,train,trained_best_5,8,2,500.0,50.0,50.0,-450.0,-450.0
lotto649,大樂透,2015-W41,train,trained_blend,8,2,500.0,100.0,100.0,-400.0,-400.0
lotto649,大樂透,2015-W41,train,trained_family_ensemble,8,2,500.0,100.0,100.0,-400.0,-400.0
lotto649,大樂透,2015-W42,train,current_ensemble,8,2,500.0,50.0,50.0,-450.0,-450.0
lotto649,大樂透,2015-W42,train,random_5,8,2,500.0,0.0,0.0,-500.0,-500.0
lotto649,大樂透,2015-W42,train,trained_best_5,8,2,500.0,300.0,300.0,-200.0,-200.0
lotto649,大樂透,2015-W42,train,trained_blend,8,2,500.0,50.0,50.0,-450.0,-450.0
lotto649,大樂透,2015-W42,train,trained_family_ensemble,8,2,500.0,300.0,300.0,-200.0,-200.0
lotto649,大樂透,2015-W43,train,current_ensemble,8,2,500.0,175.0,175.0,-325.0,-325.0
lotto649,大樂透,2015-W43,train,random_5,8,2,500.0,225.0,225.0,-275.0,-275.0
lotto649,大樂透,2015-W43,train,trained_best_5,8,2,500.0,100.0,100.0,-400.0,-400.0
lotto649,大樂透,2015-W43,train,trained_blend,8,2,500.0,50.0,50.0,-450.0,-450.0
lotto649,大樂透,2015-W43,train,trained_family_ensemble,8,2,500.0,0.0,0.0,-500.0,-500.0
lotto649,大樂透,2015-W44,train,current_ensemble,8,2,500.0,50.0,50.0,-450.0,-450.0
lotto649,大樂透,2015-W44,train,random_5,8,2,500.0,183.375,183.375,-316.625,-316.625
lotto649,大樂透,2015-W44,train,trained_best_5,8,2,500.0,100.0,100.0,-400.0,-400.0
lotto649,大樂透,2015-W44,train,trained_blend,8,2,500.0,233.375,233.375,-266.625,-266.625
lotto649,大樂透,2015-W44,train,trained_family_ensemble,8,2,500.0,50.0,50.0,-450.0,-450.0
lotto649,大樂透,2015-W45,train,current_ensemble,8,2,500.0,0.0,0.0,-500.0,-500.0
lotto649,大樂透,2015-W45,train,random_5,8,2,500.0,100.0,100.0,-400.0,-400.0
lotto649,大樂透,2015-W45,train,trained_best_5,8,2,500.0,100.0,100.0,-400.0,-400.0
lotto649,大樂透,2015-W45,train,trained_blend,8,2,500.0,0.0,0.0,-500.0,-500.0
lotto649,大樂透,2015-W45,train,trained_family_ensemble,8,2,500.0,50.0,50.0,-450.0,-450.0
lotto649,大樂透,2015-W46,train,current_ensemble,8,2,500.0,0.0,0.0,-500.0,-500.0
lotto649,大樂透,2015-W46,train,random_5,8,2,500.0,50.0,50.0,-450.0,-450.0
lotto649,大樂透,2015-W46,train,trained_best_5,8,2,500.0,0.0,0.0,-500.0,-500.0
lotto649,大樂透,2015-W46,train,trained_blend,8,2,500.0,50.0,50.0,-450.0,-450.0
lotto649,大樂透,2015-W46,train,trained_family_ensemble,8,2,500.0,0.0,0.0,-500.0,-500.0
lotto649,大樂透,2015-W47,train,current_ensemble,8,2,500.0,200.0,200.0,-300.0,-300.0
lotto649,大樂透,2015-W47,train,random_5,8,2,500.0,150.0,150.0,-350.0,-350.0
lotto649,大樂透,2015-W47,train,trained_best_5,8,2,500.0,100.0,100.0,-400.0,-400.0
lotto649,大樂透,2015-W47,train,trained_blend,8,2,500.0,250.0,250.0,-250.0,-250.0
lotto649,大樂透,2015-W47,train,trained_family_ensemble,8,2,500.0,250.0,250.0,-250.0,-250.0
lotto649,大樂透,2015-W48,train,current_ensemble,8,2,500.0,150.0,150.0,-350.0,-350.0
lotto649,大樂透,2015-W48,train,random_5,8,2,500.0,200.0,200.0,-300.0,-300.0
lotto649,大樂透,2015-W48,train,trained_best_5,8,2,500.0,100.0,100.0,-400.0,-400.0
lotto649,大樂透,2015-W48,train,trained_blend,8,2,500.0,100.0,100.0,-400.0,-400.0
lotto649,大樂透,2015-W48,train,trained_family_ensemble,8,2,500.0,150.0,150.0,-350.0,-350.0
lotto649,大樂透,2015-W49,train,current_ensemble,8,2,500.0,175.0,175.0,-325.0,-325.0
lotto649,大樂透,2015-W49,train,random_5,8,2,500.0,50.0,50.0,-450.0,-450.0
lotto649,大樂透,2015-W49,train,trained_best_5,8,2,500.0,150.0,150.0,-350.0,-350.0
lotto649,大樂透,2015-W49,train,trained_blend,8,2,500.0,200.0,200.0,-300.0,-300.0
lotto649,大樂透,2015-W49,train,trained_family_ensemble,8,2,500.0,150.0,150.0,-350.0,-350.0
lotto649,大樂透,2015-W50,train,current_ensemble,8,2,500.0,50.0,50.0,-450.0,-450.0
lotto649,大樂透,2015-W50,train,random_5,8,2,500.0,100.0,100.0,-400.0,-400.0
lotto649,大樂透,2015-W50,train,trained_best_5,8,2,500.0,0.0,0.0,-500.0,-500.0
lotto649,大樂透,2015-W50,train,trained_blend,8,2,500.0,0.0,0.0,-500.0,-500.0
lotto649,大樂透,2015-W50,train,trained_family_ensemble,8,2,500.0,0.0,0.0,-500.0,-500.0
lotto649,大樂透,2015-W51,train,current_ensemble,8,2,500.0,200.0,200.0,-300.0,-300.0
lotto649,大樂透,2015-W51,train,random_5,8,2,500.0,200.0,200.0,-300.0,-300.0
lotto649,大樂透,2015-W51,train,trained_best_5,8,2,500.0,150.0,150.0,-350.0,-350.0
lotto649,大樂透,2015-W51,train,trained_blend,8,2,500.0,50.0,50.0,-450.0,-450.0
lotto649,大樂透,2015-W51,train,trained_family_ensemble,8,2,500.0,225.0,225.0,-275.0,-275.0
lotto649,大樂透,2015-W52,train,current_ensemble,8,2,500.0,225.0,225.0,-275.0,-275.0
lotto649,大樂透,2015-W52,train,random_5,8,2,500.0,50.0,50.0,-450.0,-450.0
lotto649,大樂透,2015-W52,train,trained_best_5,8,2,500.0,100.0,100.0,-400.0,-400.0
lotto649,大樂透,2015-W52,train,trained_blend,8,2,500.0,225.0,225.0,-275.0,-275.0
lotto649,大樂透,2015-W52,train,trained_family_ensemble,8,2,500.0,175.0,175.0,-325.0,-325.0
lotto649,大樂透,2015-W53,train,current_ensemble,8,2,500.0,200.0,200.0,-300.0,-300.0
lotto649,大樂透,2015-W53,train,random_5,8,2,500.0,300.0,300.0,-200.0,-200.0
lotto649,大樂透,2015-W53,train,trained_best_5,8,2,500.0,150.0,150.0,-350.0,-350.0
lotto649,大樂透,2015-W53,train,trained_blend,8,2,500.0,250.0,250.0,-250.0,-250.0
lotto649,大樂透,2015-W53,train,trained_family_ensemble,8,2,500.0,150.0,150.0,-350.0,-350.0
lotto649,大樂透,2016-W01,train,current_ensemble,8,2,500.0,50.0,50.0,-450.0,-450.0
lotto649,大樂透,2016-W01,train,random_5,8,2,500.0,150.0,150.0,-350.0,-350.0
lotto649,大樂透,2016-W01,train,trained_best_5,8,2,500.0,2104.125,2104.125,1604.125,1604.125
lotto649,大樂透,2016-W01,train,trained_blend,8,2,500.0,50.0,50.0,-450.0,-450.0
lotto649,大樂透,2016-W01,train,trained_family_ensemble,8,2,500.0,0.0,0.0,-500.0,-500.0
lotto649,大樂透,2016-W02,train,current_ensemble,8,2,500.0,100.0,100.0,-400.0,-400.0
lotto649,大樂透,2016-W02,train,random_5,8,2,500.0,50.0,50.0,-450.0,-450.0
lotto649,大樂透,2016-W02,train,trained_best_5,8,2,500.0,275.0,275.0,-225.0,-225.0
lotto649,大樂透,2016-W02,train,trained_blend,8,2,500.0,150.0,150.0,-350.0,-350.0
lotto649,大樂透,2016-W02,train,trained_family_ensemble,8,2,500.0,100.0,100.0,-400.0,-400.0
lotto649,大樂透,2016-W03,train,current_ensemble,8,2,500.0,100.0,100.0,-400.0,-400.0
lotto649,大樂透,2016-W03,train,random_5,8,2,500.0,150.0,150.0,-350.0,-350.0
lotto649,大樂透,2016-W03,train,trained_best_5,8,2,500.0,100.0,100.0,-400.0,-400.0
lotto649,大樂透,2016-W03,train,trained_blend,8,2,500.0,485.0,485.0,-15.0,-15.0
lotto649,大樂透,2016-W03,train,trained_family_ensemble,8,2,500.0,385.0,385.0,-115.0,-115.0
lotto649,大樂透,2016-W04,train,current_ensemble,8,2,500.0,250.0,250.0,-250.0,-250.0
lotto649,大樂透,2016-W04,train,random_5,8,2,500.0,100.0,100.0,-400.0,-400.0
lotto649,大樂透,2016-W04,train,trained_best_5,8,2,500.0,125.0,125.0,-375.0,-375.0
lotto649,大樂透,2016-W04,train,trained_blend,8,2,500.0,350.0,350.0,-150.0,-150.0
lotto649,大樂透,2016-W04,train,trained_family_ensemble,8,2,500.0,400.0,400.0,-100.0,-100.0
lotto649,大樂透,2016-W05,train,current_ensemble,8,3,750.0,200.0,200.0,-550.0,-550.0
lotto649,大樂透,2016-W05,train,random_5,8,3,750.0,400.0,400.0,-350.0,-350.0
lotto649,大樂透,2016-W05,train,trained_best_5,8,3,750.0,368.5,368.5,-381.5,-381.5
lotto649,大樂透,2016-W05,train,trained_blend,8,3,750.0,568.5,568.5,-181.5,-181.5
lotto649,大樂透,2016-W05,train,trained_family_ensemble,8,3,750.0,300.0,300.0,-450.0,-450.0
lotto649,大樂透,2016-W06,train,current_ensemble,8,7,1750.0,575.0,575.0,-1175.0,-1175.0
lotto649,大樂透,2016-W06,train,random_5,8,7,1750.0,500.0,500.0,-1250.0,-1250.0
lotto649,大樂透,2016-W06,train,trained_best_5,8,7,1750.0,150.0,150.0,-1600.0,-1600.0
lotto649,大樂透,2016-W06,train,trained_blend,8,7,1750.0,600.0,600.0,-1150.0,-1150.0
lotto649,大樂透,2016-W06,train,trained_family_ensemble,8,7,1750.0,525.0,525.0,-1225.0,-1225.0
lotto649,大樂透,2016-W07,train,current_ensemble,8,2,500.0,50.0,50.0,-450.0,-450.0
lotto649,大樂透,2016-W07,train,random_5,8,2,500.0,50.0,50.0,-450.0,-450.0
lotto649,大樂透,2016-W07,train,trained_best_5,8,2,500.0,150.0,150.0,-350.0,-350.0
lotto649,大樂透,2016-W07,train,trained_blend,8,2,500.0,0.0,0.0,-500.0,-500.0
lotto649,大樂透,2016-W07,train,trained_family_ensemble,8,2,500.0,50.0,50.0,-450.0,-450.0
lotto649,大樂透,2016-W08,train,current_ensemble,8,2,500.0,100.0,100.0,-400.0,-400.0
lotto649,大樂透,2016-W08,train,random_5,8,2,500.0,300.0,300.0,-200.0,-200.0
lotto649,大樂透,2016-W08,train,trained_best_5,8,2,500.0,100.0,100.0,-400.0,-400.0
lotto649,大樂透,2016-W08,train,trained_blend,8,2,500.0,150.0,150.0,-350.0,-350.0
lotto649,大樂透,2016-W08,train,trained_family_ensemble,8,2,500.0,175.0,175.0,-325.0,-325.0
lotto649,大樂透,2016-W09,train,current_ensemble,8,2,500.0,150.0,150.0,-350.0,-350.0
lotto649,大樂透,2016-W09,train,random_5,8,2,500.0,150.0,150.0,-350.0,-350.0
lotto649,大樂透,2016-W09,train,trained_best_5,8,2,500.0,50.0,50.0,-450.0,-450.0
lotto649,大樂透,2016-W09,train,trained_blend,8,2,500.0,100.0,100.0,-400.0,-400.0
lotto649,大樂透,2016-W09,train,trained_family_ensemble,8,2,500.0,100.0,100.0,-400.0,-400.0
lotto649,大樂透,2016-W10,train,current_ensemble,8,2,500.0,50.0,50.0,-450.0,-450.0
lotto649,大樂透,2016-W10,train,random_5,8,2,500.0,200.0,200.0,-300.0,-300.0
lotto649,大樂透,2016-W10,train,trained_best_5,8,2,500.0,0.0,0.0,-500.0,-500.0
lotto649,大樂透,2016-W10,train,trained_blend,8,2,500.0,100.0,100.0,-400.0,-400.0
lotto649,大樂透,2016-W10,train,trained_family_ensemble,8,2,500.0,50.0,50.0,-450.0,-450.0
lotto649,大樂透,2016-W11,train,current_ensemble,8,2,500.0,200.0,200.0,-300.0,-300.0
lotto649,大樂透,2016-W11,train,random_5,8,2,500.0,150.0,150.0,-350.0,-350.0
lotto649,大樂透,2016-W11,train,trained_best_5,8,2,500.0,200.0,200.0,-300.0,-300.0
lotto649,大樂透,2016-W11,train,trained_blend,8,2,500.0,50.0,50.0,-450.0,-450.0
lotto649,大樂透,2016-W11,train,trained_family_ensemble,8,2,500.0,100.0,100.0,-400.0,-400.0
lotto649,大樂透,2016-W12,train,current_ensemble,8,2,500.0,150.0,150.0,-350.0,-350.0
lotto649,大樂透,2016-W12,train,random_5,8,2,500.0,100.0,100.0,-400.0,-400.0
lotto649,大樂透,2016-W12,train,trained_best_5,8,2,500.0,100.0,100.0,-400.0,-400.0
lotto649,大樂透,2016-W12,train,trained_blend,8,2,500.0,100.0,100.0,-400.0,-400.0
lotto649,大樂透,2016-W12,train,trained_family_ensemble,8,2,500.0,150.0,150.0,-350.0,-350.0
lotto649,大樂透,2016-W13,train,current_ensemble,8,2,500.0,375.25,375.25,-124.75,-124.75
lotto649,大樂透,2016-W13,train,random_5,8,2,500.0,375.25,375.25,-124.75,-124.75
lotto649,大樂透,2016-W13,train,trained_best_5,8,2,500.0,50.0,50.0,-450.0,-450.0
lotto649,大樂透,2016-W13,train,trained_blend,8,2,500.0,375.25,375.25,-124.75,-124.75
lotto649,大樂透,2016-W13,train,trained_family_ensemble,8,2,500.0,275.25,275.25,-224.75,-224.75
lotto649,大樂透,2016-W14,train,current_ensemble,8,2,500.0,0.0,0.0,-500.0,-500.0
lotto649,大樂透,2016-W14,train,random_5,8,2,500.0,100.0,100.0,-400.0,-400.0
lotto649,大樂透,2016-W14,train,trained_best_5,8,2,500.0,275.0,275.0,-225.0,-225.0
lotto649,大樂透,2016-W14,train,trained_blend,8,2,500.0,300.0,300.0,-200.0,-200.0
lotto649,大樂透,2016-W14,train,trained_family_ensemble,8,2,500.0,7010.0,7010.0,6510.0,6510.0
lotto649,大樂透,2016-W15,train,current_ensemble,8,2,500.0,50.0,50.0,-450.0,-450.0
lotto649,大樂透,2016-W15,train,random_5,8,2,500.0,100.0,100.0,-400.0,-400.0
lotto649,大樂透,2016-W15,train,trained_best_5,8,2,500.0,0.0,0.0,-500.0,-500.0
lotto649,大樂透,2016-W15,train,trained_blend,8,2,500.0,50.0,50.0,-450.0,-450.0
lotto649,大樂透,2016-W15,train,trained_family_ensemble,8,2,500.0,0.0,0.0,-500.0,-500.0
lotto649,大樂透,2016-W16,train,current_ensemble,8,2,500.0,150.0,150.0,-350.0,-350.0
lotto649,大樂透,2016-W16,train,random_5,8,2,500.0,100.0,100.0,-400.0,-400.0
lotto649,大樂透,2016-W16,train,trained_best_5,8,2,500.0,50.0,50.0,-450.0,-450.0
lotto649,大樂透,2016-W16,train,trained_blend,8,2,500.0,100.0,100.0,-400.0,-400.0
lotto649,大樂透,2016-W16,train,trained_family_ensemble,8,2,500.0,50.0,50.0,-450.0,-450.0
lotto649,大樂透,2016-W17,train,current_ensemble,8,2,500.0,100.0,100.0,-400.0,-400.0
lotto649,大樂透,2016-W17,train,random_5,8,2,500.0,50.0,50.0,-450.0,-450.0
lotto649,大樂透,2016-W17,train,trained_best_5,8,2,500.0,100.0,100.0,-400.0,-400.0
lotto649,大樂透,2016-W17,train,trained_blend,8,2,500.0,100.0,100.0,-400.0,-400.0
lotto649,大樂透,2016-W17,train,trained_family_ensemble,8,2,500.0,0.0,0.0,-500.0,-500.0
lotto649,大樂透,2016-W18,train,current_ensemble,8,2,500.0,100.0,100.0,-400.0,-400.0
lotto649,大樂透,2016-W18,train,random_5,8,2,500.0,50.0,50.0,-450.0,-450.0
lotto649,大樂透,2016-W18,train,trained_best_5,8,2,500.0,300.0,300.0,-200.0,-200.0
lotto649,大樂透,2016-W18,train,trained_blend,8,2,500.0,0.0,0.0,-500.0,-500.0
lotto649,大樂透,2016-W18,train,trained_family_ensemble,8,2,500.0,300.0,300.0,-200.0,-200.0
lotto649,大樂透,2016-W19,train,current_ensemble,8,2,500.0,250.0,250.0,-250.0,-250.0
lotto649,大樂透,2016-W19,train,random_5,8,2,500.0,200.0,200.0,-300.0,-300.0
lotto649,大樂透,2016-W19,train,trained_best_5,8,2,500.0,100.0,100.0,-400.0,-400.0
lotto649,大樂透,2016-W19,train,trained_blend,8,2,500.0,250.0,250.0,-250.0,-250.0
lotto649,大樂透,2016-W19,train,trained_family_ensemble,8,2,500.0,150.0,150.0,-350.0,-350.0
lotto649,大樂透,2016-W20,train,current_ensemble,8,2,500.0,50.0,50.0,-450.0,-450.0
lotto649,大樂透,2016-W20,train,random_5,8,2,500.0,100.0,100.0,-400.0,-400.0
lotto649,大樂透,2016-W20,train,trained_best_5,8,2,500.0,50.0,50.0,-450.0,-450.0
lotto649,大樂透,2016-W20,train,trained_blend,8,2,500.0,0.0,0.0,-500.0,-500.0
lotto649,大樂透,2016-W20,train,trained_family_ensemble,8,2,500.0,0.0,0.0,-500.0,-500.0
lotto649,大樂透,2016-W21,train,current_ensemble,8,2,500.0,100.0,100.0,-400.0,-400.0
lotto649,大樂透,2016-W21,train,random_5,8,2,500.0,50.0,50.0,-450.0,-450.0
lotto649,大樂透,2016-W21,train,trained_best_5,8,2,500.0,443.0,443.0,-57.0,-57.0
lotto649,大樂透,2016-W21,train,trained_blend,8,2,500.0,150.0,150.0,-350.0,-350.0
lotto649,大樂透,2016-W21,train,trained_family_ensemble,8,2,500.0,393.0,393.0,-107.0,-107.0
lotto649,大樂透,2016-W22,train,current_ensemble,8,2,500.0,125.0,125.0,-375.0,-375.0
lotto649,大樂透,2016-W22,train,random_5,8,2,500.0,50.0,50.0,-450.0,-450.0
lotto649,大樂透,2016-W22,train,trained_best_5,8,2,500.0,50.0,50.0,-450.0,-450.0
lotto649,大樂透,2016-W22,train,trained_blend,8,2,500.0,0.0,0.0,-500.0,-500.0
lotto649,大樂透,2016-W22,train,trained_family_ensemble,8,2,500.0,0.0,0.0,-500.0,-500.0
lotto649,大樂透,2016-W23,train,current_ensemble,8,2,500.0,0.0,0.0,-500.0,-500.0
lotto649,大樂透,2016-W23,train,random_5,8,2,500.0,0.0,0.0,-500.0,-500.0
lotto649,大樂透,2016-W23,train,trained_best_5,8,2,500.0,200.0,200.0,-300.0,-300.0
lotto649,大樂透,2016-W23,train,trained_blend,8,2,500.0,0.0,0.0,-500.0,-500.0
lotto649,大樂透,2016-W23,train,trained_family_ensemble,8,2,500.0,0.0,0.0,-500.0,-500.0
lotto649,大樂透,2016-W24,train,current_ensemble,8,2,500.0,250.0,250.0,-250.0,-250.0
lotto649,大樂透,2016-W24,train,random_5,8,2,500.0,225.0,225.0,-275.0,-275.0
lotto649,大樂透,2016-W24,train,trained_best_5,8,2,500.0,438.0,438.0,-62.0,-62.0
lotto649,大樂透,2016-W24,train,trained_blend,8,2,500.0,275.0,275.0,-225.0,-225.0
lotto649,大樂透,2016-W24,train,trained_family_ensemble,8,2,500.0,150.0,150.0,-350.0,-350.0
lotto649,大樂透,2016-W25,train,current_ensemble,8,2,500.0,200.0,200.0,-300.0,-300.0
lotto649,大樂透,2016-W25,train,random_5,8,2,500.0,50.0,50.0,-450.0,-450.0
lotto649,大樂透,2016-W25,train,trained_best_5,8,2,500.0,175.0,175.0,-325.0,-325.0
lotto649,大樂透,2016-W25,train,trained_blend,8,2,500.0,225.0,225.0,-275.0,-275.0
lotto649,大樂透,2016-W25,train,trained_family_ensemble,8,2,500.0,175.0,175.0,-325.0,-325.0
lotto649,大樂透,2016-W26,train,current_ensemble,8,2,500.0,150.0,150.0,-350.0,-350.0
lotto649,大樂透,2016-W26,train,random_5,8,2,500.0,100.0,100.0,-400.0,-400.0
lotto649,大樂透,2016-W26,train,trained_best_5,8,2,500.0,0.0,0.0,-500.0,-500.0
lotto649,大樂透,2016-W26,train,trained_blend,8,2,500.0,50.0,50.0,-450.0,-450.0
lotto649,大樂透,2016-W26,train,trained_family_ensemble,8,2,500.0,100.0,100.0,-400.0,-400.0
lotto649,大樂透,2016-W27,train,current_ensemble,8,2,500.0,150.0,150.0,-350.0,-350.0
lotto649,大樂透,2016-W27,train,random_5,8,2,500.0,200.0,200.0,-300.0,-300.0
lotto649,大樂透,2016-W27,train,trained_best_5,8,2,500.0,150.0,150.0,-350.0,-350.0
lotto649,大樂透,2016-W27,train,trained_blend,8,2,500.0,250.0,250.0,-250.0,-250.0
lotto649,大樂透,2016-W27,train,trained_family_ensemble,8,2,500.0,100.0,100.0,-400.0,-400.0
lotto649,大樂透,2016-W28,train,current_ensemble,8,2,500.0,150.0,150.0,-350.0,-350.0
lotto649,大樂透,2016-W28,train,random_5,8,2,500.0,150.0,150.0,-350.0,-350.0
lotto649,大樂透,2016-W28,train,trained_best_5,8,2,500.0,200.0,200.0,-300.0,-300.0
lotto649,大樂透,2016-W28,train,trained_blend,8,2,500.0,150.0,150.0,-350.0,-350.0
lotto649,大樂透,2016-W28,train,trained_family_ensemble,8,2,500.0,200.0,200.0,-300.0,-300.0
lotto649,大樂透,2016-W29,train,current_ensemble,8,2,500.0,200.0,200.0,-300.0,-300.0
lotto649,大樂透,2016-W29,train,random_5,8,2,500.0,300.0,300.0,-200.0,-200.0
lotto649,大樂透,2016-W29,train,trained_best_5,8,2,500.0,50.0,50.0,-450.0,-450.0
lotto649,大樂透,2016-W29,train,trained_blend,8,2,500.0,200.0,200.0,-300.0,-300.0
lotto649,大樂透,2016-W29,train,trained_family_ensemble,8,2,500.0,150.0,150.0,-350.0,-350.0
lotto649,大樂透,2016-W30,train,current_ensemble,8,2,500.0,100.0,100.0,-400.0,-400.0
lotto649,大樂透,2016-W30,train,random_5,8,2,500.0,50.0,50.0,-450.0,-450.0
lotto649,大樂透,2016-W30,train,trained_best_5,8,2,500.0,50.0,50.0,-450.0,-450.0
lotto649,大樂透,2016-W30,train,trained_blend,8,2,500.0,50.0,50.0,-450.0,-450.0
lotto649,大樂透,2016-W30,train,trained_family_ensemble,8,2,500.0,50.0,50.0,-450.0,-450.0
lotto649,大樂透,2016-W31,train,current_ensemble,8,2,500.0,50.0,50.0,-450.0,-450.0
lotto649,大樂透,2016-W31,train,random_5,8,2,500.0,340.5,340.5,-159.5,-159.5
lotto649,大樂透,2016-W31,train,trained_best_5,8,2,500.0,150.0,150.0,-350.0,-350.0
lotto649,大樂透,2016-W31,train,trained_blend,8,2,500.0,50.0,50.0,-450.0,-450.0
lotto649,大樂透,2016-W31,train,trained_family_ensemble,8,2,500.0,50.0,50.0,-450.0,-450.0
lotto649,大樂透,2016-W32,train,current_ensemble,8,2,500.0,250.0,250.0,-250.0,-250.0
lotto649,大樂透,2016-W32,train,random_5,8,2,500.0,200.0,200.0,-300.0,-300.0
lotto649,大樂透,2016-W32,train,trained_best_5,8,2,500.0,100.0,100.0,-400.0,-400.0
lotto649,大樂透,2016-W32,train,trained_blend,8,2,500.0,100.0,100.0,-400.0,-400.0
lotto649,大樂透,2016-W32,train,trained_family_ensemble,8,2,500.0,100.0,100.0,-400.0,-400.0
lotto649,大樂透,2016-W33,train,current_ensemble,8,2,500.0,100.0,100.0,-400.0,-400.0
lotto649,大樂透,2016-W33,train,random_5,8,2,500.0,100.0,100.0,-400.0,-400.0
lotto649,大樂透,2016-W33,train,trained_best_5,8,2,500.0,125.0,125.0,-375.0,-375.0
lotto649,大樂透,2016-W33,train,trained_blend,8,2,500.0,50.0,50.0,-450.0,-450.0
lotto649,大樂透,2016-W33,train,trained_family_ensemble,8,2,500.0,200.0,200.0,-300.0,-300.0
lotto649,大樂透,2016-W34,train,current_ensemble,8,2,500.0,150.0,150.0,-350.0,-350.0
lotto649,大樂透,2016-W34,train,random_5,8,2,500.0,0.0,0.0,-500.0,-500.0
lotto649,大樂透,2016-W34,train,trained_best_5,8,2,500.0,50.0,50.0,-450.0,-450.0
lotto649,大樂透,2016-W34,train,trained_blend,8,2,500.0,50.0,50.0,-450.0,-450.0
lotto649,大樂透,2016-W34,train,trained_family_ensemble,8,2,500.0,100.0,100.0,-400.0,-400.0
lotto649,大樂透,2016-W35,train,current_ensemble,8,2,500.0,200.0,200.0,-300.0,-300.0
lotto649,大樂透,2016-W35,train,random_5,8,2,500.0,150.0,150.0,-350.0,-350.0
lotto649,大樂透,2016-W35,train,trained_best_5,8,2,500.0,2131.875,2131.875,1631.875,1631.875
lotto649,大樂透,2016-W35,train,trained_blend,8,2,500.0,200.0,200.0,-300.0,-300.0
lotto649,大樂透,2016-W35,train,trained_family_ensemble,8,2,500.0,2231.875,2231.875,1731.875,1731.875
lotto649,大樂透,2016-W36,train,current_ensemble,8,2,500.0,150.0,150.0,-350.0,-350.0
lotto649,大樂透,2016-W36,train,random_5,8,2,500.0,275.0,275.0,-225.0,-225.0
lotto649,大樂透,2016-W36,train,trained_best_5,8,2,500.0,0.0,0.0,-500.0,-500.0
lotto649,大樂透,2016-W36,train,trained_blend,8,2,500.0,50.0,50.0,-450.0,-450.0
lotto649,大樂透,2016-W36,train,trained_family_ensemble,8,2,500.0,100.0,100.0,-400.0,-400.0
lotto649,大樂透,2016-W37,train,current_ensemble,8,2,500.0,550.0,550.0,50.0,50.0
lotto649,大樂透,2016-W37,train,random_5,8,2,500.0,0.0,0.0,-500.0,-500.0
lotto649,大樂透,2016-W37,train,trained_best_5,8,2,500.0,100.0,100.0,-400.0,-400.0
lotto649,大樂透,2016-W37,train,trained_blend,8,2,500.0,550.0,550.0,50.0,50.0
lotto649,大樂透,2016-W37,train,trained_family_ensemble,8,2,500.0,450.0,450.0,-50.0,-50.0
lotto649,大樂透,2016-W38,train,current_ensemble,8,2,500.0,100.0,100.0,-400.0,-400.0
lotto649,大樂透,2016-W38,train,random_5,8,2,500.0,100.0,100.0,-400.0,-400.0
lotto649,大樂透,2016-W38,train,trained_best_5,8,2,500.0,150.0,150.0,-350.0,-350.0
lotto649,大樂透,2016-W38,train,trained_blend,8,2,500.0,0.0,0.0,-500.0,-500.0
lotto649,大樂透,2016-W38,train,trained_family_ensemble,8,2,500.0,100.0,100.0,-400.0,-400.0
lotto649,大樂透,2016-W39,train,current_ensemble,8,2,500.0,100.0,100.0,-400.0,-400.0
lotto649,大樂透,2016-W39,train,random_5,8,2,500.0,150.0,150.0,-350.0,-350.0
lotto649,大樂透,2016-W39,train,trained_best_5,8,2,500.0,200.0,200.0,-300.0,-300.0
lotto649,大樂透,2016-W39,train,trained_blend,8,2,500.0,150.0,150.0,-350.0,-350.0
lotto649,大樂透,2016-W39,train,trained_family_ensemble,8,2,500.0,150.0,150.0,-350.0,-350.0
lotto649,大樂透,2016-W40,train,current_ensemble,8,2,500.0,100.0,100.0,-400.0,-400.0
lotto649,大樂透,2016-W40,train,random_5,8,2,500.0,150.0,150.0,-350.0,-350.0
lotto649,大樂透,2016-W40,train,trained_best_5,8,2,500.0,250.0,250.0,-250.0,-250.0
lotto649,大樂透,2016-W40,train,trained_blend,8,2,500.0,150.0,150.0,-350.0,-350.0
lotto649,大樂透,2016-W40,train,trained_family_ensemble,8,2,500.0,200.0,200.0,-300.0,-300.0
lotto649,大樂透,2016-W41,validation,current_ensemble,8,2,500.0,393.0,393.0,-107.0,-107.0
lotto649,大樂透,2016-W41,validation,random_5,8,2,500.0,150.0,150.0,-350.0,-350.0
lotto649,大樂透,2016-W41,validation,trained_best_5,8,2,500.0,425.0,425.0,-75.0,-75.0
lotto649,大樂透,2016-W41,validation,trained_blend,8,2,500.0,200.0,200.0,-300.0,-300.0
lotto649,大樂透,2016-W41,validation,trained_family_ensemble,8,2,500.0,300.0,300.0,-200.0,-200.0
lotto649,大樂透,2016-W42,validation,current_ensemble,8,2,500.0,100.0,100.0,-400.0,-400.0
lotto649,大樂透,2016-W42,validation,random_5,8,2,500.0,50.0,50.0,-450.0,-450.0
lotto649,大樂透,2016-W42,validation,trained_best_5,8,2,500.0,100.0,100.0,-400.0,-400.0
lotto649,大樂透,2016-W42,validation,trained_blend,8,2,500.0,0.0,0.0,-500.0,-500.0
lotto649,大樂透,2016-W42,validation,trained_family_ensemble,8,2,500.0,0.0,0.0,-500.0,-500.0
lotto649,大樂透,2016-W43,validation,current_ensemble,8,2,500.0,150.0,150.0,-350.0,-350.0
lotto649,大樂透,2016-W43,validation,random_5,8,2,500.0,200.0,200.0,-300.0,-300.0
lotto649,大樂透,2016-W43,validation,trained_best_5,8,2,500.0,50.0,50.0,-450.0,-450.0
lotto649,大樂透,2016-W43,validation,trained_blend,8,2,500.0,150.0,150.0,-350.0,-350.0
lotto649,大樂透,2016-W43,validation,trained_family_ensemble,8,2,500.0,100.0,100.0,-400.0,-400.0
lotto649,大樂透,2016-W44,validation,current_ensemble,8,2,500.0,200.0,200.0,-300.0,-300.0
lotto649,大樂透,2016-W44,validation,random_5,8,2,500.0,200.0,200.0,-300.0,-300.0
lotto649,大樂透,2016-W44,validation,trained_best_5,8,2,500.0,150.0,150.0,-350.0,-350.0
lotto649,大樂透,2016-W44,validation,trained_blend,8,2,500.0,200.0,200.0,-300.0,-300.0
lotto649,大樂透,2016-W44,validation,trained_family_ensemble,8,2,500.0,200.0,200.0,-300.0,-300.0
lotto649,大樂透,2016-W45,validation,current_ensemble,8,2,500.0,50.0,50.0,-450.0,-450.0
lotto649,大樂透,2016-W45,validation,random_5,8,2,500.0,250.0,250.0,-250.0,-250.0
lotto649,大樂透,2016-W45,validation,trained_best_5,8,2,500.0,0.0,0.0,-500.0,-500.0
lotto649,大樂透,2016-W45,validation,trained_blend,8,2,500.0,150.0,150.0,-350.0,-350.0
lotto649,大樂透,2016-W45,validation,trained_family_ensemble,8,2,500.0,0.0,0.0,-500.0,-500.0
lotto649,大樂透,2016-W46,validation,current_ensemble,8,2,500.0,0.0,0.0,-500.0,-500.0
lotto649,大樂透,2016-W46,validation,random_5,8,2,500.0,275.0,275.0,-225.0,-225.0
lotto649,大樂透,2016-W46,validation,trained_best_5,8,2,500.0,50.0,50.0,-450.0,-450.0
lotto649,大樂透,2016-W46,validation,trained_blend,8,2,500.0,0.0,0.0,-500.0,-500.0
lotto649,大樂透,2016-W46,validation,trained_family_ensemble,8,2,500.0,0.0,0.0,-500.0,-500.0
lotto649,大樂透,2016-W47,validation,current_ensemble,8,2,500.0,100.0,100.0,-400.0,-400.0
lotto649,大樂透,2016-W47,validation,random_5,8,2,500.0,353.125,353.125,-146.875,-146.875
lotto649,大樂透,2016-W47,validation,trained_best_5,8,2,500.0,100.0,100.0,-400.0,-400.0
lotto649,大樂透,2016-W47,validation,trained_blend,8,2,500.0,303.125,303.125,-196.875,-196.875
lotto649,大樂透,2016-W47,validation,trained_family_ensemble,8,2,500.0,100.0,100.0,-400.0,-400.0
lotto649,大樂透,2016-W48,validation,current_ensemble,8,2,500.0,275.0,275.0,-225.0,-225.0
lotto649,大樂透,2016-W48,validation,random_5,8,2,500.0,275.0,275.0,-225.0,-225.0
lotto649,大樂透,2016-W48,validation,trained_best_5,8,2,500.0,150.0,150.0,-350.0,-350.0
lotto649,大樂透,2016-W48,validation,trained_blend,8,2,500.0,150.0,150.0,-350.0,-350.0
lotto649,大樂透,2016-W48,validation,trained_family_ensemble,8,2,500.0,325.0,325.0,-175.0,-175.0
lotto649,大樂透,2016-W49,validation,current_ensemble,8,2,500.0,150.0,150.0,-350.0,-350.0
lotto649,大樂透,2016-W49,validation,random_5,8,2,500.0,100.0,100.0,-400.0,-400.0
lotto649,大樂透,2016-W49,validation,trained_best_5,8,2,500.0,200.0,200.0,-300.0,-300.0
lotto649,大樂透,2016-W49,validation,trained_blend,8,2,500.0,50.0,50.0,-450.0,-450.0
lotto649,大樂透,2016-W49,validation,trained_family_ensemble,8,2,500.0,150.0,150.0,-350.0,-350.0
lotto649,大樂透,2016-W50,validation,current_ensemble,8,2,500.0,200.0,200.0,-300.0,-300.0
lotto649,大樂透,2016-W50,validation,random_5,8,2,500.0,200.0,200.0,-300.0,-300.0
lotto649,大樂透,2016-W50,validation,trained_best_5,8,2,500.0,250.0,250.0,-250.0,-250.0
lotto649,大樂透,2016-W50,validation,trained_blend,8,2,500.0,300.0,300.0,-200.0,-200.0
lotto649,大樂透,2016-W50,validation,trained_family_ensemble,8,2,500.0,100.0,100.0,-400.0,-400.0
lotto649,大樂透,2016-W51,validation,current_ensemble,8,2,500.0,150.0,150.0,-350.0,-350.0
lotto649,大樂透,2016-W51,validation,random_5,8,2,500.0,100.0,100.0,-400.0,-400.0
lotto649,大樂透,2016-W51,validation,trained_best_5,8,2,500.0,100.0,100.0,-400.0,-400.0
lotto649,大樂透,2016-W51,validation,trained_blend,8,2,500.0,100.0,100.0,-400.0,-400.0
lotto649,大樂透,2016-W51,validation,trained_family_ensemble,8,2,500.0,100.0,100.0,-400.0,-400.0
lotto649,大樂透,2016-W52,validation,current_ensemble,8,2,500.0,150.0,150.0,-350.0,-350.0
lotto649,大樂透,2016-W52,validation,random_5,8,2,500.0,200.0,200.0,-300.0,-300.0
lotto649,大樂透,2016-W52,validation,trained_best_5,8,2,500.0,175.0,175.0,-325.0,-325.0
lotto649,大樂透,2016-W52,validation,trained_blend,8,2,500.0,50.0,50.0,-450.0,-450.0
lotto649,大樂透,2016-W52,validation,trained_family_ensemble,8,2,500.0,100.0,100.0,-400.0,-400.0
lotto649,大樂透,2017-W01,validation,current_ensemble,8,2,500.0,250.0,250.0,-250.0,-250.0
lotto649,大樂透,2017-W01,validation,random_5,8,2,500.0,200.0,200.0,-300.0,-300.0
lotto649,大樂透,2017-W01,validation,trained_best_5,8,2,500.0,0.0,0.0,-500.0,-500.0
lotto649,大樂透,2017-W01,validation,trained_blend,8,2,500.0,150.0,150.0,-350.0,-350.0
lotto649,大樂透,2017-W01,validation,trained_family_ensemble,8,2,500.0,300.0,300.0,-200.0,-200.0
lotto649,大樂透,2017-W02,validation,current_ensemble,8,2,500.0,100.0,100.0,-400.0,-400.0
lotto649,大樂透,2017-W02,validation,random_5,8,2,500.0,200.0,200.0,-300.0,-300.0
lotto649,大樂透,2017-W02,validation,trained_best_5,8,2,500.0,0.0,0.0,-500.0,-500.0
lotto649,大樂透,2017-W02,validation,trained_blend,8,2,500.0,100.0,100.0,-400.0,-400.0
lotto649,大樂透,2017-W02,validation,trained_family_ensemble,8,2,500.0,50.0,50.0,-450.0,-450.0
lotto649,大樂透,2017-W03,validation,current_ensemble,8,2,500.0,275.125,275.125,-224.875,-224.875
lotto649,大樂透,2017-W03,validation,random_5,8,2,500.0,200.0,200.0,-300.0,-300.0
lotto649,大樂透,2017-W03,validation,trained_best_5,8,2,500.0,50.0,50.0,-450.0,-450.0
lotto649,大樂透,2017-W03,validation,trained_blend,8,2,500.0,150.0,150.0,-350.0,-350.0
lotto649,大樂透,2017-W03,validation,trained_family_ensemble,8,2,500.0,100.0,100.0,-400.0,-400.0
lotto649,大樂透,2017-W04,validation,current_ensemble,8,4,1000.0,350.0,350.0,-650.0,-650.0
lotto649,大樂透,2017-W04,validation,random_5,8,4,1000.0,100.0,100.0,-900.0,-900.0
lotto649,大樂透,2017-W04,validation,trained_best_5,8,4,1000.0,200.0,200.0,-800.0,-800.0
lotto649,大樂透,2017-W04,validation,trained_blend,8,4,1000.0,100.0,100.0,-900.0,-900.0
lotto649,大樂透,2017-W04,validation,trained_family_ensemble,8,4,1000.0,200.0,200.0,-800.0,-800.0
lotto649,大樂透,2017-W05,validation,current_ensemble,8,4,1000.0,300.0,300.0,-700.0,-700.0
lotto649,大樂透,2017-W05,validation,random_5,8,4,1000.0,650.0,650.0,-350.0,-350.0
lotto649,大樂透,2017-W05,validation,trained_best_5,8,4,1000.0,200.0,200.0,-800.0,-800.0
lotto649,大樂透,2017-W05,validation,trained_blend,8,4,1000.0,200.0,200.0,-800.0,-800.0
lotto649,大樂透,2017-W05,validation,trained_family_ensemble,8,4,1000.0,200.0,200.0,-800.0,-800.0
lotto649,大樂透,2017-W06,validation,current_ensemble,8,2,500.0,50.0,50.0,-450.0,-450.0
lotto649,大樂透,2017-W06,validation,random_5,8,2,500.0,0.0,0.0,-500.0,-500.0
lotto649,大樂透,2017-W06,validation,trained_best_5,8,2,500.0,50.0,50.0,-450.0,-450.0
lotto649,大樂透,2017-W06,validation,trained_blend,8,2,500.0,400.0,400.0,-100.0,-100.0
lotto649,大樂透,2017-W06,validation,trained_family_ensemble,8,2,500.0,225.0,225.0,-275.0,-275.0
lotto649,大樂透,2017-W07,validation,current_ensemble,8,2,500.0,100.0,100.0,-400.0,-400.0
lotto649,大樂透,2017-W07,validation,random_5,8,2,500.0,50.0,50.0,-450.0,-450.0
lotto649,大樂透,2017-W07,validation,trained_best_5,8,2,500.0,0.0,0.0,-500.0,-500.0
lotto649,大樂透,2017-W07,validation,trained_blend,8,2,500.0,0.0,0.0,-500.0,-500.0
lotto649,大樂透,2017-W07,validation,trained_family_ensemble,8,2,500.0,0.0,0.0,-500.0,-500.0
lotto649,大樂透,2017-W08,validation,current_ensemble,8,2,500.0,316.75,316.75,-183.25,-183.25
lotto649,大樂透,2017-W08,validation,random_5,8,2,500.0,316.75,316.75,-183.25,-183.25
lotto649,大樂透,2017-W08,validation,trained_best_5,8,2,500.0,100.0,100.0,-400.0,-400.0
lotto649,大樂透,2017-W08,validation,trained_blend,8,2,500.0,50.0,50.0,-450.0,-450.0
lotto649,大樂透,2017-W08,validation,trained_family_ensemble,8,2,500.0,266.75,266.75,-233.25,-233.25
lotto649,大樂透,2017-W09,validation,current_ensemble,8,2,500.0,200.0,200.0,-300.0,-300.0
lotto649,大樂透,2017-W09,validation,random_5,8,2,500.0,50.0,50.0,-450.0,-450.0
lotto649,大樂透,2017-W09,validation,trained_best_5,8,2,500.0,175.0,175.0,-325.0,-325.0
lotto649,大樂透,2017-W09,validation,trained_blend,8,2,500.0,100.0,100.0,-400.0,-400.0
lotto649,大樂透,2017-W09,validation,trained_family_ensemble,8,2,500.0,100.0,100.0,-400.0,-400.0
lotto649,大樂透,2017-W10,validation,current_ensemble,8,2,500.0,50.0,50.0,-450.0,-450.0
lotto649,大樂透,2017-W10,validation,random_5,8,2,500.0,225.0,225.0,-275.0,-275.0
lotto649,大樂透,2017-W10,validation,trained_best_5,8,2,500.0,617.5,617.5,117.5,117.5
lotto649,大樂透,2017-W10,validation,trained_blend,8,2,500.0,100.0,100.0,-400.0,-400.0
lotto649,大樂透,2017-W10,validation,trained_family_ensemble,8,2,500.0,50.0,50.0,-450.0,-450.0
lotto649,大樂透,2017-W11,validation,current_ensemble,8,2,500.0,474.125,474.125,-25.875,-25.875
lotto649,大樂透,2017-W11,validation,random_5,8,2,500.0,324.125,324.125,-175.875,-175.875
lotto649,大樂透,2017-W11,validation,trained_best_5,8,2,500.0,200.0,200.0,-300.0,-300.0
lotto649,大樂透,2017-W11,validation,trained_blend,8,2,500.0,334.375,334.375,-165.625,-165.625
lotto649,大樂透,2017-W11,validation,trained_family_ensemble,8,2,500.0,484.375,484.375,-15.625,-15.625
lotto649,大樂透,2017-W12,validation,current_ensemble,8,2,500.0,50.0,50.0,-450.0,-450.0
lotto649,大樂透,2017-W12,validation,random_5,8,2,500.0,50.0,50.0,-450.0,-450.0
lotto649,大樂透,2017-W12,validation,trained_best_5,8,2,500.0,0.0,0.0,-500.0,-500.0
lotto649,大樂透,2017-W12,validation,trained_blend,8,2,500.0,50.0,50.0,-450.0,-450.0
lotto649,大樂透,2017-W12,validation,trained_family_ensemble,8,2,500.0,50.0,50.0,-450.0,-450.0
lotto649,大樂透,2017-W13,validation,current_ensemble,8,2,500.0,200.0,200.0,-300.0,-300.0
lotto649,大樂透,2017-W13,validation,random_5,8,2,500.0,250.0,250.0,-250.0,-250.0
lotto649,大樂透,2017-W13,validation,trained_best_5,8,2,500.0,50.0,50.0,-450.0,-450.0
lotto649,大樂透,2017-W13,validation,trained_blend,8,2,500.0,200.0,200.0,-300.0,-300.0
lotto649,大樂透,2017-W13,validation,trained_family_ensemble,8,2,500.0,100.0,100.0,-400.0,-400.0
lotto649,大樂透,2017-W14,validation,current_ensemble,8,2,500.0,150.0,150.0,-350.0,-350.0
lotto649,大樂透,2017-W14,validation,random_5,8,2,500.0,150.0,150.0,-350.0,-350.0
lotto649,大樂透,2017-W14,validation,trained_best_5,8,2,500.0,50.0,50.0,-450.0,-450.0
lotto649,大樂透,2017-W14,validation,trained_blend,8,2,500.0,50.0,50.0,-450.0,-450.0
lotto649,大樂透,2017-W14,validation,trained_family_ensemble,8,2,500.0,50.0,50.0,-450.0,-450.0
lotto649,大樂透,2017-W15,validation,current_ensemble,8,2,500.0,200.0,200.0,-300.0,-300.0
lotto649,大樂透,2017-W15,validation,random_5,8,2,500.0,375.0,375.0,-125.0,-125.0
lotto649,大樂透,2017-W15,validation,trained_best_5,8,2,500.0,250.0,250.0,-250.0,-250.0
lotto649,大樂透,2017-W15,validation,trained_blend,8,2,500.0,250.0,250.0,-250.0,-250.0
lotto649,大樂透,2017-W15,validation,trained_family_ensemble,8,2,500.0,300.0,300.0,-200.0,-200.0
lotto649,大樂透,2017-W16,validation,current_ensemble,8,2,500.0,50.0,50.0,-450.0,-450.0
lotto649,大樂透,2017-W16,validation,random_5,8,2,500.0,100.0,100.0,-400.0,-400.0
lotto649,大樂透,2017-W16,validation,trained_best_5,8,2,500.0,200.0,200.0,-300.0,-300.0
lotto649,大樂透,2017-W16,validation,trained_blend,8,2,500.0,150.0,150.0,-350.0,-350.0
lotto649,大樂透,2017-W16,validation,trained_family_ensemble,8,2,500.0,50.0,50.0,-450.0,-450.0
lotto649,大樂透,2017-W17,validation,current_ensemble,8,2,500.0,150.0,150.0,-350.0,-350.0
lotto649,大樂透,2017-W17,validation,random_5,8,2,500.0,150.0,150.0,-350.0,-350.0
lotto649,大樂透,2017-W17,validation,trained_best_5,8,2,500.0,100.0,100.0,-400.0,-400.0
lotto649,大樂透,2017-W17,validation,trained_blend,8,2,500.0,200.0,200.0,-300.0,-300.0
lotto649,大樂透,2017-W17,validation,trained_family_ensemble,8,2,500.0,50.0,50.0,-450.0,-450.0
lotto649,大樂透,2017-W18,validation,current_ensemble,8,2,500.0,449.125,449.125,-50.875,-50.875
lotto649,大樂透,2017-W18,validation,random_5,8,2,500.0,50.0,50.0,-450.0,-450.0
lotto649,大樂透,2017-W18,validation,trained_best_5,8,2,500.0,150.0,150.0,-350.0,-350.0
lotto649,大樂透,2017-W18,validation,trained_blend,8,2,500.0,0.0,0.0,-500.0,-500.0
lotto649,大樂透,2017-W18,validation,trained_family_ensemble,8,2,500.0,100.0,100.0,-400.0,-400.0
lotto649,大樂透,2017-W19,validation,current_ensemble,8,2,500.0,50.0,50.0,-450.0,-450.0
lotto649,大樂透,2017-W19,validation,random_5,8,2,500.0,100.0,100.0,-400.0,-400.0
lotto649,大樂透,2017-W19,validation,trained_best_5,8,2,500.0,100.0,100.0,-400.0,-400.0
lotto649,大樂透,2017-W19,validation,trained_blend,8,2,500.0,0.0,0.0,-500.0,-500.0
lotto649,大樂透,2017-W19,validation,trained_family_ensemble,8,2,500.0,50.0,50.0,-450.0,-450.0
lotto649,大樂透,2017-W20,validation,current_ensemble,8,2,500.0,100.0,100.0,-400.0,-400.0
lotto649,大樂透,2017-W20,validation,random_5,8,2,500.0,100.0,100.0,-400.0,-400.0
lotto649,大樂透,2017-W20,validation,trained_best_5,8,2,500.0,50.0,50.0,-450.0,-450.0
lotto649,大樂透,2017-W20,validation,trained_blend,8,2,500.0,275.0,275.0,-225.0,-225.0
lotto649,大樂透,2017-W20,validation,trained_family_ensemble,8,2,500.0,150.0,150.0,-350.0,-350.0
lotto649,大樂透,2017-W21,validation,current_ensemble,8,2,500.0,0.0,0.0,-500.0,-500.0
lotto649,大樂透,2017-W21,validation,random_5,8,2,500.0,50.0,50.0,-450.0,-450.0
lotto649,大樂透,2017-W21,validation,trained_best_5,8,2,500.0,150.0,150.0,-350.0,-350.0
lotto649,大樂透,2017-W21,validation,trained_blend,8,2,500.0,0.0,0.0,-500.0,-500.0
lotto649,大樂透,2017-W21,validation,trained_family_ensemble,8,2,500.0,100.0,100.0,-400.0,-400.0
lotto649,大樂透,2017-W22,validation,current_ensemble,8,2,500.0,150.0,150.0,-350.0,-350.0
lotto649,大樂透,2017-W22,validation,random_5,8,2,500.0,150.0,150.0,-350.0,-350.0
lotto649,大樂透,2017-W22,validation,trained_best_5,8,2,500.0,100.0,100.0,-400.0,-400.0
lotto649,大樂透,2017-W22,validation,trained_blend,8,2,500.0,150.0,150.0,-350.0,-350.0
lotto649,大樂透,2017-W22,validation,trained_family_ensemble,8,2,500.0,100.0,100.0,-400.0,-400.0
lotto649,大樂透,2017-W23,validation,current_ensemble,8,2,500.0,200.0,200.0,-300.0,-300.0
lotto649,大樂透,2017-W23,validation,random_5,8,2,500.0,250.0,250.0,-250.0,-250.0
lotto649,大樂透,2017-W23,validation,trained_best_5,8,2,500.0,250.0,250.0,-250.0,-250.0
lotto649,大樂透,2017-W23,validation,trained_blend,8,2,500.0,150.0,150.0,-350.0,-350.0
lotto649,大樂透,2017-W23,validation,trained_family_ensemble,8,2,500.0,100.0,100.0,-400.0,-400.0
lotto649,大樂透,2017-W24,validation,current_ensemble,8,2,500.0,50.0,50.0,-450.0,-450.0
lotto649,大樂透,2017-W24,validation,random_5,8,2,500.0,50.0,50.0,-450.0,-450.0
lotto649,大樂透,2017-W24,validation,trained_best_5,8,2,500.0,50.0,50.0,-450.0,-450.0
lotto649,大樂透,2017-W24,validation,trained_blend,8,2,500.0,100.0,100.0,-400.0,-400.0
lotto649,大樂透,2017-W24,validation,trained_family_ensemble,8,2,500.0,100.0,100.0,-400.0,-400.0
lotto649,大樂透,2017-W25,validation,current_ensemble,8,2,500.0,50.0,50.0,-450.0,-450.0
lotto649,大樂透,2017-W25,validation,random_5,8,2,500.0,50.0,50.0,-450.0,-450.0
lotto649,大樂透,2017-W25,validation,trained_best_5,8,2,500.0,235.375,235.375,-264.625,-264.625
lotto649,大樂透,2017-W25,validation,trained_blend,8,2,500.0,200.0,200.0,-300.0,-300.0
lotto649,大樂透,2017-W25,validation,trained_family_ensemble,8,2,500.0,50.0,50.0,-450.0,-450.0
lotto649,大樂透,2017-W26,validation,current_ensemble,8,2,500.0,375.0,375.0,-125.0,-125.0
lotto649,大樂透,2017-W26,validation,random_5,8,2,500.0,50.0,50.0,-450.0,-450.0
lotto649,大樂透,2017-W26,validation,trained_best_5,8,2,500.0,50.0,50.0,-450.0,-450.0
lotto649,大樂透,2017-W26,validation,trained_blend,8,2,500.0,425.0,425.0,-75.0,-75.0
lotto649,大樂透,2017-W26,validation,trained_family_ensemble,8,2,500.0,500.0,500.0,0.0,0.0
lotto649,大樂透,2017-W27,validation,current_ensemble,8,2,500.0,50.0,50.0,-450.0,-450.0
lotto649,大樂透,2017-W27,validation,random_5,8,2,500.0,50.0,50.0,-450.0,-450.0
lotto649,大樂透,2017-W27,validation,trained_best_5,8,2,500.0,100.0,100.0,-400.0,-400.0
lotto649,大樂透,2017-W27,validation,trained_blend,8,2,500.0,100.0,100.0,-400.0,-400.0
lotto649,大樂透,2017-W27,validation,trained_family_ensemble,8,2,500.0,0.0,0.0,-500.0,-500.0
lotto649,大樂透,2017-W28,validation,current_ensemble,8,2,500.0,200.0,200.0,-300.0,-300.0
lotto649,大樂透,2017-W28,validation,random_5,8,2,500.0,250.0,250.0,-250.0,-250.0
lotto649,大樂透,2017-W28,validation,trained_best_5,8,2,500.0,200.0,200.0,-300.0,-300.0
lotto649,大樂透,2017-W28,validation,trained_blend,8,2,500.0,150.0,150.0,-350.0,-350.0
lotto649,大樂透,2017-W28,validation,trained_family_ensemble,8,2,500.0,150.0,150.0,-350.0,-350.0
lotto649,大樂透,2017-W29,validation,current_ensemble,8,2,500.0,200.0,200.0,-300.0,-300.0
lotto649,大樂透,2017-W29,validation,random_5,8,2,500.0,100.0,100.0,-400.0,-400.0
lotto649,大樂透,2017-W29,validation,trained_best_5,8,2,500.0,550.0,550.0,50.0,50.0
lotto649,大樂透,2017-W29,validation,trained_blend,8,2,500.0,100.0,100.0,-400.0,-400.0
lotto649,大樂透,2017-W29,validation,trained_family_ensemble,8,2,500.0,450.0,450.0,-50.0,-50.0
lotto649,大樂透,2017-W30,validation,current_ensemble,8,2,500.0,100.0,100.0,-400.0,-400.0
lotto649,大樂透,2017-W30,validation,random_5,8,2,500.0,300.0,300.0,-200.0,-200.0
lotto649,大樂透,2017-W30,validation,trained_best_5,8,2,500.0,200.0,200.0,-300.0,-300.0
lotto649,大樂透,2017-W30,validation,trained_blend,8,2,500.0,100.0,100.0,-400.0,-400.0
lotto649,大樂透,2017-W30,validation,trained_family_ensemble,8,2,500.0,50.0,50.0,-450.0,-450.0
lotto649,大樂透,2017-W31,validation,current_ensemble,8,2,500.0,250.0,250.0,-250.0,-250.0
lotto649,大樂透,2017-W31,validation,random_5,8,2,500.0,150.0,150.0,-350.0,-350.0
lotto649,大樂透,2017-W31,validation,trained_best_5,8,2,500.0,175.0,175.0,-325.0,-325.0
lotto649,大樂透,2017-W31,validation,trained_blend,8,2,500.0,100.0,100.0,-400.0,-400.0
lotto649,大樂透,2017-W31,validation,trained_family_ensemble,8,2,500.0,275.0,275.0,-225.0,-225.0
lotto649,大樂透,2017-W32,validation,current_ensemble,8,2,500.0,175.0,175.0,-325.0,-325.0
lotto649,大樂透,2017-W32,validation,random_5,8,2,500.0,175.0,175.0,-325.0,-325.0
lotto649,大樂透,2017-W32,validation,trained_best_5,8,2,500.0,200.0,200.0,-300.0,-300.0
lotto649,大樂透,2017-W32,validation,trained_blend,8,2,500.0,225.0,225.0,-275.0,-275.0
lotto649,大樂透,2017-W32,validation,trained_family_ensemble,8,2,500.0,275.0,275.0,-225.0,-225.0
lotto649,大樂透,2017-W33,validation,current_ensemble,8,2,500.0,450.0,450.0,-50.0,-50.0
lotto649,大樂透,2017-W33,validation,random_5,8,2,500.0,400.0,400.0,-100.0,-100.0
lotto649,大樂透,2017-W33,validation,trained_best_5,8,2,500.0,100.0,100.0,-400.0,-400.0
lotto649,大樂透,2017-W33,validation,trained_blend,8,2,500.0,350.0,350.0,-150.0,-150.0
lotto649,大樂透,2017-W33,validation,trained_family_ensemble,8,2,500.0,500.0,500.0,0.0,0.0
lotto649,大樂透,2017-W34,validation,current_ensemble,8,2,500.0,250.0,250.0,-250.0,-250.0
lotto649,大樂透,2017-W34,validation,random_5,8,2,500.0,150.0,150.0,-350.0,-350.0
lotto649,大樂透,2017-W34,validation,trained_best_5,8,2,500.0,0.0,0.0,-500.0,-500.0
lotto649,大樂透,2017-W34,validation,trained_blend,8,2,500.0,450.0,450.0,-50.0,-50.0
lotto649,大樂透,2017-W34,validation,trained_family_ensemble,8,2,500.0,200.0,200.0,-300.0,-300.0
lotto649,大樂透,2017-W35,validation,current_ensemble,8,2,500.0,500.0,500.0,0.0,0.0
lotto649,大樂透,2017-W35,validation,random_5,8,2,500.0,150.0,150.0,-350.0,-350.0
lotto649,大樂透,2017-W35,validation,trained_best_5,8,2,500.0,150.0,150.0,-350.0,-350.0
lotto649,大樂透,2017-W35,validation,trained_blend,8,2,500.0,200.0,200.0,-300.0,-300.0
lotto649,大樂透,2017-W35,validation,trained_family_ensemble,8,2,500.0,150.0,150.0,-350.0,-350.0
lotto649,大樂透,2017-W36,validation,current_ensemble,8,2,500.0,150.0,150.0,-350.0,-350.0
lotto649,大樂透,2017-W36,validation,random_5,8,2,500.0,150.0,150.0,-350.0,-350.0
lotto649,大樂透,2017-W36,validation,trained_best_5,8,2,500.0,200.0,200.0,-300.0,-300.0
lotto649,大樂透,2017-W36,validation,trained_blend,8,2,500.0,150.0,150.0,-350.0,-350.0
lotto649,大樂透,2017-W36,validation,trained_family_ensemble,8,2,500.0,150.0,150.0,-350.0,-350.0
lotto649,大樂透,2017-W37,validation,current_ensemble,8,2,500.0,100.0,100.0,-400.0,-400.0
lotto649,大樂透,2017-W37,validation,random_5,8,2,500.0,150.0,150.0,-350.0,-350.0
lotto649,大樂透,2017-W37,validation,trained_best_5,8,2,500.0,50.0,50.0,-450.0,-450.0
lotto649,大樂透,2017-W37,validation,trained_blend,8,2,500.0,150.0,150.0,-350.0,-350.0
lotto649,大樂透,2017-W37,validation,trained_family_ensemble,8,2,500.0,50.0,50.0,-450.0,-450.0
lotto649,大樂透,2017-W38,validation,current_ensemble,8,2,500.0,400.0,400.0,-100.0,-100.0
lotto649,大樂透,2017-W38,validation,random_5,8,2,500.0,100.0,100.0,-400.0,-400.0
lotto649,大樂透,2017-W38,validation,trained_best_5,8,2,500.0,150.0,150.0,-350.0,-350.0
lotto649,大樂透,2017-W38,validation,trained_blend,8,2,500.0,225.0,225.0,-275.0,-275.0
lotto649,大樂透,2017-W38,validation,trained_family_ensemble,8,2,500.0,275.0,275.0,-225.0,-225.0
lotto649,大樂透,2017-W39,validation,current_ensemble,8,2,500.0,150.0,150.0,-350.0,-350.0
lotto649,大樂透,2017-W39,validation,random_5,8,2,500.0,300.0,300.0,-200.0,-200.0
lotto649,大樂透,2017-W39,validation,trained_best_5,8,2,500.0,0.0,0.0,-500.0,-500.0
lotto649,大樂透,2017-W39,validation,trained_blend,8,2,500.0,200.0,200.0,-300.0,-300.0
lotto649,大樂透,2017-W39,validation,trained_family_ensemble,8,2,500.0,150.0,150.0,-350.0,-350.0
lotto649,大樂透,2017-W40,validation,current_ensemble,8,2,500.0,300.0,300.0,-200.0,-200.0
lotto649,大樂透,2017-W40,validation,random_5,8,2,500.0,350.0,350.0,-150.0,-150.0
lotto649,大樂透,2017-W40,validation,trained_best_5,8,2,500.0,300.0,300.0,-200.0,-200.0
lotto649,大樂透,2017-W40,validation,trained_blend,8,2,500.0,300.0,300.0,-200.0,-200.0
lotto649,大樂透,2017-W40,validation,trained_family_ensemble,8,2,500.0,500.0,500.0,0.0,0.0
lotto649,大樂透,2017-W41,validation,current_ensemble,8,2,500.0,450.0,450.0,-50.0,-50.0
lotto649,大樂透,2017-W41,validation,random_5,8,2,500.0,150.0,150.0,-350.0,-350.0
lotto649,大樂透,2017-W41,validation,trained_best_5,8,2,500.0,50.0,50.0,-450.0,-450.0
lotto649,大樂透,2017-W41,validation,trained_blend,8,2,500.0,200.0,200.0,-300.0,-300.0
lotto649,大樂透,2017-W41,validation,trained_family_ensemble,8,2,500.0,100.0,100.0,-400.0,-400.0
lotto649,大樂透,2017-W42,validation,current_ensemble,8,2,500.0,200.0,200.0,-300.0,-300.0
lotto649,大樂透,2017-W42,validation,random_5,8,2,500.0,100.0,100.0,-400.0,-400.0
lotto649,大樂透,2017-W42,validation,trained_best_5,8,2,500.0,0.0,0.0,-500.0,-500.0
lotto649,大樂透,2017-W42,validation,trained_blend,8,2,500.0,150.0,150.0,-350.0,-350.0
lotto649,大樂透,2017-W42,validation,trained_family_ensemble,8,2,500.0,100.0,100.0,-400.0,-400.0
lotto649,大樂透,2017-W43,validation,current_ensemble,8,2,500.0,300.0,300.0,-200.0,-200.0
lotto649,大樂透,2017-W43,validation,random_5,8,2,500.0,150.0,150.0,-350.0,-350.0
lotto649,大樂透,2017-W43,validation,trained_best_5,8,2,500.0,50.0,50.0,-450.0,-450.0
lotto649,大樂透,2017-W43,validation,trained_blend,8,2,500.0,100.0,100.0,-400.0,-400.0
lotto649,大樂透,2017-W43,validation,trained_family_ensemble,8,2,500.0,300.0,300.0,-200.0,-200.0
lotto649,大樂透,2017-W44,validation,current_ensemble,8,2,500.0,100.0,100.0,-400.0,-400.0
lotto649,大樂透,2017-W44,validation,random_5,8,2,500.0,150.0,150.0,-350.0,-350.0
lotto649,大樂透,2017-W44,validation,trained_best_5,8,2,500.0,450.0,450.0,-50.0,-50.0
lotto649,大樂透,2017-W44,validation,trained_blend,8,2,500.0,150.0,150.0,-350.0,-350.0
lotto649,大樂透,2017-W44,validation,trained_family_ensemble,8,2,500.0,400.0,400.0,-100.0,-100.0
lotto649,大樂透,2017-W45,validation,current_ensemble,8,2,500.0,250.0,250.0,-250.0,-250.0
lotto649,大樂透,2017-W45,validation,random_5,8,2,500.0,200.0,200.0,-300.0,-300.0
lotto649,大樂透,2017-W45,validation,trained_best_5,8,2,500.0,100.0,100.0,-400.0,-400.0
lotto649,大樂透,2017-W45,validation,trained_blend,8,2,500.0,450.0,450.0,-50.0,-50.0
lotto649,大樂透,2017-W45,validation,trained_family_ensemble,8,2,500.0,300.0,300.0,-200.0,-200.0
lotto649,大樂透,2017-W46,validation,current_ensemble,8,2,500.0,350.0,350.0,-150.0,-150.0
lotto649,大樂透,2017-W46,validation,random_5,8,2,500.0,400.0,400.0,-100.0,-100.0
lotto649,大樂透,2017-W46,validation,trained_best_5,8,2,500.0,100.0,100.0,-400.0,-400.0
lotto649,大樂透,2017-W46,validation,trained_blend,8,2,500.0,350.0,350.0,-150.0,-150.0
lotto649,大樂透,2017-W46,validation,trained_family_ensemble,8,2,500.0,350.0,350.0,-150.0,-150.0
lotto649,大樂透,2017-W47,validation,current_ensemble,8,2,500.0,50.0,50.0,-450.0,-450.0
lotto649,大樂透,2017-W47,validation,random_5,8,2,500.0,200.0,200.0,-300.0,-300.0
lotto649,大樂透,2017-W47,validation,trained_best_5,8,2,500.0,2003.125,2003.125,1503.125,1503.125
lotto649,大樂透,2017-W47,validation,trained_blend,8,2,500.0,200.0,200.0,-300.0,-300.0
lotto649,大樂透,2017-W47,validation,trained_family_ensemble,8,2,500.0,0.0,0.0,-500.0,-500.0
lotto649,大樂透,2017-W48,validation,current_ensemble,8,2,500.0,100.0,100.0,-400.0,-400.0
lotto649,大樂透,2017-W48,validation,random_5,8,2,500.0,200.0,200.0,-300.0,-300.0
lotto649,大樂透,2017-W48,validation,trained_best_5,8,2,500.0,100.0,100.0,-400.0,-400.0
lotto649,大樂透,2017-W48,validation,trained_blend,8,2,500.0,150.0,150.0,-350.0,-350.0
lotto649,大樂透,2017-W48,validation,trained_family_ensemble,8,2,500.0,300.0,300.0,-200.0,-200.0
lotto649,大樂透,2017-W49,validation,current_ensemble,8,2,500.0,200.0,200.0,-300.0,-300.0
lotto649,大樂透,2017-W49,validation,random_5,8,2,500.0,150.0,150.0,-350.0,-350.0
lotto649,大樂透,2017-W49,validation,trained_best_5,8,2,500.0,200.0,200.0,-300.0,-300.0
lotto649,大樂透,2017-W49,validation,trained_blend,8,2,500.0,475.0,475.0,-25.0,-25.0
lotto649,大樂透,2017-W49,validation,trained_family_ensemble,8,2,500.0,200.0,200.0,-300.0,-300.0
lotto649,大樂透,2017-W50,validation,current_ensemble,8,2,500.0,175.0,175.0,-325.0,-325.0
lotto649,大樂透,2017-W50,validation,random_5,8,2,500.0,50.0,50.0,-450.0,-450.0
lotto649,大樂透,2017-W50,validation,trained_best_5,8,2,500.0,150.0,150.0,-350.0,-350.0
lotto649,大樂透,2017-W50,validation,trained_blend,8,2,500.0,100.0,100.0,-400.0,-400.0
lotto649,大樂透,2017-W50,validation,trained_family_ensemble,8,2,500.0,150.0,150.0,-350.0,-350.0
lotto649,大樂透,2017-W51,validation,current_ensemble,8,2,500.0,100.0,100.0,-400.0,-400.0
lotto649,大樂透,2017-W51,validation,random_5,8,2,500.0,50.0,50.0,-450.0,-450.0
lotto649,大樂透,2017-W51,validation,trained_best_5,8,2,500.0,0.0,0.0,-500.0,-500.0
lotto649,大樂透,2017-W51,validation,trained_blend,8,2,500.0,50.0,50.0,-450.0,-450.0
lotto649,大樂透,2017-W51,validation,trained_family_ensemble,8,2,500.0,100.0,100.0,-400.0,-400.0
lotto649,大樂透,2017-W52,validation,current_ensemble,8,2,500.0,100.0,100.0,-400.0,-400.0
lotto649,大樂透,2017-W52,validation,random_5,8,2,500.0,200.0,200.0,-300.0,-300.0
lotto649,大樂透,2017-W52,validation,trained_best_5,8,2,500.0,0.0,0.0,-500.0,-500.0
lotto649,大樂透,2017-W52,validation,trained_blend,8,2,500.0,150.0,150.0,-350.0,-350.0
lotto649,大樂透,2017-W52,validation,trained_family_ensemble,8,2,500.0,200.0,200.0,-300.0,-300.0
lotto649,大樂透,2018-W01,validation,current_ensemble,8,2,500.0,150.0,150.0,-350.0,-350.0
lotto649,大樂透,2018-W01,validation,random_5,8,2,500.0,150.0,150.0,-350.0,-350.0
lotto649,大樂透,2018-W01,validation,trained_best_5,8,2,500.0,250.0,250.0,-250.0,-250.0
lotto649,大樂透,2018-W01,validation,trained_blend,8,2,500.0,200.0,200.0,-300.0,-300.0
lotto649,大樂透,2018-W01,validation,trained_family_ensemble,8,2,500.0,50.0,50.0,-450.0,-450.0
lotto649,大樂透,2018-W02,validation,current_ensemble,8,2,500.0,100.0,100.0,-400.0,-400.0
lotto649,大樂透,2018-W02,validation,random_5,8,2,500.0,50.0,50.0,-450.0,-450.0
lotto649,大樂透,2018-W02,validation,trained_best_5,8,2,500.0,100.0,100.0,-400.0,-400.0
lotto649,大樂透,2018-W02,validation,trained_blend,8,2,500.0,50.0,50.0,-450.0,-450.0
lotto649,大樂透,2018-W02,validation,trained_family_ensemble,8,2,500.0,50.0,50.0,-450.0,-450.0
lotto649,大樂透,2018-W03,validation,current_ensemble,8,2,500.0,50.0,50.0,-450.0,-450.0
lotto649,大樂透,2018-W03,validation,random_5,8,2,500.0,50.0,50.0,-450.0,-450.0
lotto649,大樂透,2018-W03,validation,trained_best_5,8,2,500.0,150.0,150.0,-350.0,-350.0
lotto649,大樂透,2018-W03,validation,trained_blend,8,2,500.0,200.0,200.0,-300.0,-300.0
lotto649,大樂透,2018-W03,validation,trained_family_ensemble,8,2,500.0,150.0,150.0,-350.0,-350.0
lotto649,大樂透,2018-W04,validation,current_ensemble,8,2,500.0,50.0,50.0,-450.0,-450.0
lotto649,大樂透,2018-W04,validation,random_5,8,2,500.0,100.0,100.0,-400.0,-400.0
lotto649,大樂透,2018-W04,validation,trained_best_5,8,2,500.0,375.0,375.0,-125.0,-125.0
lotto649,大樂透,2018-W04,validation,trained_blend,8,2,500.0,150.0,150.0,-350.0,-350.0
lotto649,大樂透,2018-W04,validation,trained_family_ensemble,8,2,500.0,50.0,50.0,-450.0,-450.0
lotto649,大樂透,2018-W05,validation,current_ensemble,8,2,500.0,0.0,0.0,-500.0,-500.0
lotto649,大樂透,2018-W05,validation,random_5,8,2,500.0,100.0,100.0,-400.0,-400.0
lotto649,大樂透,2018-W05,validation,trained_best_5,8,2,500.0,100.0,100.0,-400.0,-400.0
lotto649,大樂透,2018-W05,validation,trained_blend,8,2,500.0,0.0,0.0,-500.0,-500.0
lotto649,大樂透,2018-W05,validation,trained_family_ensemble,8,2,500.0,100.0,100.0,-400.0,-400.0
lotto649,大樂透,2018-W06,validation,current_ensemble,8,2,500.0,225.0,225.0,-275.0,-275.0
lotto649,大樂透,2018-W06,validation,random_5,8,2,500.0,275.0,275.0,-225.0,-225.0
lotto649,大樂透,2018-W06,validation,trained_best_5,8,2,500.0,50.0,50.0,-450.0,-450.0
lotto649,大樂透,2018-W06,validation,trained_blend,8,2,500.0,450.0,450.0,-50.0,-50.0
lotto649,大樂透,2018-W06,validation,trained_family_ensemble,8,2,500.0,175.0,175.0,-325.0,-325.0
lotto649,大樂透,2018-W07,validation,current_ensemble,8,5,1250.0,450.0,450.0,-800.0,-800.0
lotto649,大樂透,2018-W07,validation,random_5,8,5,1250.0,150.0,150.0,-1100.0,-1100.0
lotto649,大樂透,2018-W07,validation,trained_best_5,8,5,1250.0,300.0,300.0,-950.0,-950.0
lotto649,大樂透,2018-W07,validation,trained_blend,8,5,1250.0,325.0,325.0,-925.0,-925.0
lotto649,大樂透,2018-W07,validation,trained_family_ensemble,8,5,1250.0,575.0,575.0,-675.0,-675.0
lotto649,大樂透,2018-W08,validation,current_ensemble,8,3,750.0,150.0,150.0,-600.0,-600.0
lotto649,大樂透,2018-W08,validation,random_5,8,3,750.0,275.0,275.0,-475.0,-475.0
lotto649,大樂透,2018-W08,validation,trained_best_5,8,3,750.0,100.0,100.0,-650.0,-650.0
lotto649,大樂透,2018-W08,validation,trained_blend,8,3,750.0,200.0,200.0,-550.0,-550.0
lotto649,大樂透,2018-W08,validation,trained_family_ensemble,8,3,750.0,200.0,200.0,-550.0,-550.0
lotto649,大樂透,2018-W09,validation,current_ensemble,8,2,500.0,50.0,50.0,-450.0,-450.0
lotto649,大樂透,2018-W09,validation,random_5,8,2,500.0,0.0,0.0,-500.0,-500.0
lotto649,大樂透,2018-W09,validation,trained_best_5,8,2,500.0,100.0,100.0,-400.0,-400.0
lotto649,大樂透,2018-W09,validation,trained_blend,8,2,500.0,0.0,0.0,-500.0,-500.0
lotto649,大樂透,2018-W09,validation,trained_family_ensemble,8,2,500.0,50.0,50.0,-450.0,-450.0
lotto649,大樂透,2018-W10,validation,current_ensemble,8,2,500.0,100.0,100.0,-400.0,-400.0
lotto649,大樂透,2018-W10,validation,random_5,8,2,500.0,50.0,50.0,-450.0,-450.0
lotto649,大樂透,2018-W10,validation,trained_best_5,8,2,500.0,150.0,150.0,-350.0,-350.0
lotto649,大樂透,2018-W10,validation,trained_blend,8,2,500.0,650.0,650.0,150.0,150.0
lotto649,大樂透,2018-W10,validation,trained_family_ensemble,8,2,500.0,500.0,500.0,0.0,0.0
lotto649,大樂透,2018-W11,validation,current_ensemble,8,2,500.0,200.0,200.0,-300.0,-300.0
lotto649,大樂透,2018-W11,validation,random_5,8,2,500.0,100.0,100.0,-400.0,-400.0
lotto649,大樂透,2018-W11,validation,trained_best_5,8,2,500.0,50.0,50.0,-450.0,-450.0
lotto649,大樂透,2018-W11,validation,trained_blend,8,2,500.0,100.0,100.0,-400.0,-400.0
lotto649,大樂透,2018-W11,validation,trained_family_ensemble,8,2,500.0,150.0,150.0,-350.0,-350.0
lotto649,大樂透,2018-W12,validation,current_ensemble,8,2,500.0,0.0,0.0,-500.0,-500.0
lotto649,大樂透,2018-W12,validation,random_5,8,2,500.0,50.0,50.0,-450.0,-450.0
lotto649,大樂透,2018-W12,validation,trained_best_5,8,2,500.0,50.0,50.0,-450.0,-450.0
lotto649,大樂透,2018-W12,validation,trained_blend,8,2,500.0,0.0,0.0,-500.0,-500.0
lotto649,大樂透,2018-W12,validation,trained_family_ensemble,8,2,500.0,50.0,50.0,-450.0,-450.0
lotto649,大樂透,2018-W13,validation,current_ensemble,8,2,500.0,300.0,300.0,-200.0,-200.0
lotto649,大樂透,2018-W13,validation,random_5,8,2,500.0,100.0,100.0,-400.0,-400.0
lotto649,大樂透,2018-W13,validation,trained_best_5,8,2,500.0,200.0,200.0,-300.0,-300.0
lotto649,大樂透,2018-W13,validation,trained_blend,8,2,500.0,50.0,50.0,-450.0,-450.0
lotto649,大樂透,2018-W13,validation,trained_family_ensemble,8,2,500.0,50.0,50.0,-450.0,-450.0
lotto649,大樂透,2018-W14,validation,current_ensemble,8,2,500.0,225.0,225.0,-275.0,-275.0
lotto649,大樂透,2018-W14,validation,random_5,8,2,500.0,150.0,150.0,-350.0,-350.0
lotto649,大樂透,2018-W14,validation,trained_best_5,8,2,500.0,200.0,200.0,-300.0,-300.0
lotto649,大樂透,2018-W14,validation,trained_blend,8,2,500.0,250.0,250.0,-250.0,-250.0
lotto649,大樂透,2018-W14,validation,trained_family_ensemble,8,2,500.0,200.0,200.0,-300.0,-300.0
lotto649,大樂透,2018-W15,validation,current_ensemble,8,2,500.0,200.0,200.0,-300.0,-300.0
lotto649,大樂透,2018-W15,validation,random_5,8,2,500.0,150.0,150.0,-350.0,-350.0
lotto649,大樂透,2018-W15,validation,trained_best_5,8,2,500.0,50.0,50.0,-450.0,-450.0
lotto649,大樂透,2018-W15,validation,trained_blend,8,2,500.0,150.0,150.0,-350.0,-350.0
lotto649,大樂透,2018-W15,validation,trained_family_ensemble,8,2,500.0,200.0,200.0,-300.0,-300.0
lotto649,大樂透,2018-W16,validation,current_ensemble,8,2,500.0,150.0,150.0,-350.0,-350.0
lotto649,大樂透,2018-W16,validation,random_5,8,2,500.0,150.0,150.0,-350.0,-350.0
lotto649,大樂透,2018-W16,validation,trained_best_5,8,2,500.0,275.0,275.0,-225.0,-225.0
lotto649,大樂透,2018-W16,validation,trained_blend,8,2,500.0,150.0,150.0,-350.0,-350.0
lotto649,大樂透,2018-W16,validation,trained_family_ensemble,8,2,500.0,100.0,100.0,-400.0,-400.0
lotto649,大樂透,2018-W17,validation,current_ensemble,8,2,500.0,225.0,225.0,-275.0,-275.0
lotto649,大樂透,2018-W17,validation,random_5,8,2,500.0,100.0,100.0,-400.0,-400.0
lotto649,大樂透,2018-W17,validation,trained_best_5,8,2,500.0,200.0,200.0,-300.0,-300.0
lotto649,大樂透,2018-W17,validation,trained_blend,8,2,500.0,100.0,100.0,-400.0,-400.0
lotto649,大樂透,2018-W17,validation,trained_family_ensemble,8,2,500.0,200.0,200.0,-300.0,-300.0
lotto649,大樂透,2018-W18,validation,current_ensemble,8,2,500.0,50.0,50.0,-450.0,-450.0
lotto649,大樂透,2018-W18,validation,random_5,8,2,500.0,150.0,150.0,-350.0,-350.0
lotto649,大樂透,2018-W18,validation,trained_best_5,8,2,500.0,150.0,150.0,-350.0,-350.0
lotto649,大樂透,2018-W18,validation,trained_blend,8,2,500.0,50.0,50.0,-450.0,-450.0
lotto649,大樂透,2018-W18,validation,trained_family_ensemble,8,2,500.0,50.0,50.0,-450.0,-450.0
lotto649,大樂透,2018-W19,validation,current_ensemble,8,2,500.0,150.0,150.0,-350.0,-350.0
lotto649,大樂透,2018-W19,validation,random_5,8,2,500.0,100.0,100.0,-400.0,-400.0
lotto649,大樂透,2018-W19,validation,trained_best_5,8,2,500.0,50.0,50.0,-450.0,-450.0
lotto649,大樂透,2018-W19,validation,trained_blend,8,2,500.0,0.0,0.0,-500.0,-500.0
lotto649,大樂透,2018-W19,validation,trained_family_ensemble,8,2,500.0,50.0,50.0,-450.0,-450.0
lotto649,大樂透,2018-W20,validation,current_ensemble,8,2,500.0,100.0,100.0,-400.0,-400.0
lotto649,大樂透,2018-W20,validation,random_5,8,2,500.0,100.0,100.0,-400.0,-400.0
lotto649,大樂透,2018-W20,validation,trained_best_5,8,2,500.0,150.0,150.0,-350.0,-350.0
lotto649,大樂透,2018-W20,validation,trained_blend,8,2,500.0,50.0,50.0,-450.0,-450.0
lotto649,大樂透,2018-W20,validation,trained_family_ensemble,8,2,500.0,50.0,50.0,-450.0,-450.0
lotto649,大樂透,2018-W21,validation,current_ensemble,8,2,500.0,100.0,100.0,-400.0,-400.0
lotto649,大樂透,2018-W21,validation,random_5,8,2,500.0,50.0,50.0,-450.0,-450.0
lotto649,大樂透,2018-W21,validation,trained_best_5,8,2,500.0,150.0,150.0,-350.0,-350.0
lotto649,大樂透,2018-W21,validation,trained_blend,8,2,500.0,50.0,50.0,-450.0,-450.0
lotto649,大樂透,2018-W21,validation,trained_family_ensemble,8,2,500.0,100.0,100.0,-400.0,-400.0
lotto649,大樂透,2018-W22,validation,current_ensemble,8,2,500.0,50.0,50.0,-450.0,-450.0
lotto649,大樂透,2018-W22,validation,random_5,8,2,500.0,100.0,100.0,-400.0,-400.0
lotto649,大樂透,2018-W22,validation,trained_best_5,8,2,500.0,50.0,50.0,-450.0,-450.0
lotto649,大樂透,2018-W22,validation,trained_blend,8,2,500.0,150.0,150.0,-350.0,-350.0
lotto649,大樂透,2018-W22,validation,trained_family_ensemble,8,2,500.0,100.0,100.0,-400.0,-400.0
lotto649,大樂透,2018-W23,validation,current_ensemble,8,2,500.0,400.0,400.0,-100.0,-100.0
lotto649,大樂透,2018-W23,validation,random_5,8,2,500.0,400.0,400.0,-100.0,-100.0
lotto649,大樂透,2018-W23,validation,trained_best_5,8,2,500.0,50.0,50.0,-450.0,-450.0
lotto649,大樂透,2018-W23,validation,trained_blend,8,2,500.0,350.0,350.0,-150.0,-150.0
lotto649,大樂透,2018-W23,validation,trained_family_ensemble,8,2,500.0,400.0,400.0,-100.0,-100.0
lotto649,大樂透,2018-W24,validation,current_ensemble,8,2,500.0,200.0,200.0,-300.0,-300.0
lotto649,大樂透,2018-W24,validation,random_5,8,2,500.0,250.0,250.0,-250.0,-250.0
lotto649,大樂透,2018-W24,validation,trained_best_5,8,2,500.0,300.0,300.0,-200.0,-200.0
lotto649,大樂透,2018-W24,validation,trained_blend,8,2,500.0,100.0,100.0,-400.0,-400.0
lotto649,大樂透,2018-W24,validation,trained_family_ensemble,8,2,500.0,250.0,250.0,-250.0,-250.0
lotto649,大樂透,2018-W25,validation,current_ensemble,8,2,500.0,150.0,150.0,-350.0,-350.0
lotto649,大樂透,2018-W25,validation,random_5,8,2,500.0,150.0,150.0,-350.0,-350.0
lotto649,大樂透,2018-W25,validation,trained_best_5,8,2,500.0,175.0,175.0,-325.0,-325.0
lotto649,大樂透,2018-W25,validation,trained_blend,8,2,500.0,225.0,225.0,-275.0,-275.0
lotto649,大樂透,2018-W25,validation,trained_family_ensemble,8,2,500.0,200.0,200.0,-300.0,-300.0
lotto649,大樂透,2018-W26,validation,current_ensemble,8,2,500.0,100.0,100.0,-400.0,-400.0
lotto649,大樂透,2018-W26,validation,random_5,8,2,500.0,400.0,400.0,-100.0,-100.0
lotto649,大樂透,2018-W26,validation,trained_best_5,8,2,500.0,200.0,200.0,-300.0,-300.0
lotto649,大樂透,2018-W26,validation,trained_blend,8,2,500.0,350.0,350.0,-150.0,-150.0
lotto649,大樂透,2018-W26,validation,trained_family_ensemble,8,2,500.0,400.0,400.0,-100.0,-100.0
lotto649,大樂透,2018-W27,validation,current_ensemble,8,2,500.0,50.0,50.0,-450.0,-450.0
lotto649,大樂透,2018-W27,validation,random_5,8,2,500.0,50.0,50.0,-450.0,-450.0
lotto649,大樂透,2018-W27,validation,trained_best_5,8,2,500.0,200.0,200.0,-300.0,-300.0
lotto649,大樂透,2018-W27,validation,trained_blend,8,2,500.0,100.0,100.0,-400.0,-400.0
lotto649,大樂透,2018-W27,validation,trained_family_ensemble,8,2,500.0,50.0,50.0,-450.0,-450.0
lotto649,大樂透,2018-W28,validation,current_ensemble,8,2,500.0,100.0,100.0,-400.0,-400.0
lotto649,大樂透,2018-W28,validation,random_5,8,2,500.0,300.0,300.0,-200.0,-200.0
lotto649,大樂透,2018-W28,validation,trained_best_5,8,2,500.0,50.0,50.0,-450.0,-450.0
lotto649,大樂透,2018-W28,validation,trained_blend,8,2,500.0,200.0,200.0,-300.0,-300.0
lotto649,大樂透,2018-W28,validation,trained_family_ensemble,8,2,500.0,250.0,250.0,-250.0,-250.0
lotto649,大樂透,2018-W29,validation,current_ensemble,8,2,500.0,0.0,0.0,-500.0,-500.0
lotto649,大樂透,2018-W29,validation,random_5,8,2,500.0,175.0,175.0,-325.0,-325.0
lotto649,大樂透,2018-W29,validation,trained_best_5,8,2,500.0,250.0,250.0,-250.0,-250.0
lotto649,大樂透,2018-W29,validation,trained_blend,8,2,500.0,50.0,50.0,-450.0,-450.0
lotto649,大樂透,2018-W29,validation,trained_family_ensemble,8,2,500.0,0.0,0.0,-500.0,-500.0
lotto649,大樂透,2018-W30,validation,current_ensemble,8,2,500.0,0.0,0.0,-500.0,-500.0
lotto649,大樂透,2018-W30,validation,random_5,8,2,500.0,100.0,100.0,-400.0,-400.0
lotto649,大樂透,2018-W30,validation,trained_best_5,8,2,500.0,150.0,150.0,-350.0,-350.0
lotto649,大樂透,2018-W30,validation,trained_blend,8,2,500.0,100.0,100.0,-400.0,-400.0
lotto649,大樂透,2018-W30,validation,trained_family_ensemble,8,2,500.0,50.0,50.0,-450.0,-450.0
lotto649,大樂透,2018-W31,validation,current_ensemble,8,2,500.0,250.0,250.0,-250.0,-250.0
lotto649,大樂透,2018-W31,validation,random_5,8,2,500.0,575.0,575.0,75.0,75.0
lotto649,大樂透,2018-W31,validation,trained_best_5,8,2,500.0,375.0,375.0,-125.0,-125.0
lotto649,大樂透,2018-W31,validation,trained_blend,8,2,500.0,225.0,225.0,-275.0,-275.0
lotto649,大樂透,2018-W31,validation,trained_family_ensemble,8,2,500.0,150.0,150.0,-350.0,-350.0
lotto649,大樂透,2018-W32,validation,current_ensemble,8,2,500.0,100.0,100.0,-400.0,-400.0
lotto649,大樂透,2018-W32,validation,random_5,8,2,500.0,200.0,200.0,-300.0,-300.0
lotto649,大樂透,2018-W32,validation,trained_best_5,8,2,500.0,100.0,100.0,-400.0,-400.0
lotto649,大樂透,2018-W32,validation,trained_blend,8,2,500.0,450.0,450.0,-50.0,-50.0
lotto649,大樂透,2018-W32,validation,trained_family_ensemble,8,2,500.0,250.0,250.0,-250.0,-250.0
lotto649,大樂透,2018-W33,validation,current_ensemble,8,2,500.0,50.0,50.0,-450.0,-450.0
lotto649,大樂透,2018-W33,validation,random_5,8,2,500.0,100.0,100.0,-400.0,-400.0
lotto649,大樂透,2018-W33,validation,trained_best_5,8,2,500.0,250.0,250.0,-250.0,-250.0
lotto649,大樂透,2018-W33,validation,trained_blend,8,2,500.0,50.0,50.0,-450.0,-450.0
lotto649,大樂透,2018-W33,validation,trained_family_ensemble,8,2,500.0,50.0,50.0,-450.0,-450.0
lotto649,大樂透,2018-W34,validation,current_ensemble,8,2,500.0,200.0,200.0,-300.0,-300.0
lotto649,大樂透,2018-W34,validation,random_5,8,2,500.0,150.0,150.0,-350.0,-350.0
lotto649,大樂透,2018-W34,validation,trained_best_5,8,2,500.0,200.0,200.0,-300.0,-300.0
lotto649,大樂透,2018-W34,validation,trained_blend,8,2,500.0,50.0,50.0,-450.0,-450.0
lotto649,大樂透,2018-W34,validation,trained_family_ensemble,8,2,500.0,150.0,150.0,-350.0,-350.0
lotto649,大樂透,2018-W35,validation,current_ensemble,8,2,500.0,0.0,0.0,-500.0,-500.0
lotto649,大樂透,2018-W35,validation,random_5,8,2,500.0,100.0,100.0,-400.0,-400.0
lotto649,大樂透,2018-W35,validation,trained_best_5,8,2,500.0,275.0,275.0,-225.0,-225.0
lotto649,大樂透,2018-W35,validation,trained_blend,8,2,500.0,50.0,50.0,-450.0,-450.0
lotto649,大樂透,2018-W35,validation,trained_family_ensemble,8,2,500.0,50.0,50.0,-450.0,-450.0
lotto649,大樂透,2018-W36,validation,current_ensemble,8,2,500.0,50.0,50.0,-450.0,-450.0
lotto649,大樂透,2018-W36,validation,random_5,8,2,500.0,100.0,100.0,-400.0,-400.0
lotto649,大樂透,2018-W36,validation,trained_best_5,8,2,500.0,100.0,100.0,-400.0,-400.0
lotto649,大樂透,2018-W36,validation,trained_blend,8,2,500.0,0.0,0.0,-500.0,-500.0
lotto649,大樂透,2018-W36,validation,trained_family_ensemble,8,2,500.0,50.0,50.0,-450.0,-450.0
lotto649,大樂透,2018-W37,validation,current_ensemble,8,2,500.0,100.0,100.0,-400.0,-400.0
lotto649,大樂透,2018-W37,validation,random_5,8,2,500.0,150.0,150.0,-350.0,-350.0
lotto649,大樂透,2018-W37,validation,trained_best_5,8,2,500.0,475.0,475.0,-25.0,-25.0
lotto649,大樂透,2018-W37,validation,trained_blend,8,2,500.0,100.0,100.0,-400.0,-400.0
lotto649,大樂透,2018-W37,validation,trained_family_ensemble,8,2,500.0,350.0,350.0,-150.0,-150.0
lotto649,大樂透,2018-W38,validation,current_ensemble,8,2,500.0,150.0,150.0,-350.0,-350.0
lotto649,大樂透,2018-W38,validation,random_5,8,2,500.0,300.0,300.0,-200.0,-200.0
lotto649,大樂透,2018-W38,validation,trained_best_5,8,2,500.0,50.0,50.0,-450.0,-450.0
lotto649,大樂透,2018-W38,validation,trained_blend,8,2,500.0,100.0,100.0,-400.0,-400.0
lotto649,大樂透,2018-W38,validation,trained_family_ensemble,8,2,500.0,150.0,150.0,-350.0,-350.0
lotto649,大樂透,2018-W39,validation,current_ensemble,8,2,500.0,100.0,100.0,-400.0,-400.0
lotto649,大樂透,2018-W39,validation,random_5,8,2,500.0,150.0,150.0,-350.0,-350.0
lotto649,大樂透,2018-W39,validation,trained_best_5,8,2,500.0,100.0,100.0,-400.0,-400.0
lotto649,大樂透,2018-W39,validation,trained_blend,8,2,500.0,250.0,250.0,-250.0,-250.0
lotto649,大樂透,2018-W39,validation,trained_family_ensemble,8,2,500.0,100.0,100.0,-400.0,-400.0
lotto649,大樂透,2018-W40,validation,current_ensemble,8,2,500.0,150.0,150.0,-350.0,-350.0
lotto649,大樂透,2018-W40,validation,random_5,8,2,500.0,50.0,50.0,-450.0,-450.0
lotto649,大樂透,2018-W40,validation,trained_best_5,8,2,500.0,0.0,0.0,-500.0,-500.0
lotto649,大樂透,2018-W40,validation,trained_blend,8,2,500.0,200.0,200.0,-300.0,-300.0
lotto649,大樂透,2018-W40,validation,trained_family_ensemble,8,2,500.0,150.0,150.0,-350.0,-350.0
lotto649,大樂透,2018-W41,validation,current_ensemble,8,2,500.0,275.0,275.0,-225.0,-225.0
lotto649,大樂透,2018-W41,validation,random_5,8,2,500.0,225.0,225.0,-275.0,-275.0
lotto649,大樂透,2018-W41,validation,trained_best_5,8,2,500.0,375.0,375.0,-125.0,-125.0
lotto649,大樂透,2018-W41,validation,trained_blend,8,2,500.0,125.0,125.0,-375.0,-375.0
lotto649,大樂透,2018-W41,validation,trained_family_ensemble,8,2,500.0,225.0,225.0,-275.0,-275.0
lotto649,大樂透,2018-W42,validation,current_ensemble,8,2,500.0,225.0,225.0,-275.0,-275.0
lotto649,大樂透,2018-W42,validation,random_5,8,2,500.0,50.0,50.0,-450.0,-450.0
lotto649,大樂透,2018-W42,validation,trained_best_5,8,2,500.0,250.0,250.0,-250.0,-250.0
lotto649,大樂透,2018-W42,validation,trained_blend,8,2,500.0,150.0,150.0,-350.0,-350.0
lotto649,大樂透,2018-W42,validation,trained_family_ensemble,8,2,500.0,100.0,100.0,-400.0,-400.0
lotto649,大樂透,2018-W43,validation,current_ensemble,8,2,500.0,100.0,100.0,-400.0,-400.0
lotto649,大樂透,2018-W43,validation,random_5,8,2,500.0,200.0,200.0,-300.0,-300.0
lotto649,大樂透,2018-W43,validation,trained_best_5,8,2,500.0,175.0,175.0,-325.0,-325.0
lotto649,大樂透,2018-W43,validation,trained_blend,8,2,500.0,50.0,50.0,-450.0,-450.0
lotto649,大樂透,2018-W43,validation,trained_family_ensemble,8,2,500.0,100.0,100.0,-400.0,-400.0
lotto649,大樂透,2018-W44,validation,current_ensemble,8,2,500.0,0.0,0.0,-500.0,-500.0
lotto649,大樂透,2018-W44,validation,random_5,8,2,500.0,100.0,100.0,-400.0,-400.0
lotto649,大樂透,2018-W44,validation,trained_best_5,8,2,500.0,175.0,175.0,-325.0,-325.0
lotto649,大樂透,2018-W44,validation,trained_blend,8,2,500.0,50.0,50.0,-450.0,-450.0
lotto649,大樂透,2018-W44,validation,trained_family_ensemble,8,2,500.0,0.0,0.0,-500.0,-500.0
lotto649,大樂透,2018-W45,validation,current_ensemble,8,2,500.0,0.0,0.0,-500.0,-500.0
lotto649,大樂透,2018-W45,validation,random_5,8,2,500.0,50.0,50.0,-450.0,-450.0
lotto649,大樂透,2018-W45,validation,trained_best_5,8,2,500.0,50.0,50.0,-450.0,-450.0
lotto649,大樂透,2018-W45,validation,trained_blend,8,2,500.0,150.0,150.0,-350.0,-350.0
lotto649,大樂透,2018-W45,validation,trained_family_ensemble,8,2,500.0,50.0,50.0,-450.0,-450.0
lotto649,大樂透,2018-W46,validation,current_ensemble,8,2,500.0,150.0,150.0,-350.0,-350.0
lotto649,大樂透,2018-W46,validation,random_5,8,2,500.0,100.0,100.0,-400.0,-400.0
lotto649,大樂透,2018-W46,validation,trained_best_5,8,2,500.0,150.0,150.0,-350.0,-350.0
lotto649,大樂透,2018-W46,validation,trained_blend,8,2,500.0,500.0,500.0,0.0,0.0
lotto649,大樂透,2018-W46,validation,trained_family_ensemble,8,2,500.0,500.0,500.0,0.0,0.0
lotto649,大樂透,2018-W47,validation,current_ensemble,8,2,500.0,200.0,200.0,-300.0,-300.0
lotto649,大樂透,2018-W47,validation,random_5,8,2,500.0,50.0,50.0,-450.0,-450.0
lotto649,大樂透,2018-W47,validation,trained_best_5,8,2,500.0,0.0,0.0,-500.0,-500.0
lotto649,大樂透,2018-W47,validation,trained_blend,8,2,500.0,275.0,275.0,-225.0,-225.0
lotto649,大樂透,2018-W47,validation,trained_family_ensemble,8,2,500.0,100.0,100.0,-400.0,-400.0
lotto649,大樂透,2018-W48,validation,current_ensemble,8,2,500.0,150.0,150.0,-350.0,-350.0
lotto649,大樂透,2018-W48,validation,random_5,8,2,500.0,325.0,325.0,-175.0,-175.0
lotto649,大樂透,2018-W48,validation,trained_best_5,8,2,500.0,150.0,150.0,-350.0,-350.0
lotto649,大樂透,2018-W48,validation,trained_blend,8,2,500.0,375.0,375.0,-125.0,-125.0
lotto649,大樂透,2018-W48,validation,trained_family_ensemble,8,2,500.0,100.0,100.0,-400.0,-400.0
lotto649,大樂透,2018-W49,validation,current_ensemble,8,2,500.0,200.0,200.0,-300.0,-300.0
lotto649,大樂透,2018-W49,validation,random_5,8,2,500.0,200.0,200.0,-300.0,-300.0
lotto649,大樂透,2018-W49,validation,trained_best_5,8,2,500.0,275.0,275.0,-225.0,-225.0
lotto649,大樂透,2018-W49,validation,trained_blend,8,2,500.0,150.0,150.0,-350.0,-350.0
lotto649,大樂透,2018-W49,validation,trained_family_ensemble,8,2,500.0,100.0,100.0,-400.0,-400.0
lotto649,大樂透,2018-W50,validation,current_ensemble,8,2,500.0,50.0,50.0,-450.0,-450.0
lotto649,大樂透,2018-W50,validation,random_5,8,2,500.0,50.0,50.0,-450.0,-450.0
lotto649,大樂透,2018-W50,validation,trained_best_5,8,2,500.0,100.0,100.0,-400.0,-400.0
lotto649,大樂透,2018-W50,validation,trained_blend,8,2,500.0,50.0,50.0,-450.0,-450.0
lotto649,大樂透,2018-W50,validation,trained_family_ensemble,8,2,500.0,0.0,0.0,-500.0,-500.0
lotto649,大樂透,2018-W51,validation,current_ensemble,8,2,500.0,0.0,0.0,-500.0,-500.0
lotto649,大樂透,2018-W51,validation,random_5,8,2,500.0,50.0,50.0,-450.0,-450.0
lotto649,大樂透,2018-W51,validation,trained_best_5,8,2,500.0,50.0,50.0,-450.0,-450.0
lotto649,大樂透,2018-W51,validation,trained_blend,8,2,500.0,0.0,0.0,-500.0,-500.0
lotto649,大樂透,2018-W51,validation,trained_family_ensemble,8,2,500.0,50.0,50.0,-450.0,-450.0
lotto649,大樂透,2018-W52,validation,current_ensemble,8,2,500.0,225.0,225.0,-275.0,-275.0
lotto649,大樂透,2018-W52,validation,random_5,8,2,500.0,0.0,0.0,-500.0,-500.0
lotto649,大樂透,2018-W52,validation,trained_best_5,8,2,500.0,150.0,150.0,-350.0,-350.0
lotto649,大樂透,2018-W52,validation,trained_blend,8,2,500.0,100.0,100.0,-400.0,-400.0
lotto649,大樂透,2018-W52,validation,trained_family_ensemble,8,2,500.0,50.0,50.0,-450.0,-450.0
lotto649,大樂透,2019-W01,validation,current_ensemble,8,2,500.0,350.0,350.0,-150.0,-150.0
lotto649,大樂透,2019-W01,validation,random_5,8,2,500.0,150.0,150.0,-350.0,-350.0
lotto649,大樂透,2019-W01,validation,trained_best_5,8,2,500.0,100.0,100.0,-400.0,-400.0
lotto649,大樂透,2019-W01,validation,trained_blend,8,2,500.0,625.0,625.0,125.0,125.0
lotto649,大樂透,2019-W01,validation,trained_family_ensemble,8,2,500.0,500.0,500.0,0.0,0.0
lotto649,大樂透,2019-W02,validation,current_ensemble,8,2,500.0,200.0,200.0,-300.0,-300.0
lotto649,大樂透,2019-W02,validation,random_5,8,2,500.0,50.0,50.0,-450.0,-450.0
lotto649,大樂透,2019-W02,validation,trained_best_5,8,2,500.0,150.0,150.0,-350.0,-350.0
lotto649,大樂透,2019-W02,validation,trained_blend,8,2,500.0,100.0,100.0,-400.0,-400.0
lotto649,大樂透,2019-W02,validation,trained_family_ensemble,8,2,500.0,100.0,100.0,-400.0,-400.0
lotto649,大樂透,2019-W03,validation,current_ensemble,8,2,500.0,100.0,100.0,-400.0,-400.0
lotto649,大樂透,2019-W03,validation,random_5,8,2,500.0,200.0,200.0,-300.0,-300.0
lotto649,大樂透,2019-W03,validation,trained_best_5,8,2,500.0,100.0,100.0,-400.0,-400.0
lotto649,大樂透,2019-W03,validation,trained_blend,8,2,500.0,300.0,300.0,-200.0,-200.0
lotto649,大樂透,2019-W03,validation,trained_family_ensemble,8,2,500.0,100.0,100.0,-400.0,-400.0
lotto649,大樂透,2019-W04,validation,current_ensemble,8,2,500.0,150.0,150.0,-350.0,-350.0
lotto649,大樂透,2019-W04,validation,random_5,8,2,500.0,200.0,200.0,-300.0,-300.0
lotto649,大樂透,2019-W04,validation,trained_best_5,8,2,500.0,200.0,200.0,-300.0,-300.0
lotto649,大樂透,2019-W04,validation,trained_blend,8,2,500.0,475.0,475.0,-25.0,-25.0
lotto649,大樂透,2019-W04,validation,trained_family_ensemble,8,2,500.0,275.0,275.0,-225.0,-225.0
lotto649,大樂透,2019-W05,validation,current_ensemble,8,4,1000.0,525.0,525.0,-475.0,-475.0
lotto649,大樂透,2019-W05,validation,random_5,8,4,1000.0,725.0,725.0,-275.0,-275.0
lotto649,大樂透,2019-W05,validation,trained_best_5,8,4,1000.0,250.0,250.0,-750.0,-750.0
lotto649,大樂透,2019-W05,validation,trained_blend,8,4,1000.0,625.0,625.0,-375.0,-375.0
lotto649,大樂透,2019-W05,validation,trained_family_ensemble,8,4,1000.0,700.0,700.0,-300.0,-300.0
lotto649,大樂透,2019-W06,validation,current_ensemble,8,7,1750.0,200.0,200.0,-1550.0,-1550.0
lotto649,大樂透,2019-W06,validation,random_5,8,7,1750.0,200.0,200.0,-1550.0,-1550.0
lotto649,大樂透,2019-W06,validation,trained_best_5,8,7,1750.0,525.0,525.0,-1225.0,-1225.0
lotto649,大樂透,2019-W06,validation,trained_blend,8,7,1750.0,350.0,350.0,-1400.0,-1400.0
lotto649,大樂透,2019-W06,validation,trained_family_ensemble,8,7,1750.0,200.0,200.0,-1550.0,-1550.0
lotto649,大樂透,2019-W07,validation,current_ensemble,8,2,500.0,50.0,50.0,-450.0,-450.0
lotto649,大樂透,2019-W07,validation,random_5,8,2,500.0,150.0,150.0,-350.0,-350.0
lotto649,大樂透,2019-W07,validation,trained_best_5,8,2,500.0,200.0,200.0,-300.0,-300.0
lotto649,大樂透,2019-W07,validation,trained_blend,8,2,500.0,450.0,450.0,-50.0,-50.0
lotto649,大樂透,2019-W07,validation,trained_family_ensemble,8,2,500.0,300.0,300.0,-200.0,-200.0
lotto649,大樂透,2019-W08,validation,current_ensemble,8,2,500.0,50.0,50.0,-450.0,-450.0
lotto649,大樂透,2019-W08,validation,random_5,8,2,500.0,50.0,50.0,-450.0,-450.0
lotto649,大樂透,2019-W08,validation,trained_best_5,8,2,500.0,175.0,175.0,-325.0,-325.0
lotto649,大樂透,2019-W08,validation,trained_blend,8,2,500.0,100.0,100.0,-400.0,-400.0
lotto649,大樂透,2019-W08,validation,trained_family_ensemble,8,2,500.0,50.0,50.0,-450.0,-450.0
lotto649,大樂透,2019-W09,validation,current_ensemble,8,2,500.0,100.0,100.0,-400.0,-400.0
lotto649,大樂透,2019-W09,validation,random_5,8,2,500.0,150.0,150.0,-350.0,-350.0
lotto649,大樂透,2019-W09,validation,trained_best_5,8,2,500.0,0.0,0.0,-500.0,-500.0
lotto649,大樂透,2019-W09,validation,trained_blend,8,2,500.0,50.0,50.0,-450.0,-450.0
lotto649,大樂透,2019-W09,validation,trained_family_ensemble,8,2,500.0,50.0,50.0,-450.0,-450.0
lotto649,大樂透,2019-W10,validation,current_ensemble,8,2,500.0,100.0,100.0,-400.0,-400.0
lotto649,大樂透,2019-W10,validation,random_5,8,2,500.0,50.0,50.0,-450.0,-450.0
lotto649,大樂透,2019-W10,validation,trained_best_5,8,2,500.0,50.0,50.0,-450.0,-450.0
lotto649,大樂透,2019-W10,validation,trained_blend,8,2,500.0,150.0,150.0,-350.0,-350.0
lotto649,大樂透,2019-W10,validation,trained_family_ensemble,8,2,500.0,0.0,0.0,-500.0,-500.0
lotto649,大樂透,2019-W11,validation,current_ensemble,8,2,500.0,0.0,0.0,-500.0,-500.0
lotto649,大樂透,2019-W11,validation,random_5,8,2,500.0,50.0,50.0,-450.0,-450.0
lotto649,大樂透,2019-W11,validation,trained_best_5,8,2,500.0,1684.625,1684.625,1184.625,1184.625
lotto649,大樂透,2019-W11,validation,trained_blend,8,2,500.0,100.0,100.0,-400.0,-400.0
lotto649,大樂透,2019-W11,validation,trained_family_ensemble,8,2,500.0,50.0,50.0,-450.0,-450.0
lotto649,大樂透,2019-W12,validation,current_ensemble,8,2,500.0,150.0,150.0,-350.0,-350.0
lotto649,大樂透,2019-W12,validation,random_5,8,2,500.0,0.0,0.0,-500.0,-500.0
lotto649,大樂透,2019-W12,validation,trained_best_5,8,2,500.0,0.0,0.0,-500.0,-500.0
lotto649,大樂透,2019-W12,validation,trained_blend,8,2,500.0,0.0,0.0,-500.0,-500.0
lotto649,大樂透,2019-W12,validation,trained_family_ensemble,8,2,500.0,100.0,100.0,-400.0,-400.0
lotto649,大樂透,2019-W13,validation,current_ensemble,8,2,500.0,150.0,150.0,-350.0,-350.0
lotto649,大樂透,2019-W13,validation,random_5,8,2,500.0,50.0,50.0,-450.0,-450.0
lotto649,大樂透,2019-W13,validation,trained_best_5,8,2,500.0,100.0,100.0,-400.0,-400.0
lotto649,大樂透,2019-W13,validation,trained_blend,8,2,500.0,150.0,150.0,-350.0,-350.0
lotto649,大樂透,2019-W13,validation,trained_family_ensemble,8,2,500.0,50.0,50.0,-450.0,-450.0
lotto649,大樂透,2019-W14,validation,current_ensemble,8,2,500.0,100.0,100.0,-400.0,-400.0
lotto649,大樂透,2019-W14,validation,random_5,8,2,500.0,150.0,150.0,-350.0,-350.0
lotto649,大樂透,2019-W14,validation,trained_best_5,8,2,500.0,100.0,100.0,-400.0,-400.0
lotto649,大樂透,2019-W14,validation,trained_blend,8,2,500.0,100.0,100.0,-400.0,-400.0
lotto649,大樂透,2019-W14,validation,trained_family_ensemble,8,2,500.0,150.0,150.0,-350.0,-350.0
lotto649,大樂透,2019-W15,validation,current_ensemble,8,2,500.0,550.0,550.0,50.0,50.0
lotto649,大樂透,2019-W15,validation,random_5,8,2,500.0,1875.875,1875.875,1375.875,1375.875
lotto649,大樂透,2019-W15,validation,trained_best_5,8,2,500.0,200.0,200.0,-300.0,-300.0
lotto649,大樂透,2019-W15,validation,trained_blend,8,2,500.0,150.0,150.0,-350.0,-350.0
lotto649,大樂透,2019-W15,validation,trained_family_ensemble,8,2,500.0,250.0,250.0,-250.0,-250.0
lotto649,大樂透,2019-W16,validation,current_ensemble,8,2,500.0,300.0,300.0,-200.0,-200.0
lotto649,大樂透,2019-W16,validation,random_5,8,2,500.0,100.0,100.0,-400.0,-400.0
lotto649,大樂透,2019-W16,validation,trained_best_5,8,2,500.0,100.0,100.0,-400.0,-400.0
lotto649,大樂透,2019-W16,validation,trained_blend,8,2,500.0,150.0,150.0,-350.0,-350.0
lotto649,大樂透,2019-W16,validation,trained_family_ensemble,8,2,500.0,200.0,200.0,-300.0,-300.0
lotto649,大樂透,2019-W17,validation,current_ensemble,8,2,500.0,575.0,575.0,75.0,75.0
lotto649,大樂透,2019-W17,validation,random_5,8,2,500.0,175.0,175.0,-325.0,-325.0
lotto649,大樂透,2019-W17,validation,trained_best_5,8,2,500.0,175.0,175.0,-325.0,-325.0
lotto649,大樂透,2019-W17,validation,trained_blend,8,2,500.0,350.0,350.0,-150.0,-150.0
lotto649,大樂透,2019-W17,validation,trained_family_ensemble,8,2,500.0,150.0,150.0,-350.0,-350.0
lotto649,大樂透,2019-W18,validation,current_ensemble,8,2,500.0,250.0,250.0,-250.0,-250.0
lotto649,大樂透,2019-W18,validation,random_5,8,2,500.0,150.0,150.0,-350.0,-350.0
lotto649,大樂透,2019-W18,validation,trained_best_5,8,2,500.0,2156.625,2156.625,1656.625,1656.625
lotto649,大樂透,2019-W18,validation,trained_blend,8,2,500.0,150.0,150.0,-350.0,-350.0
lotto649,大樂透,2019-W18,validation,trained_family_ensemble,8,2,500.0,100.0,100.0,-400.0,-400.0
lotto649,大樂透,2019-W19,validation,current_ensemble,8,2,500.0,350.0,350.0,-150.0,-150.0
lotto649,大樂透,2019-W19,validation,random_5,8,2,500.0,350.0,350.0,-150.0,-150.0
lotto649,大樂透,2019-W19,validation,trained_best_5,8,2,500.0,100.0,100.0,-400.0,-400.0
lotto649,大樂透,2019-W19,validation,trained_blend,8,2,500.0,50.0,50.0,-450.0,-450.0
lotto649,大樂透,2019-W19,validation,trained_family_ensemble,8,2,500.0,100.0,100.0,-400.0,-400.0
lotto649,大樂透,2019-W20,validation,current_ensemble,8,2,500.0,50.0,50.0,-450.0,-450.0
lotto649,大樂透,2019-W20,validation,random_5,8,2,500.0,225.0,225.0,-275.0,-275.0
lotto649,大樂透,2019-W20,validation,trained_best_5,8,2,500.0,0.0,0.0,-500.0,-500.0
lotto649,大樂透,2019-W20,validation,trained_blend,8,2,500.0,275.0,275.0,-225.0,-225.0
lotto649,大樂透,2019-W20,validation,trained_family_ensemble,8,2,500.0,225.0,225.0,-275.0,-275.0
lotto649,大樂透,2019-W21,validation,current_ensemble,8,2,500.0,350.0,350.0,-150.0,-150.0
lotto649,大樂透,2019-W21,validation,random_5,8,2,500.0,350.0,350.0,-150.0,-150.0
lotto649,大樂透,2019-W21,validation,trained_best_5,8,2,500.0,175.0,175.0,-325.0,-325.0
lotto649,大樂透,2019-W21,validation,trained_blend,8,2,500.0,450.0,450.0,-50.0,-50.0
lotto649,大樂透,2019-W21,validation,trained_family_ensemble,8,2,500.0,225.0,225.0,-275.0,-275.0
lotto649,大樂透,2019-W22,validation,current_ensemble,8,2,500.0,300.0,300.0,-200.0,-200.0
lotto649,大樂透,2019-W22,validation,random_5,8,2,500.0,150.0,150.0,-350.0,-350.0
lotto649,大樂透,2019-W22,validation,trained_best_5,8,2,500.0,150.0,150.0,-350.0,-350.0
lotto649,大樂透,2019-W22,validation,trained_blend,8,2,500.0,200.0,200.0,-300.0,-300.0
lotto649,大樂透,2019-W22,validation,trained_family_ensemble,8,2,500.0,150.0,150.0,-350.0,-350.0
lotto649,大樂透,2019-W23,validation,current_ensemble,8,2,500.0,50.0,50.0,-450.0,-450.0
lotto649,大樂透,2019-W23,validation,random_5,8,2,500.0,225.0,225.0,-275.0,-275.0
lotto649,大樂透,2019-W23,validation,trained_best_5,8,2,500.0,50.0,50.0,-450.0,-450.0
lotto649,大樂透,2019-W23,validation,trained_blend,8,2,500.0,0.0,0.0,-500.0,-500.0
lotto649,大樂透,2019-W23,validation,trained_family_ensemble,8,2,500.0,0.0,0.0,-500.0,-500.0
lotto649,大樂透,2019-W24,validation,current_ensemble,8,2,500.0,50.0,50.0,-450.0,-450.0
lotto649,大樂透,2019-W24,validation,random_5,8,2,500.0,50.0,50.0,-450.0,-450.0
lotto649,大樂透,2019-W24,validation,trained_best_5,8,2,500.0,100.0,100.0,-400.0,-400.0
lotto649,大樂透,2019-W24,validation,trained_blend,8,2,500.0,150.0,150.0,-350.0,-350.0
lotto649,大樂透,2019-W24,validation,trained_family_ensemble,8,2,500.0,200.0,200.0,-300.0,-300.0
lotto649,大樂透,2019-W25,validation,current_ensemble,8,2,500.0,50.0,50.0,-450.0,-450.0
lotto649,大樂透,2019-W25,validation,random_5,8,2,500.0,50.0,50.0,-450.0,-450.0
lotto649,大樂透,2019-W25,validation,trained_best_5,8,2,500.0,50.0,50.0,-450.0,-450.0
lotto649,大樂透,2019-W25,validation,trained_blend,8,2,500.0,100.0,100.0,-400.0,-400.0
lotto649,大樂透,2019-W25,validation,trained_family_ensemble,8,2,500.0,50.0,50.0,-450.0,-450.0
lotto649,大樂透,2019-W26,validation,current_ensemble,8,2,500.0,200.0,200.0,-300.0,-300.0
lotto649,大樂透,2019-W26,validation,random_5,8,2,500.0,0.0,0.0,-500.0,-500.0
lotto649,大樂透,2019-W26,validation,trained_best_5,8,2,500.0,50.0,50.0,-450.0,-450.0
lotto649,大樂透,2019-W26,validation,trained_blend,8,2,500.0,0.0,0.0,-500.0,-500.0
lotto649,大樂透,2019-W26,validation,trained_family_ensemble,8,2,500.0,100.0,100.0,-400.0,-400.0
lotto649,大樂透,2019-W27,validation,current_ensemble,8,2,500.0,200.0,200.0,-300.0,-300.0
lotto649,大樂透,2019-W27,validation,random_5,8,2,500.0,300.0,300.0,-200.0,-200.0
lotto649,大樂透,2019-W27,validation,trained_best_5,8,2,500.0,50.0,50.0,-450.0,-450.0
lotto649,大樂透,2019-W27,validation,trained_blend,8,2,500.0,150.0,150.0,-350.0,-350.0
lotto649,大樂透,2019-W27,validation,trained_family_ensemble,8,2,500.0,250.0,250.0,-250.0,-250.0
lotto649,大樂透,2019-W28,validation,current_ensemble,8,2,500.0,0.0,0.0,-500.0,-500.0
lotto649,大樂透,2019-W28,validation,random_5,8,2,500.0,0.0,0.0,-500.0,-500.0
lotto649,大樂透,2019-W28,validation,trained_best_5,8,2,500.0,50.0,50.0,-450.0,-450.0
lotto649,大樂透,2019-W28,validation,trained_blend,8,2,500.0,100.0,100.0,-400.0,-400.0
lotto649,大樂透,2019-W28,validation,trained_family_ensemble,8,2,500.0,50.0,50.0,-450.0,-450.0
lotto649,大樂透,2019-W29,validation,current_ensemble,8,2,500.0,150.0,150.0,-350.0,-350.0
lotto649,大樂透,2019-W29,validation,random_5,8,2,500.0,200.0,200.0,-300.0,-300.0
lotto649,大樂透,2019-W29,validation,trained_best_5,8,2,500.0,150.0,150.0,-350.0,-350.0
lotto649,大樂透,2019-W29,validation,trained_blend,8,2,500.0,100.0,100.0,-400.0,-400.0
lotto649,大樂透,2019-W29,validation,trained_family_ensemble,8,2,500.0,100.0,100.0,-400.0,-400.0
lotto649,大樂透,2019-W30,validation,current_ensemble,8,2,500.0,0.0,0.0,-500.0,-500.0
lotto649,大樂透,2019-W30,validation,random_5,8,2,500.0,0.0,0.0,-500.0,-500.0
lotto649,大樂透,2019-W30,validation,trained_best_5,8,2,500.0,175.0,175.0,-325.0,-325.0
lotto649,大樂透,2019-W30,validation,trained_blend,8,2,500.0,125.0,125.0,-375.0,-375.0
lotto649,大樂透,2019-W30,validation,trained_family_ensemble,8,2,500.0,0.0,0.0,-500.0,-500.0
lotto649,大樂透,2019-W31,validation,current_ensemble,8,2,500.0,50.0,50.0,-450.0,-450.0
lotto649,大樂透,2019-W31,validation,random_5,8,2,500.0,50.0,50.0,-450.0,-450.0
lotto649,大樂透,2019-W31,validation,trained_best_5,8,2,500.0,50.0,50.0,-450.0,-450.0
lotto649,大樂透,2019-W31,validation,trained_blend,8,2,500.0,0.0,0.0,-500.0,-500.0
lotto649,大樂透,2019-W31,validation,trained_family_ensemble,8,2,500.0,50.0,50.0,-450.0,-450.0
lotto649,大樂透,2019-W32,validation,current_ensemble,8,2,500.0,100.0,100.0,-400.0,-400.0
lotto649,大樂透,2019-W32,validation,random_5,8,2,500.0,150.0,150.0,-350.0,-350.0
lotto649,大樂透,2019-W32,validation,trained_best_5,8,2,500.0,100.0,100.0,-400.0,-400.0
lotto649,大樂透,2019-W32,validation,trained_blend,8,2,500.0,0.0,0.0,-500.0,-500.0
lotto649,大樂透,2019-W32,validation,trained_family_ensemble,8,2,500.0,100.0,100.0,-400.0,-400.0
lotto649,大樂透,2019-W33,validation,current_ensemble,8,2,500.0,100.0,100.0,-400.0,-400.0
lotto649,大樂透,2019-W33,validation,random_5,8,2,500.0,100.0,100.0,-400.0,-400.0
lotto649,大樂透,2019-W33,validation,trained_best_5,8,2,500.0,150.0,150.0,-350.0,-350.0
lotto649,大樂透,2019-W33,validation,trained_blend,8,2,500.0,50.0,50.0,-450.0,-450.0
lotto649,大樂透,2019-W33,validation,trained_family_ensemble,8,2,500.0,50.0,50.0,-450.0,-450.0
lotto649,大樂透,2019-W34,validation,current_ensemble,8,2,500.0,0.0,0.0,-500.0,-500.0
lotto649,大樂透,2019-W34,validation,random_5,8,2,500.0,50.0,50.0,-450.0,-450.0
lotto649,大樂透,2019-W34,validation,trained_best_5,8,2,500.0,150.0,150.0,-350.0,-350.0
lotto649,大樂透,2019-W34,validation,trained_blend,8,2,500.0,100.0,100.0,-400.0,-400.0
lotto649,大樂透,2019-W34,validation,trained_family_ensemble,8,2,500.0,100.0,100.0,-400.0,-400.0
lotto649,大樂透,2019-W35,validation,current_ensemble,8,2,500.0,50.0,50.0,-450.0,-450.0
lotto649,大樂透,2019-W35,validation,random_5,8,2,500.0,50.0,50.0,-450.0,-450.0
lotto649,大樂透,2019-W35,validation,trained_best_5,8,2,500.0,50.0,50.0,-450.0,-450.0
lotto649,大樂透,2019-W35,validation,trained_blend,8,2,500.0,50.0,50.0,-450.0,-450.0
lotto649,大樂透,2019-W35,validation,trained_family_ensemble,8,2,500.0,50.0,50.0,-450.0,-450.0
lotto649,大樂透,2019-W36,validation,current_ensemble,8,2,500.0,0.0,0.0,-500.0,-500.0
lotto649,大樂透,2019-W36,validation,random_5,8,2,500.0,100.0,100.0,-400.0,-400.0
lotto649,大樂透,2019-W36,validation,trained_best_5,8,2,500.0,50.0,50.0,-450.0,-450.0
lotto649,大樂透,2019-W36,validation,trained_blend,8,2,500.0,50.0,50.0,-450.0,-450.0
lotto649,大樂透,2019-W36,validation,trained_family_ensemble,8,2,500.0,0.0,0.0,-500.0,-500.0
lotto649,大樂透,2019-W37,validation,current_ensemble,8,2,500.0,50.0,50.0,-450.0,-450.0
lotto649,大樂透,2019-W37,validation,random_5,8,2,500.0,50.0,50.0,-450.0,-450.0
lotto649,大樂透,2019-W37,validation,trained_best_5,8,2,500.0,50.0,50.0,-450.0,-450.0
lotto649,大樂透,2019-W37,validation,trained_blend,8,2,500.0,100.0,100.0,-400.0,-400.0
lotto649,大樂透,2019-W37,validation,trained_family_ensemble,8,2,500.0,100.0,100.0,-400.0,-400.0
lotto649,大樂透,2019-W38,validation,current_ensemble,8,2,500.0,375.0,375.0,-125.0,-125.0
lotto649,大樂透,2019-W38,validation,random_5,8,2,500.0,225.0,225.0,-275.0,-275.0
lotto649,大樂透,2019-W38,validation,trained_best_5,8,2,500.0,250.0,250.0,-250.0,-250.0
lotto649,大樂透,2019-W38,validation,trained_blend,8,2,500.0,275.0,275.0,-225.0,-225.0
lotto649,大樂透,2019-W38,validation,trained_family_ensemble,8,2,500.0,325.0,325.0,-175.0,-175.0
lotto649,大樂透,2019-W39,validation,current_ensemble,8,2,500.0,150.0,150.0,-350.0,-350.0
lotto649,大樂透,2019-W39,validation,random_5,8,2,500.0,300.0,300.0,-200.0,-200.0
lotto649,大樂透,2019-W39,validation,trained_best_5,8,2,500.0,100.0,100.0,-400.0,-400.0
lotto649,大樂透,2019-W39,validation,trained_blend,8,2,500.0,100.0,100.0,-400.0,-400.0
lotto649,大樂透,2019-W39,validation,trained_family_ensemble,8,2,500.0,200.0,200.0,-300.0,-300.0
lotto649,大樂透,2019-W40,validation,current_ensemble,8,2,500.0,100.0,100.0,-400.0,-400.0
lotto649,大樂透,2019-W40,validation,random_5,8,2,500.0,50.0,50.0,-450.0,-450.0
lotto649,大樂透,2019-W40,validation,trained_best_5,8,2,500.0,50.0,50.0,-450.0,-450.0
lotto649,大樂透,2019-W40,validation,trained_blend,8,2,500.0,100.0,100.0,-400.0,-400.0
lotto649,大樂透,2019-W40,validation,trained_family_ensemble,8,2,500.0,50.0,50.0,-450.0,-450.0
lotto649,大樂透,2019-W41,validation,current_ensemble,8,2,500.0,150.0,150.0,-350.0,-350.0
lotto649,大樂透,2019-W41,validation,random_5,8,2,500.0,150.0,150.0,-350.0,-350.0
lotto649,大樂透,2019-W41,validation,trained_best_5,8,2,500.0,50.0,50.0,-450.0,-450.0
lotto649,大樂透,2019-W41,validation,trained_blend,8,2,500.0,50.0,50.0,-450.0,-450.0
lotto649,大樂透,2019-W41,validation,trained_family_ensemble,8,2,500.0,200.0,200.0,-300.0,-300.0
lotto649,大樂透,2019-W42,validation,current_ensemble,8,2,500.0,775.0,775.0,275.0,275.0
lotto649,大樂透,2019-W42,validation,random_5,8,2,500.0,250.0,250.0,-250.0,-250.0
lotto649,大樂透,2019-W42,validation,trained_best_5,8,2,500.0,150.0,150.0,-350.0,-350.0
lotto649,大樂透,2019-W42,validation,trained_blend,8,2,500.0,100.0,100.0,-400.0,-400.0
lotto649,大樂透,2019-W42,validation,trained_family_ensemble,8,2,500.0,200.0,200.0,-300.0,-300.0
lotto649,大樂透,2019-W43,validation,current_ensemble,8,2,500.0,350.0,350.0,-150.0,-150.0
lotto649,大樂透,2019-W43,validation,random_5,8,2,500.0,50.0,50.0,-450.0,-450.0
lotto649,大樂透,2019-W43,validation,trained_best_5,8,2,500.0,150.0,150.0,-350.0,-350.0
lotto649,大樂透,2019-W43,validation,trained_blend,8,2,500.0,50.0,50.0,-450.0,-450.0
lotto649,大樂透,2019-W43,validation,trained_family_ensemble,8,2,500.0,150.0,150.0,-350.0,-350.0
lotto649,大樂透,2019-W44,validation,current_ensemble,8,2,500.0,0.0,0.0,-500.0,-500.0
lotto649,大樂透,2019-W44,validation,random_5,8,2,500.0,100.0,100.0,-400.0,-400.0
lotto649,大樂透,2019-W44,validation,trained_best_5,8,2,500.0,100.0,100.0,-400.0,-400.0
lotto649,大樂透,2019-W44,validation,trained_blend,8,2,500.0,50.0,50.0,-450.0,-450.0
lotto649,大樂透,2019-W44,validation,trained_family_ensemble,8,2,500.0,50.0,50.0,-450.0,-450.0
lotto649,大樂透,2019-W45,validation,current_ensemble,8,2,500.0,150.0,150.0,-350.0,-350.0
lotto649,大樂透,2019-W45,validation,random_5,8,2,500.0,100.0,100.0,-400.0,-400.0
lotto649,大樂透,2019-W45,validation,trained_best_5,8,2,500.0,50.0,50.0,-450.0,-450.0
lotto649,大樂透,2019-W45,validation,trained_blend,8,2,500.0,0.0,0.0,-500.0,-500.0
lotto649,大樂透,2019-W45,validation,trained_family_ensemble,8,2,500.0,100.0,100.0,-400.0,-400.0
lotto649,大樂透,2019-W46,validation,current_ensemble,8,2,500.0,100.0,100.0,-400.0,-400.0
lotto649,大樂透,2019-W46,validation,random_5,8,2,500.0,250.0,250.0,-250.0,-250.0
lotto649,大樂透,2019-W46,validation,trained_best_5,8,2,500.0,400.0,400.0,-100.0,-100.0
lotto649,大樂透,2019-W46,validation,trained_blend,8,2,500.0,250.0,250.0,-250.0,-250.0
lotto649,大樂透,2019-W46,validation,trained_family_ensemble,8,2,500.0,150.0,150.0,-350.0,-350.0
lotto649,大樂透,2019-W47,validation,current_ensemble,8,2,500.0,250.0,250.0,-250.0,-250.0
lotto649,大樂透,2019-W47,validation,random_5,8,2,500.0,100.0,100.0,-400.0,-400.0
lotto649,大樂透,2019-W47,validation,trained_best_5,8,2,500.0,50.0,50.0,-450.0,-450.0
lotto649,大樂透,2019-W47,validation,trained_blend,8,2,500.0,50.0,50.0,-450.0,-450.0
lotto649,大樂透,2019-W47,validation,trained_family_ensemble,8,2,500.0,100.0,100.0,-400.0,-400.0
lotto649,大樂透,2019-W48,validation,current_ensemble,8,2,500.0,50.0,50.0,-450.0,-450.0
lotto649,大樂透,2019-W48,validation,random_5,8,2,500.0,0.0,0.0,-500.0,-500.0
lotto649,大樂透,2019-W48,validation,trained_best_5,8,2,500.0,100.0,100.0,-400.0,-400.0
lotto649,大樂透,2019-W48,validation,trained_blend,8,2,500.0,0.0,0.0,-500.0,-500.0
lotto649,大樂透,2019-W48,validation,trained_family_ensemble,8,2,500.0,100.0,100.0,-400.0,-400.0
lotto649,大樂透,2019-W49,validation,current_ensemble,8,2,500.0,50.0,50.0,-450.0,-450.0
lotto649,大樂透,2019-W49,validation,random_5,8,2,500.0,150.0,150.0,-350.0,-350.0
lotto649,大樂透,2019-W49,validation,trained_best_5,8,2,500.0,50.0,50.0,-450.0,-450.0
lotto649,大樂透,2019-W49,validation,trained_blend,8,2,500.0,150.0,150.0,-350.0,-350.0
lotto649,大樂透,2019-W49,validation,trained_family_ensemble,8,2,500.0,100.0,100.0,-400.0,-400.0
lotto649,大樂透,2019-W50,validation,current_ensemble,8,2,500.0,400.0,400.0,-100.0,-100.0
lotto649,大樂透,2019-W50,validation,random_5,8,2,500.0,50.0,50.0,-450.0,-450.0
lotto649,大樂透,2019-W50,validation,trained_best_5,8,2,500.0,200.0,200.0,-300.0,-300.0
lotto649,大樂透,2019-W50,validation,trained_blend,8,2,500.0,0.0,0.0,-500.0,-500.0
lotto649,大樂透,2019-W50,validation,trained_family_ensemble,8,2,500.0,350.0,350.0,-150.0,-150.0
lotto649,大樂透,2019-W51,validation,current_ensemble,8,2,500.0,200.0,200.0,-300.0,-300.0
lotto649,大樂透,2019-W51,validation,random_5,8,2,500.0,125.0,125.0,-375.0,-375.0
lotto649,大樂透,2019-W51,validation,trained_best_5,8,2,500.0,250.0,250.0,-250.0,-250.0
lotto649,大樂透,2019-W51,validation,trained_blend,8,2,500.0,50.0,50.0,-450.0,-450.0
lotto649,大樂透,2019-W51,validation,trained_family_ensemble,8,2,500.0,275.0,275.0,-225.0,-225.0
lotto649,大樂透,2019-W52,validation,current_ensemble,8,2,500.0,100.0,100.0,-400.0,-400.0
lotto649,大樂透,2019-W52,validation,random_5,8,2,500.0,50.0,50.0,-450.0,-450.0
lotto649,大樂透,2019-W52,validation,trained_best_5,8,2,500.0,50.0,50.0,-450.0,-450.0
lotto649,大樂透,2019-W52,validation,trained_blend,8,2,500.0,100.0,100.0,-400.0,-400.0
lotto649,大樂透,2019-W52,validation,trained_family_ensemble,8,2,500.0,100.0,100.0,-400.0,-400.0
lotto649,大樂透,2020-W01,validation,current_ensemble,8,2,500.0,50.0,50.0,-450.0,-450.0
lotto649,大樂透,2020-W01,validation,random_5,8,2,500.0,100.0,100.0,-400.0,-400.0
lotto649,大樂透,2020-W01,validation,trained_best_5,8,2,500.0,250.0,250.0,-250.0,-250.0
lotto649,大樂透,2020-W01,validation,trained_blend,8,2,500.0,200.0,200.0,-300.0,-300.0
lotto649,大樂透,2020-W01,validation,trained_family_ensemble,8,2,500.0,150.0,150.0,-350.0,-350.0
lotto649,大樂透,2020-W02,validation,current_ensemble,8,2,500.0,100.0,100.0,-400.0,-400.0
lotto649,大樂透,2020-W02,validation,random_5,8,2,500.0,50.0,50.0,-450.0,-450.0
lotto649,大樂透,2020-W02,validation,trained_best_5,8,2,500.0,150.0,150.0,-350.0,-350.0
lotto649,大樂透,2020-W02,validation,trained_blend,8,2,500.0,100.0,100.0,-400.0,-400.0
lotto649,大樂透,2020-W02,validation,trained_family_ensemble,8,2,500.0,100.0,100.0,-400.0,-400.0
lotto649,大樂透,2020-W03,validation,current_ensemble,8,2,500.0,150.0,150.0,-350.0,-350.0
lotto649,大樂透,2020-W03,validation,random_5,8,2,500.0,50.0,50.0,-450.0,-450.0
lotto649,大樂透,2020-W03,validation,trained_best_5,8,2,500.0,525.0,525.0,25.0,25.0
lotto649,大樂透,2020-W03,validation,trained_blend,8,2,500.0,150.0,150.0,-350.0,-350.0
lotto649,大樂透,2020-W03,validation,trained_family_ensemble,8,2,500.0,150.0,150.0,-350.0,-350.0
lotto649,大樂透,2020-W04,validation,current_ensemble,8,5,1250.0,850.0,850.0,-400.0,-400.0
lotto649,大樂透,2020-W04,validation,random_5,8,5,1250.0,500.0,500.0,-750.0,-750.0
lotto649,大樂透,2020-W04,validation,trained_best_5,8,5,1250.0,650.0,650.0,-600.0,-600.0
lotto649,大樂透,2020-W04,validation,trained_blend,8,5,1250.0,150.0,150.0,-1100.0,-1100.0
lotto649,大樂透,2020-W04,validation,trained_family_ensemble,8,5,1250.0,800.0,800.0,-450.0,-450.0
lotto649,大樂透,2020-W05,validation,current_ensemble,8,7,1750.0,425.0,425.0,-1325.0,-1325.0
lotto649,大樂透,2020-W05,validation,random_5,8,7,1750.0,625.0,625.0,-1125.0,-1125.0
lotto649,大樂透,2020-W05,validation,trained_best_5,8,7,1750.0,475.0,475.0,-1275.0,-1275.0
lotto649,大樂透,2020-W05,validation,trained_blend,8,7,1750.0,250.0,250.0,-1500.0,-1500.0
lotto649,大樂透,2020-W05,validation,trained_family_ensemble,8,7,1750.0,275.0,275.0,-1475.0,-1475.0
lotto649,大樂透,2020-W06,validation,current_ensemble,8,2,500.0,275.0,275.0,-225.0,-225.0
lotto649,大樂透,2020-W06,validation,random_5,8,2,500.0,275.0,275.0,-225.0,-225.0
lotto649,大樂透,2020-W06,validation,trained_best_5,8,2,500.0,200.0,200.0,-300.0,-300.0
lotto649,大樂透,2020-W06,validation,trained_blend,8,2,500.0,150.0,150.0,-350.0,-350.0
lotto649,大樂透,2020-W06,validation,trained_family_ensemble,8,2,500.0,150.0,150.0,-350.0,-350.0
lotto649,大樂透,2020-W07,validation,current_ensemble,8,2,500.0,650.0,650.0,150.0,150.0
lotto649,大樂透,2020-W07,validation,random_5,8,2,500.0,50.0,50.0,-450.0,-450.0
lotto649,大樂透,2020-W07,validation,trained_best_5,8,2,500.0,150.0,150.0,-350.0,-350.0
lotto649,大樂透,2020-W07,validation,trained_blend,8,2,500.0,0.0,0.0,-500.0,-500.0
lotto649,大樂透,2020-W07,validation,trained_family_ensemble,8,2,500.0,400.0,400.0,-100.0,-100.0
lotto649,大樂透,2020-W08,validation,current_ensemble,8,2,500.0,50.0,50.0,-450.0,-450.0
lotto649,大樂透,2020-W08,validation,random_5,8,2,500.0,50.0,50.0,-450.0,-450.0
lotto649,大樂透,2020-W08,validation,trained_best_5,8,2,500.0,350.0,350.0,-150.0,-150.0
lotto649,大樂透,2020-W08,validation,trained_blend,8,2,500.0,350.0,350.0,-150.0,-150.0
lotto649,大樂透,2020-W08,validation,trained_family_ensemble,8,2,500.0,100.0,100.0,-400.0,-400.0
lotto649,大樂透,2020-W09,validation,current_ensemble,8,2,500.0,475.0,475.0,-25.0,-25.0
lotto649,大樂透,2020-W09,validation,random_5,8,2,500.0,200.0,200.0,-300.0,-300.0
lotto649,大樂透,2020-W09,validation,trained_best_5,8,2,500.0,150.0,150.0,-350.0,-350.0
lotto649,大樂透,2020-W09,validation,trained_blend,8,2,500.0,50.0,50.0,-450.0,-450.0
lotto649,大樂透,2020-W09,validation,trained_family_ensemble,8,2,500.0,100.0,100.0,-400.0,-400.0
lotto649,大樂透,2020-W10,validation,current_ensemble,8,2,500.0,150.0,150.0,-350.0,-350.0
lotto649,大樂透,2020-W10,validation,random_5,8,2,500.0,150.0,150.0,-350.0,-350.0
lotto649,大樂透,2020-W10,validation,trained_best_5,8,2,500.0,0.0,0.0,-500.0,-500.0
lotto649,大樂透,2020-W10,validation,trained_blend,8,2,500.0,300.0,300.0,-200.0,-200.0
lotto649,大樂透,2020-W10,validation,trained_family_ensemble,8,2,500.0,50.0,50.0,-450.0,-450.0
lotto649,大樂透,2020-W11,validation,current_ensemble,8,2,500.0,150.0,150.0,-350.0,-350.0
lotto649,大樂透,2020-W11,validation,random_5,8,2,500.0,200.0,200.0,-300.0,-300.0
lotto649,大樂透,2020-W11,validation,trained_best_5,8,2,500.0,100.0,100.0,-400.0,-400.0
lotto649,大樂透,2020-W11,validation,trained_blend,8,2,500.0,150.0,150.0,-350.0,-350.0
lotto649,大樂透,2020-W11,validation,trained_family_ensemble,8,2,500.0,100.0,100.0,-400.0,-400.0
lotto649,大樂透,2020-W12,validation,current_ensemble,8,2,500.0,250.0,250.0,-250.0,-250.0
lotto649,大樂透,2020-W12,validation,random_5,8,2,500.0,250.0,250.0,-250.0,-250.0
lotto649,大樂透,2020-W12,validation,trained_best_5,8,2,500.0,100.0,100.0,-400.0,-400.0
lotto649,大樂透,2020-W12,validation,trained_blend,8,2,500.0,250.0,250.0,-250.0,-250.0
lotto649,大樂透,2020-W12,validation,trained_family_ensemble,8,2,500.0,100.0,100.0,-400.0,-400.0
lotto649,大樂透,2020-W13,validation,current_ensemble,8,2,500.0,50.0,50.0,-450.0,-450.0
lotto649,大樂透,2020-W13,validation,random_5,8,2,500.0,150.0,150.0,-350.0,-350.0
lotto649,大樂透,2020-W13,validation,trained_best_5,8,2,500.0,100.0,100.0,-400.0,-400.0
lotto649,大樂透,2020-W13,validation,trained_blend,8,2,500.0,100.0,100.0,-400.0,-400.0
lotto649,大樂透,2020-W13,validation,trained_family_ensemble,8,2,500.0,50.0,50.0,-450.0,-450.0
lotto649,大樂透,2020-W14,validation,current_ensemble,8,2,500.0,400.0,400.0,-100.0,-100.0
lotto649,大樂透,2020-W14,validation,random_5,8,2,500.0,150.0,150.0,-350.0,-350.0
lotto649,大樂透,2020-W14,validation,trained_best_5,8,2,500.0,200.0,200.0,-300.0,-300.0
lotto649,大樂透,2020-W14,validation,trained_blend,8,2,500.0,200.0,200.0,-300.0,-300.0
lotto649,大樂透,2020-W14,validation,trained_family_ensemble,8,2,500.0,250.0,250.0,-250.0,-250.0
lotto649,大樂透,2020-W15,validation,current_ensemble,8,2,500.0,100.0,100.0,-400.0,-400.0
lotto649,大樂透,2020-W15,validation,random_5,8,2,500.0,50.0,50.0,-450.0,-450.0
lotto649,大樂透,2020-W15,validation,trained_best_5,8,2,500.0,100.0,100.0,-400.0,-400.0
lotto649,大樂透,2020-W15,validation,trained_blend,8,2,500.0,50.0,50.0,-450.0,-450.0
lotto649,大樂透,2020-W15,validation,trained_family_ensemble,8,2,500.0,100.0,100.0,-400.0,-400.0
lotto649,大樂透,2020-W16,validation,current_ensemble,8,2,500.0,100.0,100.0,-400.0,-400.0
lotto649,大樂透,2020-W16,validation,random_5,8,2,500.0,100.0,100.0,-400.0,-400.0
lotto649,大樂透,2020-W16,validation,trained_best_5,8,2,500.0,100.0,100.0,-400.0,-400.0
lotto649,大樂透,2020-W16,validation,trained_blend,8,2,500.0,100.0,100.0,-400.0,-400.0
lotto649,大樂透,2020-W16,validation,trained_family_ensemble,8,2,500.0,150.0,150.0,-350.0,-350.0
lotto649,大樂透,2020-W17,validation,current_ensemble,8,2,500.0,50.0,50.0,-450.0,-450.0
lotto649,大樂透,2020-W17,validation,random_5,8,2,500.0,100.0,100.0,-400.0,-400.0
lotto649,大樂透,2020-W17,validation,trained_best_5,8,2,500.0,50.0,50.0,-450.0,-450.0
lotto649,大樂透,2020-W17,validation,trained_blend,8,2,500.0,0.0,0.0,-500.0,-500.0
lotto649,大樂透,2020-W17,validation,trained_family_ensemble,8,2,500.0,50.0,50.0,-450.0,-450.0
lotto649,大樂透,2020-W18,validation,current_ensemble,8,2,500.0,0.0,0.0,-500.0,-500.0
lotto649,大樂透,2020-W18,validation,random_5,8,2,500.0,100.0,100.0,-400.0,-400.0
lotto649,大樂透,2020-W18,validation,trained_best_5,8,2,500.0,150.0,150.0,-350.0,-350.0
lotto649,大樂透,2020-W18,validation,trained_blend,8,2,500.0,50.0,50.0,-450.0,-450.0
lotto649,大樂透,2020-W18,validation,trained_family_ensemble,8,2,500.0,0.0,0.0,-500.0,-500.0
lotto649,大樂透,2020-W19,validation,current_ensemble,8,2,500.0,200.0,200.0,-300.0,-300.0
lotto649,大樂透,2020-W19,validation,random_5,8,2,500.0,100.0,100.0,-400.0,-400.0
lotto649,大樂透,2020-W19,validation,trained_best_5,8,2,500.0,100.0,100.0,-400.0,-400.0
lotto649,大樂透,2020-W19,validation,trained_blend,8,2,500.0,150.0,150.0,-350.0,-350.0
lotto649,大樂透,2020-W19,validation,trained_family_ensemble,8,2,500.0,250.0,250.0,-250.0,-250.0
lotto649,大樂透,2020-W20,validation,current_ensemble,8,2,500.0,0.0,0.0,-500.0,-500.0
lotto649,大樂透,2020-W20,validation,random_5,8,2,500.0,50.0,50.0,-450.0,-450.0
lotto649,大樂透,2020-W20,validation,trained_best_5,8,2,500.0,100.0,100.0,-400.0,-400.0
lotto649,大樂透,2020-W20,validation,trained_blend,8,2,500.0,200.0,200.0,-300.0,-300.0
lotto649,大樂透,2020-W20,validation,trained_family_ensemble,8,2,500.0,100.0,100.0,-400.0,-400.0
lotto649,大樂透,2020-W21,validation,current_ensemble,8,2,500.0,150.0,150.0,-350.0,-350.0
lotto649,大樂透,2020-W21,validation,random_5,8,2,500.0,0.0,0.0,-500.0,-500.0
lotto649,大樂透,2020-W21,validation,trained_best_5,8,2,500.0,250.0,250.0,-250.0,-250.0
lotto649,大樂透,2020-W21,validation,trained_blend,8,2,500.0,100.0,100.0,-400.0,-400.0
lotto649,大樂透,2020-W21,validation,trained_family_ensemble,8,2,500.0,100.0,100.0,-400.0,-400.0
lotto649,大樂透,2020-W22,validation,current_ensemble,8,2,500.0,50.0,50.0,-450.0,-450.0
lotto649,大樂透,2020-W22,validation,random_5,8,2,500.0,100.0,100.0,-400.0,-400.0
lotto649,大樂透,2020-W22,validation,trained_best_5,8,2,500.0,100.0,100.0,-400.0,-400.0
lotto649,大樂透,2020-W22,validation,trained_blend,8,2,500.0,50.0,50.0,-450.0,-450.0
lotto649,大樂透,2020-W22,validation,trained_family_ensemble,8,2,500.0,100.0,100.0,-400.0,-400.0
lotto649,大樂透,2020-W23,validation,current_ensemble,8,2,500.0,100.0,100.0,-400.0,-400.0
lotto649,大樂透,2020-W23,validation,random_5,8,2,500.0,250.0,250.0,-250.0,-250.0
lotto649,大樂透,2020-W23,validation,trained_best_5,8,2,500.0,150.0,150.0,-350.0,-350.0
lotto649,大樂透,2020-W23,validation,trained_blend,8,2,500.0,200.0,200.0,-300.0,-300.0
lotto649,大樂透,2020-W23,validation,trained_family_ensemble,8,2,500.0,100.0,100.0,-400.0,-400.0
lotto649,大樂透,2020-W24,validation,current_ensemble,8,2,500.0,100.0,100.0,-400.0,-400.0
lotto649,大樂透,2020-W24,validation,random_5,8,2,500.0,150.0,150.0,-350.0,-350.0
lotto649,大樂透,2020-W24,validation,trained_best_5,8,2,500.0,175.0,175.0,-325.0,-325.0
lotto649,大樂透,2020-W24,validation,trained_blend,8,2,500.0,100.0,100.0,-400.0,-400.0
lotto649,大樂透,2020-W24,validation,trained_family_ensemble,8,2,500.0,50.0,50.0,-450.0,-450.0
lotto649,大樂透,2020-W25,validation,current_ensemble,8,2,500.0,100.0,100.0,-400.0,-400.0
lotto649,大樂透,2020-W25,validation,random_5,8,2,500.0,100.0,100.0,-400.0,-400.0
lotto649,大樂透,2020-W25,validation,trained_best_5,8,2,500.0,0.0,0.0,-500.0,-500.0
lotto649,大樂透,2020-W25,validation,trained_blend,8,2,500.0,50.0,50.0,-450.0,-450.0
lotto649,大樂透,2020-W25,validation,trained_family_ensemble,8,2,500.0,50.0,50.0,-450.0,-450.0
lotto649,大樂透,2020-W26,validation,current_ensemble,8,2,500.0,450.0,450.0,-50.0,-50.0
lotto649,大樂透,2020-W26,validation,random_5,8,2,500.0,100.0,100.0,-400.0,-400.0
lotto649,大樂透,2020-W26,validation,trained_best_5,8,2,500.0,250.0,250.0,-250.0,-250.0
lotto649,大樂透,2020-W26,validation,trained_blend,8,2,500.0,525.0,525.0,25.0,25.0
lotto649,大樂透,2020-W26,validation,trained_family_ensemble,8,2,500.0,425.0,425.0,-75.0,-75.0
lotto649,大樂透,2020-W27,validation,current_ensemble,8,2,500.0,100.0,100.0,-400.0,-400.0
lotto649,大樂透,2020-W27,validation,random_5,8,2,500.0,250.0,250.0,-250.0,-250.0
lotto649,大樂透,2020-W27,validation,trained_best_5,8,2,500.0,200.0,200.0,-300.0,-300.0
lotto649,大樂透,2020-W27,validation,trained_blend,8,2,500.0,50.0,50.0,-450.0,-450.0
lotto649,大樂透,2020-W27,validation,trained_family_ensemble,8,2,500.0,100.0,100.0,-400.0,-400.0
lotto649,大樂透,2020-W28,validation,current_ensemble,8,2,500.0,150.0,150.0,-350.0,-350.0
lotto649,大樂透,2020-W28,validation,random_5,8,2,500.0,50.0,50.0,-450.0,-450.0
lotto649,大樂透,2020-W28,validation,trained_best_5,8,2,500.0,100.0,100.0,-400.0,-400.0
lotto649,大樂透,2020-W28,validation,trained_blend,8,2,500.0,100.0,100.0,-400.0,-400.0
lotto649,大樂透,2020-W28,validation,trained_family_ensemble,8,2,500.0,150.0,150.0,-350.0,-350.0
lotto649,大樂透,2020-W29,validation,current_ensemble,8,2,500.0,300.0,300.0,-200.0,-200.0
lotto649,大樂透,2020-W29,validation,random_5,8,2,500.0,200.0,200.0,-300.0,-300.0
lotto649,大樂透,2020-W29,validation,trained_best_5,8,2,500.0,150.0,150.0,-350.0,-350.0
lotto649,大樂透,2020-W29,validation,trained_blend,8,2,500.0,50.0,50.0,-450.0,-450.0
lotto649,大樂透,2020-W29,validation,trained_family_ensemble,8,2,500.0,50.0,50.0,-450.0,-450.0
lotto649,大樂透,2020-W30,validation,current_ensemble,8,2,500.0,150.0,150.0,-350.0,-350.0
lotto649,大樂透,2020-W30,validation,random_5,8,2,500.0,50.0,50.0,-450.0,-450.0
lotto649,大樂透,2020-W30,validation,trained_best_5,8,2,500.0,150.0,150.0,-350.0,-350.0
lotto649,大樂透,2020-W30,validation,trained_blend,8,2,500.0,100.0,100.0,-400.0,-400.0
lotto649,大樂透,2020-W30,validation,trained_family_ensemble,8,2,500.0,150.0,150.0,-350.0,-350.0
lotto649,大樂透,2020-W31,validation,current_ensemble,8,2,500.0,250.0,250.0,-250.0,-250.0
lotto649,大樂透,2020-W31,validation,random_5,8,2,500.0,300.0,300.0,-200.0,-200.0
lotto649,大樂透,2020-W31,validation,trained_best_5,8,2,500.0,200.0,200.0,-300.0,-300.0
lotto649,大樂透,2020-W31,validation,trained_blend,8,2,500.0,50.0,50.0,-450.0,-450.0
lotto649,大樂透,2020-W31,validation,trained_family_ensemble,8,2,500.0,150.0,150.0,-350.0,-350.0
lotto649,大樂透,2020-W32,validation,current_ensemble,8,2,500.0,100.0,100.0,-400.0,-400.0
lotto649,大樂透,2020-W32,validation,random_5,8,2,500.0,50.0,50.0,-450.0,-450.0
lotto649,大樂透,2020-W32,validation,trained_best_5,8,2,500.0,0.0,0.0,-500.0,-500.0
lotto649,大樂透,2020-W32,validation,trained_blend,8,2,500.0,50.0,50.0,-450.0,-450.0
lotto649,大樂透,2020-W32,validation,trained_family_ensemble,8,2,500.0,50.0,50.0,-450.0,-450.0
lotto649,大樂透,2020-W33,validation,current_ensemble,8,2,500.0,100.0,100.0,-400.0,-400.0
lotto649,大樂透,2020-W33,validation,random_5,8,2,500.0,350.0,350.0,-150.0,-150.0
lotto649,大樂透,2020-W33,validation,trained_best_5,8,2,500.0,225.0,225.0,-275.0,-275.0
lotto649,大樂透,2020-W33,validation,trained_blend,8,2,500.0,250.0,250.0,-250.0,-250.0
lotto649,大樂透,2020-W33,validation,trained_family_ensemble,8,2,500.0,50.0,50.0,-450.0,-450.0
lotto649,大樂透,2020-W34,validation,current_ensemble,8,2,500.0,150.0,150.0,-350.0,-350.0
lotto649,大樂透,2020-W34,validation,random_5,8,2,500.0,50.0,50.0,-450.0,-450.0
lotto649,大樂透,2020-W34,validation,trained_best_5,8,2,500.0,100.0,100.0,-400.0,-400.0
lotto649,大樂透,2020-W34,validation,trained_blend,8,2,500.0,50.0,50.0,-450.0,-450.0
lotto649,大樂透,2020-W34,validation,trained_family_ensemble,8,2,500.0,400.0,400.0,-100.0,-100.0
lotto649,大樂透,2020-W35,validation,current_ensemble,8,2,500.0,550.0,550.0,50.0,50.0
lotto649,大樂透,2020-W35,validation,random_5,8,2,500.0,250.0,250.0,-250.0,-250.0
lotto649,大樂透,2020-W35,validation,trained_best_5,8,2,500.0,100.0,100.0,-400.0,-400.0
lotto649,大樂透,2020-W35,validation,trained_blend,8,2,500.0,50.0,50.0,-450.0,-450.0
lotto649,大樂透,2020-W35,validation,trained_family_ensemble,8,2,500.0,50.0,50.0,-450.0,-450.0
lotto649,大樂透,2020-W36,validation,current_ensemble,8,2,500.0,250.0,250.0,-250.0,-250.0
lotto649,大樂透,2020-W36,validation,random_5,8,2,500.0,250.0,250.0,-250.0,-250.0
lotto649,大樂透,2020-W36,validation,trained_best_5,8,2,500.0,200.0,200.0,-300.0,-300.0
lotto649,大樂透,2020-W36,validation,trained_blend,8,2,500.0,250.0,250.0,-250.0,-250.0
lotto649,大樂透,2020-W36,validation,trained_family_ensemble,8,2,500.0,250.0,250.0,-250.0,-250.0
lotto649,大樂透,2020-W37,validation,current_ensemble,8,2,500.0,0.0,0.0,-500.0,-500.0
lotto649,大樂透,2020-W37,validation,random_5,8,2,500.0,100.0,100.0,-400.0,-400.0
lotto649,大樂透,2020-W37,validation,trained_best_5,8,2,500.0,325.0,325.0,-175.0,-175.0
lotto649,大樂透,2020-W37,validation,trained_blend,8,2,500.0,0.0,0.0,-500.0,-500.0
lotto649,大樂透,2020-W37,validation,trained_family_ensemble,8,2,500.0,50.0,50.0,-450.0,-450.0
lotto649,大樂透,2020-W38,validation,current_ensemble,8,2,500.0,225.0,225.0,-275.0,-275.0
lotto649,大樂透,2020-W38,validation,random_5,8,2,500.0,50.0,50.0,-450.0,-450.0
lotto649,大樂透,2020-W38,validation,trained_best_5,8,2,500.0,150.0,150.0,-350.0,-350.0
lotto649,大樂透,2020-W38,validation,trained_blend,8,2,500.0,575.0,575.0,75.0,75.0
lotto649,大樂透,2020-W38,validation,trained_family_ensemble,8,2,500.0,150.0,150.0,-350.0,-350.0
lotto649,大樂透,2020-W39,validation,current_ensemble,8,2,500.0,50.0,50.0,-450.0,-450.0
lotto649,大樂透,2020-W39,validation,random_5,8,2,500.0,50.0,50.0,-450.0,-450.0
lotto649,大樂透,2020-W39,validation,trained_best_5,8,2,500.0,150.0,150.0,-350.0,-350.0
lotto649,大樂透,2020-W39,validation,trained_blend,8,2,500.0,250.0,250.0,-250.0,-250.0
lotto649,大樂透,2020-W39,validation,trained_family_ensemble,8,2,500.0,150.0,150.0,-350.0,-350.0
lotto649,大樂透,2020-W40,validation,current_ensemble,8,2,500.0,50.0,50.0,-450.0,-450.0
lotto649,大樂透,2020-W40,validation,random_5,8,2,500.0,50.0,50.0,-450.0,-450.0
lotto649,大樂透,2020-W40,validation,trained_best_5,8,2,500.0,100.0,100.0,-400.0,-400.0
lotto649,大樂透,2020-W40,validation,trained_blend,8,2,500.0,150.0,150.0,-350.0,-350.0
lotto649,大樂透,2020-W40,validation,trained_family_ensemble,8,2,500.0,100.0,100.0,-400.0,-400.0
lotto649,大樂透,2020-W41,validation,current_ensemble,8,2,500.0,150.0,150.0,-350.0,-350.0
lotto649,大樂透,2020-W41,validation,random_5,8,2,500.0,100.0,100.0,-400.0,-400.0
lotto649,大樂透,2020-W41,validation,trained_best_5,8,2,500.0,50.0,50.0,-450.0,-450.0
lotto649,大樂透,2020-W41,validation,trained_blend,8,2,500.0,150.0,150.0,-350.0,-350.0
lotto649,大樂透,2020-W41,validation,trained_family_ensemble,8,2,500.0,200.0,200.0,-300.0,-300.0
lotto649,大樂透,2020-W42,validation,current_ensemble,8,2,500.0,150.0,150.0,-350.0,-350.0
lotto649,大樂透,2020-W42,validation,random_5,8,2,500.0,100.0,100.0,-400.0,-400.0
lotto649,大樂透,2020-W42,validation,trained_best_5,8,2,500.0,150.0,150.0,-350.0,-350.0
lotto649,大樂透,2020-W42,validation,trained_blend,8,2,500.0,150.0,150.0,-350.0,-350.0
lotto649,大樂透,2020-W42,validation,trained_family_ensemble,8,2,500.0,50.0,50.0,-450.0,-450.0
lotto649,大樂透,2020-W43,validation,current_ensemble,8,2,500.0,0.0,0.0,-500.0,-500.0
lotto649,大樂透,2020-W43,validation,random_5,8,2,500.0,100.0,100.0,-400.0,-400.0
lotto649,大樂透,2020-W43,validation,trained_best_5,8,2,500.0,100.0,100.0,-400.0,-400.0
lotto649,大樂透,2020-W43,validation,trained_blend,8,2,500.0,50.0,50.0,-450.0,-450.0
lotto649,大樂透,2020-W43,validation,trained_family_ensemble,8,2,500.0,50.0,50.0,-450.0,-450.0
lotto649,大樂透,2020-W44,validation,current_ensemble,8,2,500.0,150.0,150.0,-350.0,-350.0
lotto649,大樂透,2020-W44,validation,random_5,8,2,500.0,50.0,50.0,-450.0,-450.0
lotto649,大樂透,2020-W44,validation,trained_best_5,8,2,500.0,50.0,50.0,-450.0,-450.0
lotto649,大樂透,2020-W44,validation,trained_blend,8,2,500.0,0.0,0.0,-500.0,-500.0
lotto649,大樂透,2020-W44,validation,trained_family_ensemble,8,2,500.0,150.0,150.0,-350.0,-350.0
lotto649,大樂透,2020-W45,validation,current_ensemble,8,2,500.0,100.0,100.0,-400.0,-400.0
lotto649,大樂透,2020-W45,validation,random_5,8,2,500.0,150.0,150.0,-350.0,-350.0
lotto649,大樂透,2020-W45,validation,trained_best_5,8,2,500.0,150.0,150.0,-350.0,-350.0
lotto649,大樂透,2020-W45,validation,trained_blend,8,2,500.0,150.0,150.0,-350.0,-350.0
lotto649,大樂透,2020-W45,validation,trained_family_ensemble,8,2,500.0,150.0,150.0,-350.0,-350.0
lotto649,大樂透,2020-W46,validation,current_ensemble,8,2,500.0,50.0,50.0,-450.0,-450.0
lotto649,大樂透,2020-W46,validation,random_5,8,2,500.0,300.0,300.0,-200.0,-200.0
lotto649,大樂透,2020-W46,validation,trained_best_5,8,2,500.0,100.0,100.0,-400.0,-400.0
lotto649,大樂透,2020-W46,validation,trained_blend,8,2,500.0,100.0,100.0,-400.0,-400.0
lotto649,大樂透,2020-W46,validation,trained_family_ensemble,8,2,500.0,150.0,150.0,-350.0,-350.0
lotto649,大樂透,2020-W47,validation,current_ensemble,8,2,500.0,100.0,100.0,-400.0,-400.0
lotto649,大樂透,2020-W47,validation,random_5,8,2,500.0,150.0,150.0,-350.0,-350.0
lotto649,大樂透,2020-W47,validation,trained_best_5,8,2,500.0,400.0,400.0,-100.0,-100.0
lotto649,大樂透,2020-W47,validation,trained_blend,8,2,500.0,350.0,350.0,-150.0,-150.0
lotto649,大樂透,2020-W47,validation,trained_family_ensemble,8,2,500.0,100.0,100.0,-400.0,-400.0
lotto649,大樂透,2020-W48,validation,current_ensemble,8,2,500.0,150.0,150.0,-350.0,-350.0
lotto649,大樂透,2020-W48,validation,random_5,8,2,500.0,0.0,0.0,-500.0,-500.0
lotto649,大樂透,2020-W48,validation,trained_best_5,8,2,500.0,100.0,100.0,-400.0,-400.0
lotto649,大樂透,2020-W48,validation,trained_blend,8,2,500.0,0.0,0.0,-500.0,-500.0
lotto649,大樂透,2020-W48,validation,trained_family_ensemble,8,2,500.0,100.0,100.0,-400.0,-400.0
lotto649,大樂透,2020-W49,validation,current_ensemble,8,2,500.0,175.0,175.0,-325.0,-325.0
lotto649,大樂透,2020-W49,validation,random_5,8,2,500.0,150.0,150.0,-350.0,-350.0
lotto649,大樂透,2020-W49,validation,trained_best_5,8,2,500.0,200.0,200.0,-300.0,-300.0
lotto649,大樂透,2020-W49,validation,trained_blend,8,2,500.0,150.0,150.0,-350.0,-350.0
lotto649,大樂透,2020-W49,validation,trained_family_ensemble,8,2,500.0,175.0,175.0,-325.0,-325.0
lotto649,大樂透,2020-W50,validation,current_ensemble,8,2,500.0,150.0,150.0,-350.0,-350.0
lotto649,大樂透,2020-W50,validation,random_5,8,2,500.0,225.0,225.0,-275.0,-275.0
lotto649,大樂透,2020-W50,validation,trained_best_5,8,2,500.0,100.0,100.0,-400.0,-400.0
lotto649,大樂透,2020-W50,validation,trained_blend,8,2,500.0,425.0,425.0,-75.0,-75.0
lotto649,大樂透,2020-W50,validation,trained_family_ensemble,8,2,500.0,300.0,300.0,-200.0,-200.0
lotto649,大樂透,2020-W51,validation,current_ensemble,8,2,500.0,100.0,100.0,-400.0,-400.0
lotto649,大樂透,2020-W51,validation,random_5,8,2,500.0,150.0,150.0,-350.0,-350.0
lotto649,大樂透,2020-W51,validation,trained_best_5,8,2,500.0,0.0,0.0,-500.0,-500.0
lotto649,大樂透,2020-W51,validation,trained_blend,8,2,500.0,100.0,100.0,-400.0,-400.0
lotto649,大樂透,2020-W51,validation,trained_family_ensemble,8,2,500.0,100.0,100.0,-400.0,-400.0
lotto649,大樂透,2020-W52,validation,current_ensemble,8,2,500.0,2295.75,2295.75,1795.75,1795.75
lotto649,大樂透,2020-W52,validation,random_5,8,2,500.0,0.0,0.0,-500.0,-500.0
lotto649,大樂透,2020-W52,validation,trained_best_5,8,2,500.0,250.0,250.0,-250.0,-250.0
lotto649,大樂透,2020-W52,validation,trained_blend,8,2,500.0,0.0,0.0,-500.0,-500.0
lotto649,大樂透,2020-W52,validation,trained_family_ensemble,8,2,500.0,2245.75,2245.75,1745.75,1745.75
lotto649,大樂透,2020-W53,validation,current_ensemble,8,2,500.0,150.0,150.0,-350.0,-350.0
lotto649,大樂透,2020-W53,validation,random_5,8,2,500.0,350.0,350.0,-150.0,-150.0
lotto649,大樂透,2020-W53,validation,trained_best_5,8,2,500.0,200.0,200.0,-300.0,-300.0
lotto649,大樂透,2020-W53,validation,trained_blend,8,2,500.0,450.0,450.0,-50.0,-50.0
lotto649,大樂透,2020-W53,validation,trained_family_ensemble,8,2,500.0,100.0,100.0,-400.0,-400.0
lotto649,大樂透,2021-W01,validation,current_ensemble,8,2,500.0,300.0,300.0,-200.0,-200.0
lotto649,大樂透,2021-W01,validation,random_5,8,2,500.0,100.0,100.0,-400.0,-400.0
lotto649,大樂透,2021-W01,validation,trained_best_5,8,2,500.0,200.0,200.0,-300.0,-300.0
lotto649,大樂透,2021-W01,validation,trained_blend,8,2,500.0,150.0,150.0,-350.0,-350.0
lotto649,大樂透,2021-W01,validation,trained_family_ensemble,8,2,500.0,150.0,150.0,-350.0,-350.0
lotto649,大樂透,2021-W02,validation,current_ensemble,8,2,500.0,300.0,300.0,-200.0,-200.0
lotto649,大樂透,2021-W02,validation,random_5,8,2,500.0,550.0,550.0,50.0,50.0
lotto649,大樂透,2021-W02,validation,trained_best_5,8,2,500.0,100.0,100.0,-400.0,-400.0
lotto649,大樂透,2021-W02,validation,trained_blend,8,2,500.0,300.0,300.0,-200.0,-200.0
lotto649,大樂透,2021-W02,validation,trained_family_ensemble,8,2,500.0,300.0,300.0,-200.0,-200.0
lotto649,大樂透,2021-W03,validation,current_ensemble,8,2,500.0,100.0,100.0,-400.0,-400.0
lotto649,大樂透,2021-W03,validation,random_5,8,2,500.0,150.0,150.0,-350.0,-350.0
lotto649,大樂透,2021-W03,validation,trained_best_5,8,2,500.0,100.0,100.0,-400.0,-400.0
lotto649,大樂透,2021-W03,validation,trained_blend,8,2,500.0,50.0,50.0,-450.0,-450.0
lotto649,大樂透,2021-W03,validation,trained_family_ensemble,8,2,500.0,100.0,100.0,-400.0,-400.0
lotto649,大樂透,2021-W04,validation,current_ensemble,8,2,500.0,275.0,275.0,-225.0,-225.0
lotto649,大樂透,2021-W04,validation,random_5,8,2,500.0,175.0,175.0,-325.0,-325.0
lotto649,大樂透,2021-W04,validation,trained_best_5,8,2,500.0,450.0,450.0,-50.0,-50.0
lotto649,大樂透,2021-W04,validation,trained_blend,8,2,500.0,175.0,175.0,-325.0,-325.0
lotto649,大樂透,2021-W04,validation,trained_family_ensemble,8,2,500.0,225.0,225.0,-275.0,-275.0
lotto649,大樂透,2021-W05,validation,current_ensemble,8,2,500.0,150.0,150.0,-350.0,-350.0
lotto649,大樂透,2021-W05,validation,random_5,8,2,500.0,100.0,100.0,-400.0,-400.0
lotto649,大樂透,2021-W05,validation,trained_best_5,8,2,500.0,300.0,300.0,-200.0,-200.0
lotto649,大樂透,2021-W05,validation,trained_blend,8,2,500.0,150.0,150.0,-350.0,-350.0
lotto649,大樂透,2021-W05,validation,trained_family_ensemble,8,2,500.0,100.0,100.0,-400.0,-400.0
lotto649,大樂透,2021-W06,validation,current_ensemble,8,6,1500.0,350.0,350.0,-1150.0,-1150.0
lotto649,大樂透,2021-W06,validation,random_5,8,6,1500.0,625.0,625.0,-875.0,-875.0
lotto649,大樂透,2021-W06,validation,trained_best_5,8,6,1500.0,450.0,450.0,-1050.0,-1050.0
lotto649,大樂透,2021-W06,validation,trained_blend,8,6,1500.0,1025.0,1025.0,-475.0,-475.0
lotto649,大樂透,2021-W06,validation,trained_family_ensemble,8,6,1500.0,775.0,775.0,-725.0,-725.0
lotto649,大樂透,2021-W07,validation,current_ensemble,8,7,1750.0,450.0,450.0,-1300.0,-1300.0
lotto649,大樂透,2021-W07,validation,random_5,8,7,1750.0,400.0,400.0,-1350.0,-1350.0
lotto649,大樂透,2021-W07,validation,trained_best_5,8,7,1750.0,575.0,575.0,-1175.0,-1175.0
lotto649,大樂透,2021-W07,validation,trained_blend,8,7,1750.0,400.0,400.0,-1350.0,-1350.0
lotto649,大樂透,2021-W07,validation,trained_family_ensemble,8,7,1750.0,850.0,850.0,-900.0,-900.0
lotto649,大樂透,2021-W08,validation,current_ensemble,8,2,500.0,300.0,300.0,-200.0,-200.0
lotto649,大樂透,2021-W08,validation,random_5,8,2,500.0,300.0,300.0,-200.0,-200.0
lotto649,大樂透,2021-W08,validation,trained_best_5,8,2,500.0,150.0,150.0,-350.0,-350.0
lotto649,大樂透,2021-W08,validation,trained_blend,8,2,500.0,150.0,150.0,-350.0,-350.0
lotto649,大樂透,2021-W08,validation,trained_family_ensemble,8,2,500.0,200.0,200.0,-300.0,-300.0
lotto649,大樂透,2021-W09,validation,current_ensemble,8,2,500.0,50.0,50.0,-450.0,-450.0
lotto649,大樂透,2021-W09,validation,random_5,8,2,500.0,184.25,184.25,-315.75,-315.75
lotto649,大樂透,2021-W09,validation,trained_best_5,8,2,500.0,89.5,89.5,-410.5,-410.5
lotto649,大樂透,2021-W09,validation,trained_blend,8,2,500.0,239.5,239.5,-260.5,-260.5
lotto649,大樂透,2021-W09,validation,trained_family_ensemble,8,2,500.0,200.0,200.0,-300.0,-300.0
lotto649,大樂透,2021-W10,validation,current_ensemble,8,2,500.0,50.0,50.0,-450.0,-450.0
lotto649,大樂透,2021-W10,validation,random_5,8,2,500.0,0.0,0.0,-500.0,-500.0
lotto649,大樂透,2021-W10,validation,trained_best_5,8,2,500.0,125.0,125.0,-375.0,-375.0
lotto649,大樂透,2021-W10,validation,trained_blend,8,2,500.0,50.0,50.0,-450.0,-450.0
lotto649,大樂透,2021-W10,validation,trained_family_ensemble,8,2,500.0,50.0,50.0,-450.0,-450.0
lotto649,大樂透,2021-W11,validation,current_ensemble,8,2,500.0,250.0,250.0,-250.0,-250.0
lotto649,大樂透,2021-W11,validation,random_5,8,2,500.0,50.0,50.0,-450.0,-450.0
lotto649,大樂透,2021-W11,validation,trained_best_5,8,2,500.0,0.0,0.0,-500.0,-500.0
lotto649,大樂透,2021-W11,validation,trained_blend,8,2,500.0,50.0,50.0,-450.0,-450.0
lotto649,大樂透,2021-W11,validation,trained_family_ensemble,8,2,500.0,50.0,50.0,-450.0,-450.0
lotto649,大樂透,2021-W12,validation,current_ensemble,8,2,500.0,100.0,100.0,-400.0,-400.0
lotto649,大樂透,2021-W12,validation,random_5,8,2,500.0,200.0,200.0,-300.0,-300.0
lotto649,大樂透,2021-W12,validation,trained_best_5,8,2,500.0,250.0,250.0,-250.0,-250.0
lotto649,大樂透,2021-W12,validation,trained_blend,8,2,500.0,250.0,250.0,-250.0,-250.0
lotto649,大樂透,2021-W12,validation,trained_family_ensemble,8,2,500.0,100.0,100.0,-400.0,-400.0
lotto649,大樂透,2021-W13,validation,current_ensemble,8,2,500.0,100.0,100.0,-400.0,-400.0
lotto649,大樂透,2021-W13,validation,random_5,8,2,500.0,50.0,50.0,-450.0,-450.0
lotto649,大樂透,2021-W13,validation,trained_best_5,8,2,500.0,100.0,100.0,-400.0,-400.0
lotto649,大樂透,2021-W13,validation,trained_blend,8,2,500.0,150.0,150.0,-350.0,-350.0
lotto649,大樂透,2021-W13,validation,trained_family_ensemble,8,2,500.0,50.0,50.0,-450.0,-450.0
lotto649,大樂透,2021-W14,validation,current_ensemble,8,2,500.0,150.0,150.0,-350.0,-350.0
lotto649,大樂透,2021-W14,validation,random_5,8,2,500.0,300.0,300.0,-200.0,-200.0
lotto649,大樂透,2021-W14,validation,trained_best_5,8,2,500.0,150.0,150.0,-350.0,-350.0
lotto649,大樂透,2021-W14,validation,trained_blend,8,2,500.0,200.0,200.0,-300.0,-300.0
lotto649,大樂透,2021-W14,validation,trained_family_ensemble,8,2,500.0,100.0,100.0,-400.0,-400.0
lotto649,大樂透,2021-W15,validation,current_ensemble,8,2,500.0,150.0,150.0,-350.0,-350.0
lotto649,大樂透,2021-W15,validation,random_5,8,2,500.0,200.0,200.0,-300.0,-300.0
lotto649,大樂透,2021-W15,validation,trained_best_5,8,2,500.0,175.0,175.0,-325.0,-325.0
lotto649,大樂透,2021-W15,validation,trained_blend,8,2,500.0,150.0,150.0,-350.0,-350.0
lotto649,大樂透,2021-W15,validation,trained_family_ensemble,8,2,500.0,100.0,100.0,-400.0,-400.0
lotto649,大樂透,2021-W16,validation,current_ensemble,8,2,500.0,187.75,187.75,-312.25,-312.25
lotto649,大樂透,2021-W16,validation,random_5,8,2,500.0,131.625,131.625,-368.375,-368.375
lotto649,大樂透,2021-W16,validation,trained_best_5,8,2,500.0,243.875,243.875,-256.125,-256.125
lotto649,大樂透,2021-W16,validation,trained_blend,8,2,500.0,93.875,93.875,-406.125,-406.125
lotto649,大樂透,2021-W16,validation,trained_family_ensemble,8,2,500.0,143.875,143.875,-356.125,-356.125
lotto649,大樂透,2021-W17,validation,current_ensemble,8,2,500.0,350.0,350.0,-150.0,-150.0
lotto649,大樂透,2021-W17,validation,random_5,8,2,500.0,100.0,100.0,-400.0,-400.0
lotto649,大樂透,2021-W17,validation,trained_best_5,8,2,500.0,150.0,150.0,-350.0,-350.0
lotto649,大樂透,2021-W17,validation,trained_blend,8,2,500.0,150.0,150.0,-350.0,-350.0
lotto649,大樂透,2021-W17,validation,trained_family_ensemble,8,2,500.0,100.0,100.0,-400.0,-400.0
lotto649,大樂透,2021-W18,validation,current_ensemble,8,2,500.0,50.0,50.0,-450.0,-450.0
lotto649,大樂透,2021-W18,validation,random_5,8,2,500.0,0.0,0.0,-500.0,-500.0
lotto649,大樂透,2021-W18,validation,trained_best_5,8,2,500.0,100.0,100.0,-400.0,-400.0
lotto649,大樂透,2021-W18,validation,trained_blend,8,2,500.0,0.0,0.0,-500.0,-500.0
lotto649,大樂透,2021-W18,validation,trained_family_ensemble,8,2,500.0,300.0,300.0,-200.0,-200.0
lotto649,大樂透,2021-W19,validation,current_ensemble,8,2,500.0,250.0,250.0,-250.0,-250.0
lotto649,大樂透,2021-W19,validation,random_5,8,2,500.0,300.0,300.0,-200.0,-200.0
lotto649,大樂透,2021-W19,validation,trained_best_5,8,2,500.0,50.0,50.0,-450.0,-450.0
lotto649,大樂透,2021-W19,validation,trained_blend,8,2,500.0,300.0,300.0,-200.0,-200.0
lotto649,大樂透,2021-W19,validation,trained_family_ensemble,8,2,500.0,300.0,300.0,-200.0,-200.0
lotto649,大樂透,2021-W20,validation,current_ensemble,8,2,500.0,0.0,0.0,-500.0,-500.0
lotto649,大樂透,2021-W20,validation,random_5,8,2,500.0,50.0,50.0,-450.0,-450.0
lotto649,大樂透,2021-W20,validation,trained_best_5,8,2,500.0,0.0,0.0,-500.0,-500.0
lotto649,大樂透,2021-W20,validation,trained_blend,8,2,500.0,100.0,100.0,-400.0,-400.0
lotto649,大樂透,2021-W20,validation,trained_family_ensemble,8,2,500.0,100.0,100.0,-400.0,-400.0
lotto649,大樂透,2021-W21,validation,current_ensemble,8,2,500.0,50.0,50.0,-450.0,-450.0
lotto649,大樂透,2021-W21,validation,random_5,8,2,500.0,50.0,50.0,-450.0,-450.0
lotto649,大樂透,2021-W21,validation,trained_best_5,8,2,500.0,275.0,275.0,-225.0,-225.0
lotto649,大樂透,2021-W21,validation,trained_blend,8,2,500.0,150.0,150.0,-350.0,-350.0
lotto649,大樂透,2021-W21,validation,trained_family_ensemble,8,2,500.0,200.0,200.0,-300.0,-300.0
lotto649,大樂透,2021-W22,validation,current_ensemble,8,2,500.0,400.0,400.0,-100.0,-100.0
lotto649,大樂透,2021-W22,validation,random_5,8,2,500.0,500.0,500.0,0.0,0.0
lotto649,大樂透,2021-W22,validation,trained_best_5,8,2,500.0,175.0,175.0,-325.0,-325.0
lotto649,大樂透,2021-W22,validation,trained_blend,8,2,500.0,250.0,250.0,-250.0,-250.0
lotto649,大樂透,2021-W22,validation,trained_family_ensemble,8,2,500.0,150.0,150.0,-350.0,-350.0
lotto649,大樂透,2021-W23,validation,current_ensemble,8,2,500.0,50.0,50.0,-450.0,-450.0
lotto649,大樂透,2021-W23,validation,random_5,8,2,500.0,100.0,100.0,-400.0,-400.0
lotto649,大樂透,2021-W23,validation,trained_best_5,8,2,500.0,50.0,50.0,-450.0,-450.0
lotto649,大樂透,2021-W23,validation,trained_blend,8,2,500.0,0.0,0.0,-500.0,-500.0
lotto649,大樂透,2021-W23,validation,trained_family_ensemble,8,2,500.0,150.0,150.0,-350.0,-350.0
lotto649,大樂透,2021-W24,validation,current_ensemble,8,2,500.0,200.0,200.0,-300.0,-300.0
lotto649,大樂透,2021-W24,validation,random_5,8,2,500.0,0.0,0.0,-500.0,-500.0
lotto649,大樂透,2021-W24,validation,trained_best_5,8,2,500.0,225.0,225.0,-275.0,-275.0
lotto649,大樂透,2021-W24,validation,trained_blend,8,2,500.0,50.0,50.0,-450.0,-450.0
lotto649,大樂透,2021-W24,validation,trained_family_ensemble,8,2,500.0,150.0,150.0,-350.0,-350.0
lotto649,大樂透,2021-W25,validation,current_ensemble,8,2,500.0,0.0,0.0,-500.0,-500.0
lotto649,大樂透,2021-W25,validation,random_5,8,2,500.0,450.0,450.0,-50.0,-50.0
lotto649,大樂透,2021-W25,validation,trained_best_5,8,2,500.0,100.0,100.0,-400.0,-400.0
lotto649,大樂透,2021-W25,validation,trained_blend,8,2,500.0,250.0,250.0,-250.0,-250.0
lotto649,大樂透,2021-W25,validation,trained_family_ensemble,8,2,500.0,0.0,0.0,-500.0,-500.0
lotto649,大樂透,2021-W26,validation,current_ensemble,8,2,500.0,0.0,0.0,-500.0,-500.0
lotto649,大樂透,2021-W26,validation,random_5,8,2,500.0,100.0,100.0,-400.0,-400.0
lotto649,大樂透,2021-W26,validation,trained_best_5,8,2,500.0,100.0,100.0,-400.0,-400.0
lotto649,大樂透,2021-W26,validation,trained_blend,8,2,500.0,0.0,0.0,-500.0,-500.0
lotto649,大樂透,2021-W26,validation,trained_family_ensemble,8,2,500.0,300.0,300.0,-200.0,-200.0
lotto649,大樂透,2021-W27,validation,current_ensemble,8,2,500.0,150.0,150.0,-350.0,-350.0
lotto649,大樂透,2021-W27,validation,random_5,8,2,500.0,200.0,200.0,-300.0,-300.0
lotto649,大樂透,2021-W27,validation,trained_best_5,8,2,500.0,200.0,200.0,-300.0,-300.0
lotto649,大樂透,2021-W27,validation,trained_blend,8,2,500.0,50.0,50.0,-450.0,-450.0
lotto649,大樂透,2021-W27,validation,trained_family_ensemble,8,2,500.0,100.0,100.0,-400.0,-400.0
lotto649,大樂透,2021-W28,validation,current_ensemble,8,2,500.0,525.0,525.0,25.0,25.0
lotto649,大樂透,2021-W28,validation,random_5,8,2,500.0,225.0,225.0,-275.0,-275.0
lotto649,大樂透,2021-W28,validation,trained_best_5,8,2,500.0,150.0,150.0,-350.0,-350.0
lotto649,大樂透,2021-W28,validation,trained_blend,8,2,500.0,50.0,50.0,-450.0,-450.0
lotto649,大樂透,2021-W28,validation,trained_family_ensemble,8,2,500.0,200.0,200.0,-300.0,-300.0
lotto649,大樂透,2021-W29,validation,current_ensemble,8,2,500.0,150.0,150.0,-350.0,-350.0
lotto649,大樂透,2021-W29,validation,random_5,8,2,500.0,250.0,250.0,-250.0,-250.0
lotto649,大樂透,2021-W29,validation,trained_best_5,8,2,500.0,150.0,150.0,-350.0,-350.0
lotto649,大樂透,2021-W29,validation,trained_blend,8,2,500.0,150.0,150.0,-350.0,-350.0
lotto649,大樂透,2021-W29,validation,trained_family_ensemble,8,2,500.0,50.0,50.0,-450.0,-450.0
lotto649,大樂透,2021-W30,validation,current_ensemble,8,2,500.0,100.0,100.0,-400.0,-400.0
lotto649,大樂透,2021-W30,validation,random_5,8,2,500.0,200.0,200.0,-300.0,-300.0
lotto649,大樂透,2021-W30,validation,trained_best_5,8,2,500.0,350.0,350.0,-150.0,-150.0
lotto649,大樂透,2021-W30,validation,trained_blend,8,2,500.0,200.0,200.0,-300.0,-300.0
lotto649,大樂透,2021-W30,validation,trained_family_ensemble,8,2,500.0,200.0,200.0,-300.0,-300.0
lotto649,大樂透,2021-W31,validation,current_ensemble,8,2,500.0,150.0,150.0,-350.0,-350.0
lotto649,大樂透,2021-W31,validation,random_5,8,2,500.0,0.0,0.0,-500.0,-500.0
lotto649,大樂透,2021-W31,validation,trained_best_5,8,2,500.0,200.0,200.0,-300.0,-300.0
lotto649,大樂透,2021-W31,validation,trained_blend,8,2,500.0,100.0,100.0,-400.0,-400.0
lotto649,大樂透,2021-W31,validation,trained_family_ensemble,8,2,500.0,50.0,50.0,-450.0,-450.0
lotto649,大樂透,2021-W32,validation,current_ensemble,8,2,500.0,50.0,50.0,-450.0,-450.0
lotto649,大樂透,2021-W32,validation,random_5,8,2,500.0,100.0,100.0,-400.0,-400.0
lotto649,大樂透,2021-W32,validation,trained_best_5,8,2,500.0,50.0,50.0,-450.0,-450.0
lotto649,大樂透,2021-W32,validation,trained_blend,8,2,500.0,0.0,0.0,-500.0,-500.0
lotto649,大樂透,2021-W32,validation,trained_family_ensemble,8,2,500.0,50.0,50.0,-450.0,-450.0
lotto649,大樂透,2021-W33,validation,current_ensemble,8,2,500.0,100.0,100.0,-400.0,-400.0
lotto649,大樂透,2021-W33,validation,random_5,8,2,500.0,175.0,175.0,-325.0,-325.0
lotto649,大樂透,2021-W33,validation,trained_best_5,8,2,500.0,50.0,50.0,-450.0,-450.0
lotto649,大樂透,2021-W33,validation,trained_blend,8,2,500.0,125.0,125.0,-375.0,-375.0
lotto649,大樂透,2021-W33,validation,trained_family_ensemble,8,2,500.0,100.0,100.0,-400.0,-400.0
lotto649,大樂透,2021-W34,validation,current_ensemble,8,2,500.0,100.0,100.0,-400.0,-400.0
lotto649,大樂透,2021-W34,validation,random_5,8,2,500.0,150.0,150.0,-350.0,-350.0
lotto649,大樂透,2021-W34,validation,trained_best_5,8,2,500.0,250.0,250.0,-250.0,-250.0
lotto649,大樂透,2021-W34,validation,trained_blend,8,2,500.0,250.0,250.0,-250.0,-250.0
lotto649,大樂透,2021-W34,validation,trained_family_ensemble,8,2,500.0,150.0,150.0,-350.0,-350.0
lotto649,大樂透,2021-W35,holdout,current_ensemble,8,2,500.0,150.0,150.0,-350.0,-350.0
lotto649,大樂透,2021-W35,holdout,random_5,8,2,500.0,150.0,150.0,-350.0,-350.0
lotto649,大樂透,2021-W35,holdout,trained_best_5,8,2,500.0,300.0,300.0,-200.0,-200.0
lotto649,大樂透,2021-W35,holdout,trained_blend,8,2,500.0,150.0,150.0,-350.0,-350.0
lotto649,大樂透,2021-W35,holdout,trained_family_ensemble,8,2,500.0,200.0,200.0,-300.0,-300.0
lotto649,大樂透,2021-W36,holdout,current_ensemble,8,2,500.0,250.0,250.0,-250.0,-250.0
lotto649,大樂透,2021-W36,holdout,random_5,8,2,500.0,50.0,50.0,-450.0,-450.0
lotto649,大樂透,2021-W36,holdout,trained_best_5,8,2,500.0,350.0,350.0,-150.0,-150.0
lotto649,大樂透,2021-W36,holdout,trained_blend,8,2,500.0,900.0,900.0,400.0,400.0
lotto649,大樂透,2021-W36,holdout,trained_family_ensemble,8,2,500.0,350.0,350.0,-150.0,-150.0
lotto649,大樂透,2021-W37,holdout,current_ensemble,8,2,500.0,150.0,150.0,-350.0,-350.0
lotto649,大樂透,2021-W37,holdout,random_5,8,2,500.0,50.0,50.0,-450.0,-450.0
lotto649,大樂透,2021-W37,holdout,trained_best_5,8,2,500.0,150.0,150.0,-350.0,-350.0
lotto649,大樂透,2021-W37,holdout,trained_blend,8,2,500.0,50.0,50.0,-450.0,-450.0
lotto649,大樂透,2021-W37,holdout,trained_family_ensemble,8,2,500.0,200.0,200.0,-300.0,-300.0
lotto649,大樂透,2021-W38,holdout,current_ensemble,8,2,500.0,200.0,200.0,-300.0,-300.0
lotto649,大樂透,2021-W38,holdout,random_5,8,2,500.0,0.0,0.0,-500.0,-500.0
lotto649,大樂透,2021-W38,holdout,trained_best_5,8,2,500.0,150.0,150.0,-350.0,-350.0
lotto649,大樂透,2021-W38,holdout,trained_blend,8,2,500.0,350.0,350.0,-150.0,-150.0
lotto649,大樂透,2021-W38,holdout,trained_family_ensemble,8,2,500.0,200.0,200.0,-300.0,-300.0
lotto649,大樂透,2021-W39,holdout,current_ensemble,8,2,500.0,100.0,100.0,-400.0,-400.0
lotto649,大樂透,2021-W39,holdout,random_5,8,2,500.0,0.0,0.0,-500.0,-500.0
lotto649,大樂透,2021-W39,holdout,trained_best_5,8,2,500.0,0.0,0.0,-500.0,-500.0
lotto649,大樂透,2021-W39,holdout,trained_blend,8,2,500.0,0.0,0.0,-500.0,-500.0
lotto649,大樂透,2021-W39,holdout,trained_family_ensemble,8,2,500.0,0.0,0.0,-500.0,-500.0
lotto649,大樂透,2021-W40,holdout,current_ensemble,8,2,500.0,0.0,0.0,-500.0,-500.0
lotto649,大樂透,2021-W40,holdout,random_5,8,2,500.0,50.0,50.0,-450.0,-450.0
lotto649,大樂透,2021-W40,holdout,trained_best_5,8,2,500.0,0.0,0.0,-500.0,-500.0
lotto649,大樂透,2021-W40,holdout,trained_blend,8,2,500.0,50.0,50.0,-450.0,-450.0
lotto649,大樂透,2021-W40,holdout,trained_family_ensemble,8,2,500.0,0.0,0.0,-500.0,-500.0
lotto649,大樂透,2021-W41,holdout,current_ensemble,8,2,500.0,200.0,200.0,-300.0,-300.0
lotto649,大樂透,2021-W41,holdout,random_5,8,2,500.0,150.0,150.0,-350.0,-350.0
lotto649,大樂透,2021-W41,holdout,trained_best_5,8,2,500.0,100.0,100.0,-400.0,-400.0
lotto649,大樂透,2021-W41,holdout,trained_blend,8,2,500.0,250.0,250.0,-250.0,-250.0
lotto649,大樂透,2021-W41,holdout,trained_family_ensemble,8,2,500.0,100.0,100.0,-400.0,-400.0
lotto649,大樂透,2021-W42,holdout,current_ensemble,8,2,500.0,50.0,50.0,-450.0,-450.0
lotto649,大樂透,2021-W42,holdout,random_5,8,2,500.0,150.0,150.0,-350.0,-350.0
lotto649,大樂透,2021-W42,holdout,trained_best_5,8,2,500.0,200.0,200.0,-300.0,-300.0
lotto649,大樂透,2021-W42,holdout,trained_blend,8,2,500.0,150.0,150.0,-350.0,-350.0
lotto649,大樂透,2021-W42,holdout,trained_family_ensemble,8,2,500.0,100.0,100.0,-400.0,-400.0
lotto649,大樂透,2021-W43,holdout,current_ensemble,8,2,500.0,150.0,150.0,-350.0,-350.0
lotto649,大樂透,2021-W43,holdout,random_5,8,2,500.0,275.0,275.0,-225.0,-225.0
lotto649,大樂透,2021-W43,holdout,trained_best_5,8,2,500.0,150.0,150.0,-350.0,-350.0
lotto649,大樂透,2021-W43,holdout,trained_blend,8,2,500.0,275.0,275.0,-225.0,-225.0
lotto649,大樂透,2021-W43,holdout,trained_family_ensemble,8,2,500.0,150.0,150.0,-350.0,-350.0
lotto649,大樂透,2021-W44,holdout,current_ensemble,8,2,500.0,100.0,100.0,-400.0,-400.0
lotto649,大樂透,2021-W44,holdout,random_5,8,2,500.0,0.0,0.0,-500.0,-500.0
lotto649,大樂透,2021-W44,holdout,trained_best_5,8,2,500.0,100.0,100.0,-400.0,-400.0
lotto649,大樂透,2021-W44,holdout,trained_blend,8,2,500.0,50.0,50.0,-450.0,-450.0
lotto649,大樂透,2021-W44,holdout,trained_family_ensemble,8,2,500.0,0.0,0.0,-500.0,-500.0
lotto649,大樂透,2021-W45,holdout,current_ensemble,8,2,500.0,200.0,200.0,-300.0,-300.0
lotto649,大樂透,2021-W45,holdout,random_5,8,2,500.0,100.0,100.0,-400.0,-400.0
lotto649,大樂透,2021-W45,holdout,trained_best_5,8,2,500.0,225.0,225.0,-275.0,-275.0
lotto649,大樂透,2021-W45,holdout,trained_blend,8,2,500.0,100.0,100.0,-400.0,-400.0
lotto649,大樂透,2021-W45,holdout,trained_family_ensemble,8,2,500.0,200.0,200.0,-300.0,-300.0
lotto649,大樂透,2021-W46,holdout,current_ensemble,8,2,500.0,100.0,100.0,-400.0,-400.0
lotto649,大樂透,2021-W46,holdout,random_5,8,2,500.0,300.0,300.0,-200.0,-200.0
lotto649,大樂透,2021-W46,holdout,trained_best_5,8,2,500.0,275.0,275.0,-225.0,-225.0
lotto649,大樂透,2021-W46,holdout,trained_blend,8,2,500.0,175.0,175.0,-325.0,-325.0
lotto649,大樂透,2021-W46,holdout,trained_family_ensemble,8,2,500.0,175.0,175.0,-325.0,-325.0
lotto649,大樂透,2021-W47,holdout,current_ensemble,8,2,500.0,50.0,50.0,-450.0,-450.0
lotto649,大樂透,2021-W47,holdout,random_5,8,2,500.0,100.0,100.0,-400.0,-400.0
lotto649,大樂透,2021-W47,holdout,trained_best_5,8,2,500.0,275.0,275.0,-225.0,-225.0
lotto649,大樂透,2021-W47,holdout,trained_blend,8,2,500.0,50.0,50.0,-450.0,-450.0
lotto649,大樂透,2021-W47,holdout,trained_family_ensemble,8,2,500.0,0.0,0.0,-500.0,-500.0
lotto649,大樂透,2021-W48,holdout,current_ensemble,8,2,500.0,400.0,400.0,-100.0,-100.0
lotto649,大樂透,2021-W48,holdout,random_5,8,2,500.0,100.0,100.0,-400.0,-400.0
lotto649,大樂透,2021-W48,holdout,trained_best_5,8,2,500.0,150.0,150.0,-350.0,-350.0
lotto649,大樂透,2021-W48,holdout,trained_blend,8,2,500.0,150.0,150.0,-350.0,-350.0
lotto649,大樂透,2021-W48,holdout,trained_family_ensemble,8,2,500.0,200.0,200.0,-300.0,-300.0
lotto649,大樂透,2021-W49,holdout,current_ensemble,8,2,500.0,0.0,0.0,-500.0,-500.0
lotto649,大樂透,2021-W49,holdout,random_5,8,2,500.0,0.0,0.0,-500.0,-500.0
lotto649,大樂透,2021-W49,holdout,trained_best_5,8,2,500.0,150.0,150.0,-350.0,-350.0
lotto649,大樂透,2021-W49,holdout,trained_blend,8,2,500.0,0.0,0.0,-500.0,-500.0
lotto649,大樂透,2021-W49,holdout,trained_family_ensemble,8,2,500.0,50.0,50.0,-450.0,-450.0
lotto649,大樂透,2021-W50,holdout,current_ensemble,8,2,500.0,150.0,150.0,-350.0,-350.0
lotto649,大樂透,2021-W50,holdout,random_5,8,2,500.0,250.0,250.0,-250.0,-250.0
lotto649,大樂透,2021-W50,holdout,trained_best_5,8,2,500.0,200.0,200.0,-300.0,-300.0
lotto649,大樂透,2021-W50,holdout,trained_blend,8,2,500.0,100.0,100.0,-400.0,-400.0
lotto649,大樂透,2021-W50,holdout,trained_family_ensemble,8,2,500.0,150.0,150.0,-350.0,-350.0
lotto649,大樂透,2021-W51,holdout,current_ensemble,8,2,500.0,225.0,225.0,-275.0,-275.0
lotto649,大樂透,2021-W51,holdout,random_5,8,2,500.0,275.0,275.0,-225.0,-225.0
lotto649,大樂透,2021-W51,holdout,trained_best_5,8,2,500.0,100.0,100.0,-400.0,-400.0
lotto649,大樂透,2021-W51,holdout,trained_blend,8,2,500.0,225.0,225.0,-275.0,-275.0
lotto649,大樂透,2021-W51,holdout,trained_family_ensemble,8,2,500.0,275.0,275.0,-225.0,-225.0
lotto649,大樂透,2021-W52,holdout,current_ensemble,8,2,500.0,50.0,50.0,-450.0,-450.0
lotto649,大樂透,2021-W52,holdout,random_5,8,2,500.0,200.0,200.0,-300.0,-300.0
lotto649,大樂透,2021-W52,holdout,trained_best_5,8,2,500.0,50.0,50.0,-450.0,-450.0
lotto649,大樂透,2021-W52,holdout,trained_blend,8,2,500.0,50.0,50.0,-450.0,-450.0
lotto649,大樂透,2021-W52,holdout,trained_family_ensemble,8,2,500.0,100.0,100.0,-400.0,-400.0
lotto649,大樂透,2022-W01,holdout,current_ensemble,8,2,500.0,200.0,200.0,-300.0,-300.0
lotto649,大樂透,2022-W01,holdout,random_5,8,2,500.0,150.0,150.0,-350.0,-350.0
lotto649,大樂透,2022-W01,holdout,trained_best_5,8,2,500.0,150.0,150.0,-350.0,-350.0
lotto649,大樂透,2022-W01,holdout,trained_blend,8,2,500.0,200.0,200.0,-300.0,-300.0
lotto649,大樂透,2022-W01,holdout,trained_family_ensemble,8,2,500.0,300.0,300.0,-200.0,-200.0
lotto649,大樂透,2022-W02,holdout,current_ensemble,8,2,500.0,100.0,100.0,-400.0,-400.0
lotto649,大樂透,2022-W02,holdout,random_5,8,2,500.0,250.0,250.0,-250.0,-250.0
lotto649,大樂透,2022-W02,holdout,trained_best_5,8,2,500.0,100.0,100.0,-400.0,-400.0
lotto649,大樂透,2022-W02,holdout,trained_blend,8,2,500.0,150.0,150.0,-350.0,-350.0
lotto649,大樂透,2022-W02,holdout,trained_family_ensemble,8,2,500.0,100.0,100.0,-400.0,-400.0
lotto649,大樂透,2022-W03,holdout,current_ensemble,8,2,500.0,50.0,50.0,-450.0,-450.0
lotto649,大樂透,2022-W03,holdout,random_5,8,2,500.0,150.0,150.0,-350.0,-350.0
lotto649,大樂透,2022-W03,holdout,trained_best_5,8,2,500.0,200.0,200.0,-300.0,-300.0
lotto649,大樂透,2022-W03,holdout,trained_blend,8,2,500.0,50.0,50.0,-450.0,-450.0
lotto649,大樂透,2022-W03,holdout,trained_family_ensemble,8,2,500.0,100.0,100.0,-400.0,-400.0
lotto649,大樂透,2022-W04,holdout,current_ensemble,8,4,1000.0,250.0,250.0,-750.0,-750.0
lotto649,大樂透,2022-W04,holdout,random_5,8,4,1000.0,250.0,250.0,-750.0,-750.0
lotto649,大樂透,2022-W04,holdout,trained_best_5,8,4,1000.0,375.0,375.0,-625.0,-625.0
lotto649,大樂透,2022-W04,holdout,trained_blend,8,4,1000.0,150.0,150.0,-850.0,-850.0
lotto649,大樂透,2022-W04,holdout,trained_family_ensemble,8,4,1000.0,300.0,300.0,-700.0,-700.0
lotto649,大樂透,2022-W05,holdout,current_ensemble,8,7,1750.0,400.0,400.0,-1350.0,-1350.0
lotto649,大樂透,2022-W05,holdout,random_5,8,7,1750.0,200.0,200.0,-1550.0,-1550.0
lotto649,大樂透,2022-W05,holdout,trained_best_5,8,7,1750.0,900.0,900.0,-850.0,-850.0
lotto649,大樂透,2022-W05,holdout,trained_blend,8,7,1750.0,450.0,450.0,-1300.0,-1300.0
lotto649,大樂透,2022-W05,holdout,trained_family_ensemble,8,7,1750.0,550.0,550.0,-1200.0,-1200.0
lotto649,大樂透,2022-W06,holdout,current_ensemble,8,5,1250.0,100.0,100.0,-1150.0,-1150.0
lotto649,大樂透,2022-W06,holdout,random_5,8,5,1250.0,150.0,150.0,-1100.0,-1100.0
lotto649,大樂透,2022-W06,holdout,trained_best_5,8,5,1250.0,650.0,650.0,-600.0,-600.0
lotto649,大樂透,2022-W06,holdout,trained_blend,8,5,1250.0,150.0,150.0,-1100.0,-1100.0
lotto649,大樂透,2022-W06,holdout,trained_family_ensemble,8,5,1250.0,500.0,500.0,-750.0,-750.0
lotto649,大樂透,2022-W07,holdout,current_ensemble,8,2,500.0,400.0,400.0,-100.0,-100.0
lotto649,大樂透,2022-W07,holdout,random_5,8,2,500.0,200.0,200.0,-300.0,-300.0
lotto649,大樂透,2022-W07,holdout,trained_best_5,8,2,500.0,100.0,100.0,-400.0,-400.0
lotto649,大樂透,2022-W07,holdout,trained_blend,8,2,500.0,500.0,500.0,0.0,0.0
lotto649,大樂透,2022-W07,holdout,trained_family_ensemble,8,2,500.0,600.0,600.0,100.0,100.0
lotto649,大樂透,2022-W08,holdout,current_ensemble,8,2,500.0,0.0,0.0,-500.0,-500.0
lotto649,大樂透,2022-W08,holdout,random_5,8,2,500.0,50.0,50.0,-450.0,-450.0
lotto649,大樂透,2022-W08,holdout,trained_best_5,8,2,500.0,275.0,275.0,-225.0,-225.0
lotto649,大樂透,2022-W08,holdout,trained_blend,8,2,500.0,0.0,0.0,-500.0,-500.0
lotto649,大樂透,2022-W08,holdout,trained_family_ensemble,8,2,500.0,175.0,175.0,-325.0,-325.0
lotto649,大樂透,2022-W09,holdout,current_ensemble,8,2,500.0,250.0,250.0,-250.0,-250.0
lotto649,大樂透,2022-W09,holdout,random_5,8,2,500.0,100.0,100.0,-400.0,-400.0
lotto649,大樂透,2022-W09,holdout,trained_best_5,8,2,500.0,50.0,50.0,-450.0,-450.0
lotto649,大樂透,2022-W09,holdout,trained_blend,8,2,500.0,150.0,150.0,-350.0,-350.0
lotto649,大樂透,2022-W09,holdout,trained_family_ensemble,8,2,500.0,175.0,175.0,-325.0,-325.0
lotto649,大樂透,2022-W10,holdout,current_ensemble,8,2,500.0,125.0,125.0,-375.0,-375.0
lotto649,大樂透,2022-W10,holdout,random_5,8,2,500.0,225.0,225.0,-275.0,-275.0
lotto649,大樂透,2022-W10,holdout,trained_best_5,8,2,500.0,100.0,100.0,-400.0,-400.0
lotto649,大樂透,2022-W10,holdout,trained_blend,8,2,500.0,225.0,225.0,-275.0,-275.0
lotto649,大樂透,2022-W10,holdout,trained_family_ensemble,8,2,500.0,175.0,175.0,-325.0,-325.0
lotto649,大樂透,2022-W11,holdout,current_ensemble,8,2,500.0,100.0,100.0,-400.0,-400.0
lotto649,大樂透,2022-W11,holdout,random_5,8,2,500.0,150.0,150.0,-350.0,-350.0
lotto649,大樂透,2022-W11,holdout,trained_best_5,8,2,500.0,150.0,150.0,-350.0,-350.0
lotto649,大樂透,2022-W11,holdout,trained_blend,8,2,500.0,100.0,100.0,-400.0,-400.0
lotto649,大樂透,2022-W11,holdout,trained_family_ensemble,8,2,500.0,50.0,50.0,-450.0,-450.0
lotto649,大樂透,2022-W12,holdout,current_ensemble,8,2,500.0,150.0,150.0,-350.0,-350.0
lotto649,大樂透,2022-W12,holdout,random_5,8,2,500.0,0.0,0.0,-500.0,-500.0
lotto649,大樂透,2022-W12,holdout,trained_best_5,8,2,500.0,250.0,250.0,-250.0,-250.0
lotto649,大樂透,2022-W12,holdout,trained_blend,8,2,500.0,100.0,100.0,-400.0,-400.0
lotto649,大樂透,2022-W12,holdout,trained_family_ensemble,8,2,500.0,50.0,50.0,-450.0,-450.0
lotto649,大樂透,2022-W13,holdout,current_ensemble,8,2,500.0,100.0,100.0,-400.0,-400.0
lotto649,大樂透,2022-W13,holdout,random_5,8,2,500.0,100.0,100.0,-400.0,-400.0
lotto649,大樂透,2022-W13,holdout,trained_best_5,8,2,500.0,200.0,200.0,-300.0,-300.0
lotto649,大樂透,2022-W13,holdout,trained_blend,8,2,500.0,150.0,150.0,-350.0,-350.0
lotto649,大樂透,2022-W13,holdout,trained_family_ensemble,8,2,500.0,200.0,200.0,-300.0,-300.0
lotto649,大樂透,2022-W14,holdout,current_ensemble,8,2,500.0,150.0,150.0,-350.0,-350.0
lotto649,大樂透,2022-W14,holdout,random_5,8,2,500.0,100.0,100.0,-400.0,-400.0
lotto649,大樂透,2022-W14,holdout,trained_best_5,8,2,500.0,200.0,200.0,-300.0,-300.0
lotto649,大樂透,2022-W14,holdout,trained_blend,8,2,500.0,50.0,50.0,-450.0,-450.0
lotto649,大樂透,2022-W14,holdout,trained_family_ensemble,8,2,500.0,50.0,50.0,-450.0,-450.0
lotto649,大樂透,2022-W15,holdout,current_ensemble,8,2,500.0,100.0,100.0,-400.0,-400.0
lotto649,大樂透,2022-W15,holdout,random_5,8,2,500.0,50.0,50.0,-450.0,-450.0
lotto649,大樂透,2022-W15,holdout,trained_best_5,8,2,500.0,200.0,200.0,-300.0,-300.0
lotto649,大樂透,2022-W15,holdout,trained_blend,8,2,500.0,100.0,100.0,-400.0,-400.0
lotto649,大樂透,2022-W15,holdout,trained_family_ensemble,8,2,500.0,100.0,100.0,-400.0,-400.0
lotto649,大樂透,2022-W16,holdout,current_ensemble,8,2,500.0,100.0,100.0,-400.0,-400.0
lotto649,大樂透,2022-W16,holdout,random_5,8,2,500.0,150.0,150.0,-350.0,-350.0
lotto649,大樂透,2022-W16,holdout,trained_best_5,8,2,500.0,200.0,200.0,-300.0,-300.0
lotto649,大樂透,2022-W16,holdout,trained_blend,8,2,500.0,300.0,300.0,-200.0,-200.0
lotto649,大樂透,2022-W16,holdout,trained_family_ensemble,8,2,500.0,200.0,200.0,-300.0,-300.0
lotto649,大樂透,2022-W17,holdout,current_ensemble,8,2,500.0,0.0,0.0,-500.0,-500.0
lotto649,大樂透,2022-W17,holdout,random_5,8,2,500.0,0.0,0.0,-500.0,-500.0
lotto649,大樂透,2022-W17,holdout,trained_best_5,8,2,500.0,100.0,100.0,-400.0,-400.0
lotto649,大樂透,2022-W17,holdout,trained_blend,8,2,500.0,150.0,150.0,-350.0,-350.0
lotto649,大樂透,2022-W17,holdout,trained_family_ensemble,8,2,500.0,50.0,50.0,-450.0,-450.0
lotto649,大樂透,2022-W18,holdout,current_ensemble,8,2,500.0,50.0,50.0,-450.0,-450.0
lotto649,大樂透,2022-W18,holdout,random_5,8,2,500.0,50.0,50.0,-450.0,-450.0
lotto649,大樂透,2022-W18,holdout,trained_best_5,8,2,500.0,50.0,50.0,-450.0,-450.0
lotto649,大樂透,2022-W18,holdout,trained_blend,8,2,500.0,150.0,150.0,-350.0,-350.0
lotto649,大樂透,2022-W18,holdout,trained_family_ensemble,8,2,500.0,100.0,100.0,-400.0,-400.0
lotto649,大樂透,2022-W19,holdout,current_ensemble,8,2,500.0,200.0,200.0,-300.0,-300.0
lotto649,大樂透,2022-W19,holdout,random_5,8,2,500.0,0.0,0.0,-500.0,-500.0
lotto649,大樂透,2022-W19,holdout,trained_best_5,8,2,500.0,0.0,0.0,-500.0,-500.0
lotto649,大樂透,2022-W19,holdout,trained_blend,8,2,500.0,0.0,0.0,-500.0,-500.0
lotto649,大樂透,2022-W19,holdout,trained_family_ensemble,8,2,500.0,50.0,50.0,-450.0,-450.0
lotto649,大樂透,2022-W20,holdout,current_ensemble,8,2,500.0,100.0,100.0,-400.0,-400.0
lotto649,大樂透,2022-W20,holdout,random_5,8,2,500.0,0.0,0.0,-500.0,-500.0
lotto649,大樂透,2022-W20,holdout,trained_best_5,8,2,500.0,0.0,0.0,-500.0,-500.0
lotto649,大樂透,2022-W20,holdout,trained_blend,8,2,500.0,50.0,50.0,-450.0,-450.0
lotto649,大樂透,2022-W20,holdout,trained_family_ensemble,8,2,500.0,100.0,100.0,-400.0,-400.0
lotto649,大樂透,2022-W21,holdout,current_ensemble,8,2,500.0,175.0,175.0,-325.0,-325.0
lotto649,大樂透,2022-W21,holdout,random_5,8,2,500.0,50.0,50.0,-450.0,-450.0
lotto649,大樂透,2022-W21,holdout,trained_best_5,8,2,500.0,150.0,150.0,-350.0,-350.0
lotto649,大樂透,2022-W21,holdout,trained_blend,8,2,500.0,0.0,0.0,-500.0,-500.0
lotto649,大樂透,2022-W21,holdout,trained_family_ensemble,8,2,500.0,175.0,175.0,-325.0,-325.0
lotto649,大樂透,2022-W22,holdout,current_ensemble,8,2,500.0,50.0,50.0,-450.0,-450.0
lotto649,大樂透,2022-W22,holdout,random_5,8,2,500.0,200.0,200.0,-300.0,-300.0
lotto649,大樂透,2022-W22,holdout,trained_best_5,8,2,500.0,200.0,200.0,-300.0,-300.0
lotto649,大樂透,2022-W22,holdout,trained_blend,8,2,500.0,50.0,50.0,-450.0,-450.0
lotto649,大樂透,2022-W22,holdout,trained_family_ensemble,8,2,500.0,50.0,50.0,-450.0,-450.0
lotto649,大樂透,2022-W23,holdout,current_ensemble,8,2,500.0,50.0,50.0,-450.0,-450.0
lotto649,大樂透,2022-W23,holdout,random_5,8,2,500.0,150.0,150.0,-350.0,-350.0
lotto649,大樂透,2022-W23,holdout,trained_best_5,8,2,500.0,100.0,100.0,-400.0,-400.0
lotto649,大樂透,2022-W23,holdout,trained_blend,8,2,500.0,50.0,50.0,-450.0,-450.0
lotto649,大樂透,2022-W23,holdout,trained_family_ensemble,8,2,500.0,100.0,100.0,-400.0,-400.0
lotto649,大樂透,2022-W24,holdout,current_ensemble,8,2,500.0,50.0,50.0,-450.0,-450.0
lotto649,大樂透,2022-W24,holdout,random_5,8,2,500.0,100.0,100.0,-400.0,-400.0
lotto649,大樂透,2022-W24,holdout,trained_best_5,8,2,500.0,0.0,0.0,-500.0,-500.0
lotto649,大樂透,2022-W24,holdout,trained_blend,8,2,500.0,150.0,150.0,-350.0,-350.0
lotto649,大樂透,2022-W24,holdout,trained_family_ensemble,8,2,500.0,200.0,200.0,-300.0,-300.0
lotto649,大樂透,2022-W25,holdout,current_ensemble,8,2,500.0,100.0,100.0,-400.0,-400.0
lotto649,大樂透,2022-W25,holdout,random_5,8,2,500.0,100.0,100.0,-400.0,-400.0
lotto649,大樂透,2022-W25,holdout,trained_best_5,8,2,500.0,200.0,200.0,-300.0,-300.0
lotto649,大樂透,2022-W25,holdout,trained_blend,8,2,500.0,100.0,100.0,-400.0,-400.0
lotto649,大樂透,2022-W25,holdout,trained_family_ensemble,8,2,500.0,150.0,150.0,-350.0,-350.0
lotto649,大樂透,2022-W26,holdout,current_ensemble,8,2,500.0,300.0,300.0,-200.0,-200.0
lotto649,大樂透,2022-W26,holdout,random_5,8,2,500.0,50.0,50.0,-450.0,-450.0
lotto649,大樂透,2022-W26,holdout,trained_best_5,8,2,500.0,250.0,250.0,-250.0,-250.0
lotto649,大樂透,2022-W26,holdout,trained_blend,8,2,500.0,150.0,150.0,-350.0,-350.0
lotto649,大樂透,2022-W26,holdout,trained_family_ensemble,8,2,500.0,100.0,100.0,-400.0,-400.0
lotto649,大樂透,2022-W27,holdout,current_ensemble,8,2,500.0,100.0,100.0,-400.0,-400.0
lotto649,大樂透,2022-W27,holdout,random_5,8,2,500.0,300.0,300.0,-200.0,-200.0
lotto649,大樂透,2022-W27,holdout,trained_best_5,8,2,500.0,225.0,225.0,-275.0,-275.0
lotto649,大樂透,2022-W27,holdout,trained_blend,8,2,500.0,200.0,200.0,-300.0,-300.0
lotto649,大樂透,2022-W27,holdout,trained_family_ensemble,8,2,500.0,200.0,200.0,-300.0,-300.0
lotto649,大樂透,2022-W28,holdout,current_ensemble,8,2,500.0,100.0,100.0,-400.0,-400.0
lotto649,大樂透,2022-W28,holdout,random_5,8,2,500.0,50.0,50.0,-450.0,-450.0
lotto649,大樂透,2022-W28,holdout,trained_best_5,8,2,500.0,225.0,225.0,-275.0,-275.0
lotto649,大樂透,2022-W28,holdout,trained_blend,8,2,500.0,150.0,150.0,-350.0,-350.0
lotto649,大樂透,2022-W28,holdout,trained_family_ensemble,8,2,500.0,0.0,0.0,-500.0,-500.0
lotto649,大樂透,2022-W29,holdout,current_ensemble,8,2,500.0,100.0,100.0,-400.0,-400.0
lotto649,大樂透,2022-W29,holdout,random_5,8,2,500.0,200.0,200.0,-300.0,-300.0
lotto649,大樂透,2022-W29,holdout,trained_best_5,8,2,500.0,0.0,0.0,-500.0,-500.0
lotto649,大樂透,2022-W29,holdout,trained_blend,8,2,500.0,150.0,150.0,-350.0,-350.0
lotto649,大樂透,2022-W29,holdout,trained_family_ensemble,8,2,500.0,100.0,100.0,-400.0,-400.0
lotto649,大樂透,2022-W30,holdout,current_ensemble,8,2,500.0,100.0,100.0,-400.0,-400.0
lotto649,大樂透,2022-W30,holdout,random_5,8,2,500.0,100.0,100.0,-400.0,-400.0
lotto649,大樂透,2022-W30,holdout,trained_best_5,8,2,500.0,100.0,100.0,-400.0,-400.0
lotto649,大樂透,2022-W30,holdout,trained_blend,8,2,500.0,50.0,50.0,-450.0,-450.0
lotto649,大樂透,2022-W30,holdout,trained_family_ensemble,8,2,500.0,50.0,50.0,-450.0,-450.0
lotto649,大樂透,2022-W31,holdout,current_ensemble,8,2,500.0,150.0,150.0,-350.0,-350.0
lotto649,大樂透,2022-W31,holdout,random_5,8,2,500.0,150.0,150.0,-350.0,-350.0
lotto649,大樂透,2022-W31,holdout,trained_best_5,8,2,500.0,50.0,50.0,-450.0,-450.0
lotto649,大樂透,2022-W31,holdout,trained_blend,8,2,500.0,100.0,100.0,-400.0,-400.0
lotto649,大樂透,2022-W31,holdout,trained_family_ensemble,8,2,500.0,100.0,100.0,-400.0,-400.0
lotto649,大樂透,2022-W32,holdout,current_ensemble,8,2,500.0,50.0,50.0,-450.0,-450.0
lotto649,大樂透,2022-W32,holdout,random_5,8,2,500.0,100.0,100.0,-400.0,-400.0
lotto649,大樂透,2022-W32,holdout,trained_best_5,8,2,500.0,150.0,150.0,-350.0,-350.0
lotto649,大樂透,2022-W32,holdout,trained_blend,8,2,500.0,100.0,100.0,-400.0,-400.0
lotto649,大樂透,2022-W32,holdout,trained_family_ensemble,8,2,500.0,0.0,0.0,-500.0,-500.0
lotto649,大樂透,2022-W33,holdout,current_ensemble,8,2,500.0,150.0,150.0,-350.0,-350.0
lotto649,大樂透,2022-W33,holdout,random_5,8,2,500.0,325.0,325.0,-175.0,-175.0
lotto649,大樂透,2022-W33,holdout,trained_best_5,8,2,500.0,350.0,350.0,-150.0,-150.0
lotto649,大樂透,2022-W33,holdout,trained_blend,8,2,500.0,100.0,100.0,-400.0,-400.0
lotto649,大樂透,2022-W33,holdout,trained_family_ensemble,8,2,500.0,100.0,100.0,-400.0,-400.0
lotto649,大樂透,2022-W34,holdout,current_ensemble,8,2,500.0,200.0,200.0,-300.0,-300.0
lotto649,大樂透,2022-W34,holdout,random_5,8,2,500.0,50.0,50.0,-450.0,-450.0
lotto649,大樂透,2022-W34,holdout,trained_best_5,8,2,500.0,350.0,350.0,-150.0,-150.0
lotto649,大樂透,2022-W34,holdout,trained_blend,8,2,500.0,50.0,50.0,-450.0,-450.0
lotto649,大樂透,2022-W34,holdout,trained_family_ensemble,8,2,500.0,50.0,50.0,-450.0,-450.0
lotto649,大樂透,2022-W35,holdout,current_ensemble,8,2,500.0,0.0,0.0,-500.0,-500.0
lotto649,大樂透,2022-W35,holdout,random_5,8,2,500.0,50.0,50.0,-450.0,-450.0
lotto649,大樂透,2022-W35,holdout,trained_best_5,8,2,500.0,250.0,250.0,-250.0,-250.0
lotto649,大樂透,2022-W35,holdout,trained_blend,8,2,500.0,200.0,200.0,-300.0,-300.0
lotto649,大樂透,2022-W35,holdout,trained_family_ensemble,8,2,500.0,100.0,100.0,-400.0,-400.0
lotto649,大樂透,2022-W36,holdout,current_ensemble,8,2,500.0,150.0,150.0,-350.0,-350.0
lotto649,大樂透,2022-W36,holdout,random_5,8,2,500.0,100.0,100.0,-400.0,-400.0
lotto649,大樂透,2022-W36,holdout,trained_best_5,8,2,500.0,425.0,425.0,-75.0,-75.0
lotto649,大樂透,2022-W36,holdout,trained_blend,8,2,500.0,150.0,150.0,-350.0,-350.0
lotto649,大樂透,2022-W36,holdout,trained_family_ensemble,8,2,500.0,50.0,50.0,-450.0,-450.0
lotto649,大樂透,2022-W37,holdout,current_ensemble,8,2,500.0,200.0,200.0,-300.0,-300.0
lotto649,大樂透,2022-W37,holdout,random_5,8,2,500.0,50.0,50.0,-450.0,-450.0
lotto649,大樂透,2022-W37,holdout,trained_best_5,8,2,500.0,150.0,150.0,-350.0,-350.0
lotto649,大樂透,2022-W37,holdout,trained_blend,8,2,500.0,100.0,100.0,-400.0,-400.0
lotto649,大樂透,2022-W37,holdout,trained_family_ensemble,8,2,500.0,175.0,175.0,-325.0,-325.0
lotto649,大樂透,2022-W38,holdout,current_ensemble,8,2,500.0,350.0,350.0,-150.0,-150.0
lotto649,大樂透,2022-W38,holdout,random_5,8,2,500.0,500.0,500.0,0.0,0.0
lotto649,大樂透,2022-W38,holdout,trained_best_5,8,2,500.0,100.0,100.0,-400.0,-400.0
lotto649,大樂透,2022-W38,holdout,trained_blend,8,2,500.0,275.0,275.0,-225.0,-225.0
lotto649,大樂透,2022-W38,holdout,trained_family_ensemble,8,2,500.0,100.0,100.0,-400.0,-400.0
lotto649,大樂透,2022-W39,holdout,current_ensemble,8,2,500.0,125.0,125.0,-375.0,-375.0
lotto649,大樂透,2022-W39,holdout,random_5,8,2,500.0,475.0,475.0,-25.0,-25.0
lotto649,大樂透,2022-W39,holdout,trained_best_5,8,2,500.0,150.0,150.0,-350.0,-350.0
lotto649,大樂透,2022-W39,holdout,trained_blend,8,2,500.0,525.0,525.0,25.0,25.0
lotto649,大樂透,2022-W39,holdout,trained_family_ensemble,8,2,500.0,475.0,475.0,-25.0,-25.0
lotto649,大樂透,2022-W40,holdout,current_ensemble,8,2,500.0,275.0,275.0,-225.0,-225.0
lotto649,大樂透,2022-W40,holdout,random_5,8,2,500.0,100.0,100.0,-400.0,-400.0
lotto649,大樂透,2022-W40,holdout,trained_best_5,8,2,500.0,150.0,150.0,-350.0,-350.0
lotto649,大樂透,2022-W40,holdout,trained_blend,8,2,500.0,150.0,150.0,-350.0,-350.0
lotto649,大樂透,2022-W40,holdout,trained_family_ensemble,8,2,500.0,200.0,200.0,-300.0,-300.0
lotto649,大樂透,2022-W41,holdout,current_ensemble,8,2,500.0,150.0,150.0,-350.0,-350.0
lotto649,大樂透,2022-W41,holdout,random_5,8,2,500.0,50.0,50.0,-450.0,-450.0
lotto649,大樂透,2022-W41,holdout,trained_best_5,8,2,500.0,50.0,50.0,-450.0,-450.0
lotto649,大樂透,2022-W41,holdout,trained_blend,8,2,500.0,100.0,100.0,-400.0,-400.0
lotto649,大樂透,2022-W41,holdout,trained_family_ensemble,8,2,500.0,50.0,50.0,-450.0,-450.0
lotto649,大樂透,2022-W42,holdout,current_ensemble,8,2,500.0,50.0,50.0,-450.0,-450.0
lotto649,大樂透,2022-W42,holdout,random_5,8,2,500.0,200.0,200.0,-300.0,-300.0
lotto649,大樂透,2022-W42,holdout,trained_best_5,8,2,500.0,50.0,50.0,-450.0,-450.0
lotto649,大樂透,2022-W42,holdout,trained_blend,8,2,500.0,100.0,100.0,-400.0,-400.0
lotto649,大樂透,2022-W42,holdout,trained_family_ensemble,8,2,500.0,150.0,150.0,-350.0,-350.0
lotto649,大樂透,2022-W43,holdout,current_ensemble,8,2,500.0,100.0,100.0,-400.0,-400.0
lotto649,大樂透,2022-W43,holdout,random_5,8,2,500.0,0.0,0.0,-500.0,-500.0
lotto649,大樂透,2022-W43,holdout,trained_best_5,8,2,500.0,225.0,225.0,-275.0,-275.0
lotto649,大樂透,2022-W43,holdout,trained_blend,8,2,500.0,0.0,0.0,-500.0,-500.0
lotto649,大樂透,2022-W43,holdout,trained_family_ensemble,8,2,500.0,100.0,100.0,-400.0,-400.0
lotto649,大樂透,2022-W44,holdout,current_ensemble,8,2,500.0,0.0,0.0,-500.0,-500.0
lotto649,大樂透,2022-W44,holdout,random_5,8,2,500.0,100.0,100.0,-400.0,-400.0
lotto649,大樂透,2022-W44,holdout,trained_best_5,8,2,500.0,200.0,200.0,-300.0,-300.0
lotto649,大樂透,2022-W44,holdout,trained_blend,8,2,500.0,100.0,100.0,-400.0,-400.0
lotto649,大樂透,2022-W44,holdout,trained_family_ensemble,8,2,500.0,50.0,50.0,-450.0,-450.0
lotto649,大樂透,2022-W45,holdout,current_ensemble,8,2,500.0,150.0,150.0,-350.0,-350.0
lotto649,大樂透,2022-W45,holdout,random_5,8,2,500.0,100.0,100.0,-400.0,-400.0
lotto649,大樂透,2022-W45,holdout,trained_best_5,8,2,500.0,50.0,50.0,-450.0,-450.0
lotto649,大樂透,2022-W45,holdout,trained_blend,8,2,500.0,0.0,0.0,-500.0,-500.0
lotto649,大樂透,2022-W45,holdout,trained_family_ensemble,8,2,500.0,150.0,150.0,-350.0,-350.0
lotto649,大樂透,2022-W46,holdout,current_ensemble,8,2,500.0,50.0,50.0,-450.0,-450.0
lotto649,大樂透,2022-W46,holdout,random_5,8,2,500.0,150.0,150.0,-350.0,-350.0
lotto649,大樂透,2022-W46,holdout,trained_best_5,8,2,500.0,6060.75,6060.75,5560.75,5560.75
lotto649,大樂透,2022-W46,holdout,trained_blend,8,2,500.0,150.0,150.0,-350.0,-350.0
lotto649,大樂透,2022-W46,holdout,trained_family_ensemble,8,2,500.0,150.0,150.0,-350.0,-350.0
lotto649,大樂透,2022-W47,holdout,current_ensemble,8,2,500.0,425.0,425.0,-75.0,-75.0
lotto649,大樂透,2022-W47,holdout,random_5,8,2,500.0,425.0,425.0,-75.0,-75.0
lotto649,大樂透,2022-W47,holdout,trained_best_5,8,2,500.0,150.0,150.0,-350.0,-350.0
lotto649,大樂透,2022-W47,holdout,trained_blend,8,2,500.0,225.0,225.0,-275.0,-275.0
lotto649,大樂透,2022-W47,holdout,trained_family_ensemble,8,2,500.0,625.0,625.0,125.0,125.0
lotto649,大樂透,2022-W48,holdout,current_ensemble,8,2,500.0,100.0,100.0,-400.0,-400.0
lotto649,大樂透,2022-W48,holdout,random_5,8,2,500.0,0.0,0.0,-500.0,-500.0
lotto649,大樂透,2022-W48,holdout,trained_best_5,8,2,500.0,250.0,250.0,-250.0,-250.0
lotto649,大樂透,2022-W48,holdout,trained_blend,8,2,500.0,350.0,350.0,-150.0,-150.0
lotto649,大樂透,2022-W48,holdout,trained_family_ensemble,8,2,500.0,50.0,50.0,-450.0,-450.0
lotto649,大樂透,2022-W49,holdout,current_ensemble,8,2,500.0,200.0,200.0,-300.0,-300.0
lotto649,大樂透,2022-W49,holdout,random_5,8,2,500.0,200.0,200.0,-300.0,-300.0
lotto649,大樂透,2022-W49,holdout,trained_best_5,8,2,500.0,200.0,200.0,-300.0,-300.0
lotto649,大樂透,2022-W49,holdout,trained_blend,8,2,500.0,150.0,150.0,-350.0,-350.0
lotto649,大樂透,2022-W49,holdout,trained_family_ensemble,8,2,500.0,250.0,250.0,-250.0,-250.0
lotto649,大樂透,2022-W50,holdout,current_ensemble,8,2,500.0,150.0,150.0,-350.0,-350.0
lotto649,大樂透,2022-W50,holdout,random_5,8,2,500.0,0.0,0.0,-500.0,-500.0
lotto649,大樂透,2022-W50,holdout,trained_best_5,8,2,500.0,100.0,100.0,-400.0,-400.0
lotto649,大樂透,2022-W50,holdout,trained_blend,8,2,500.0,150.0,150.0,-350.0,-350.0
lotto649,大樂透,2022-W50,holdout,trained_family_ensemble,8,2,500.0,150.0,150.0,-350.0,-350.0
lotto649,大樂透,2022-W51,holdout,current_ensemble,8,2,500.0,100.0,100.0,-400.0,-400.0
lotto649,大樂透,2022-W51,holdout,random_5,8,2,500.0,200.0,200.0,-300.0,-300.0
lotto649,大樂透,2022-W51,holdout,trained_best_5,8,2,500.0,0.0,0.0,-500.0,-500.0
lotto649,大樂透,2022-W51,holdout,trained_blend,8,2,500.0,150.0,150.0,-350.0,-350.0
lotto649,大樂透,2022-W51,holdout,trained_family_ensemble,8,2,500.0,150.0,150.0,-350.0,-350.0
lotto649,大樂透,2022-W52,holdout,current_ensemble,8,2,500.0,200.0,200.0,-300.0,-300.0
lotto649,大樂透,2022-W52,holdout,random_5,8,2,500.0,200.0,200.0,-300.0,-300.0
lotto649,大樂透,2022-W52,holdout,trained_best_5,8,2,500.0,150.0,150.0,-350.0,-350.0
lotto649,大樂透,2022-W52,holdout,trained_blend,8,2,500.0,100.0,100.0,-400.0,-400.0
lotto649,大樂透,2022-W52,holdout,trained_family_ensemble,8,2,500.0,50.0,50.0,-450.0,-450.0
lotto649,大樂透,2023-W01,holdout,current_ensemble,8,2,500.0,150.0,150.0,-350.0,-350.0
lotto649,大樂透,2023-W01,holdout,random_5,8,2,500.0,100.0,100.0,-400.0,-400.0
lotto649,大樂透,2023-W01,holdout,trained_best_5,8,2,500.0,50.0,50.0,-450.0,-450.0
lotto649,大樂透,2023-W01,holdout,trained_blend,8,2,500.0,50.0,50.0,-450.0,-450.0
lotto649,大樂透,2023-W01,holdout,trained_family_ensemble,8,2,500.0,50.0,50.0,-450.0,-450.0
lotto649,大樂透,2023-W02,holdout,current_ensemble,8,2,500.0,50.0,50.0,-450.0,-450.0
lotto649,大樂透,2023-W02,holdout,random_5,8,2,500.0,200.0,200.0,-300.0,-300.0
lotto649,大樂透,2023-W02,holdout,trained_best_5,8,2,500.0,50.0,50.0,-450.0,-450.0
lotto649,大樂透,2023-W02,holdout,trained_blend,8,2,500.0,50.0,50.0,-450.0,-450.0
lotto649,大樂透,2023-W02,holdout,trained_family_ensemble,8,2,500.0,0.0,0.0,-500.0,-500.0
lotto649,大樂透,2023-W03,holdout,current_ensemble,8,4,1000.0,625.0,625.0,-375.0,-375.0
lotto649,大樂透,2023-W03,holdout,random_5,8,4,1000.0,450.0,450.0,-550.0,-550.0
lotto649,大樂透,2023-W03,holdout,trained_best_5,8,4,1000.0,300.0,300.0,-700.0,-700.0
lotto649,大樂透,2023-W03,holdout,trained_blend,8,4,1000.0,450.0,450.0,-550.0,-550.0
lotto649,大樂透,2023-W03,holdout,trained_family_ensemble,8,4,1000.0,600.0,600.0,-400.0,-400.0
lotto649,大樂透,2023-W04,holdout,current_ensemble,8,7,1750.0,650.0,650.0,-1100.0,-1100.0
lotto649,大樂透,2023-W04,holdout,random_5,8,7,1750.0,500.0,500.0,-1250.0,-1250.0
lotto649,大樂透,2023-W04,holdout,trained_best_5,8,7,1750.0,300.0,300.0,-1450.0,-1450.0
lotto649,大樂透,2023-W04,holdout,trained_blend,8,7,1750.0,400.0,400.0,-1350.0,-1350.0
lotto649,大樂透,2023-W04,holdout,trained_family_ensemble,8,7,1750.0,550.0,550.0,-1200.0,-1200.0
lotto649,大樂透,2023-W05,holdout,current_ensemble,8,7,1750.0,700.0,700.0,-1050.0,-1050.0
lotto649,大樂透,2023-W05,holdout,random_5,8,7,1750.0,500.0,500.0,-1250.0,-1250.0
lotto649,大樂透,2023-W05,holdout,trained_best_5,8,7,1750.0,450.0,450.0,-1300.0,-1300.0
lotto649,大樂透,2023-W05,holdout,trained_blend,8,7,1750.0,900.0,900.0,-850.0,-850.0
lotto649,大樂透,2023-W05,holdout,trained_family_ensemble,8,7,1750.0,650.0,650.0,-1100.0,-1100.0
lotto649,大樂透,2023-W06,holdout,current_ensemble,8,2,500.0,200.0,200.0,-300.0,-300.0
lotto649,大樂透,2023-W06,holdout,random_5,8,2,500.0,250.0,250.0,-250.0,-250.0
lotto649,大樂透,2023-W06,holdout,trained_best_5,8,2,500.0,0.0,0.0,-500.0,-500.0
lotto649,大樂透,2023-W06,holdout,trained_blend,8,2,500.0,200.0,200.0,-300.0,-300.0
lotto649,大樂透,2023-W06,holdout,trained_family_ensemble,8,2,500.0,150.0,150.0,-350.0,-350.0
lotto649,大樂透,2023-W07,holdout,current_ensemble,8,2,500.0,125.0,125.0,-375.0,-375.0
lotto649,大樂透,2023-W07,holdout,random_5,8,2,500.0,50.0,50.0,-450.0,-450.0
lotto649,大樂透,2023-W07,holdout,trained_best_5,8,2,500.0,100.0,100.0,-400.0,-400.0
lotto649,大樂透,2023-W07,holdout,trained_blend,8,2,500.0,50.0,50.0,-450.0,-450.0
lotto649,大樂透,2023-W07,holdout,trained_family_ensemble,8,2,500.0,150.0,150.0,-350.0,-350.0
lotto649,大樂透,2023-W08,holdout,current_ensemble,8,2,500.0,250.0,250.0,-250.0,-250.0
lotto649,大樂透,2023-W08,holdout,random_5,8,2,500.0,0.0,0.0,-500.0,-500.0
lotto649,大樂透,2023-W08,holdout,trained_best_5,8,2,500.0,200.0,200.0,-300.0,-300.0
lotto649,大樂透,2023-W08,holdout,trained_blend,8,2,500.0,100.0,100.0,-400.0,-400.0
lotto649,大樂透,2023-W08,holdout,trained_family_ensemble,8,2,500.0,50.0,50.0,-450.0,-450.0
lotto649,大樂透,2023-W09,holdout,current_ensemble,8,2,500.0,50.0,50.0,-450.0,-450.0
lotto649,大樂透,2023-W09,holdout,random_5,8,2,500.0,100.0,100.0,-400.0,-400.0
lotto649,大樂透,2023-W09,holdout,trained_best_5,8,2,500.0,150.0,150.0,-350.0,-350.0
lotto649,大樂透,2023-W09,holdout,trained_blend,8,2,500.0,100.0,100.0,-400.0,-400.0
lotto649,大樂透,2023-W09,holdout,trained_family_ensemble,8,2,500.0,100.0,100.0,-400.0,-400.0
lotto649,大樂透,2023-W10,holdout,current_ensemble,8,2,500.0,50.0,50.0,-450.0,-450.0
lotto649,大樂透,2023-W10,holdout,random_5,8,2,500.0,50.0,50.0,-450.0,-450.0
lotto649,大樂透,2023-W10,holdout,trained_best_5,8,2,500.0,100.0,100.0,-400.0,-400.0
lotto649,大樂透,2023-W10,holdout,trained_blend,8,2,500.0,50.0,50.0,-450.0,-450.0
lotto649,大樂透,2023-W10,holdout,trained_family_ensemble,8,2,500.0,150.0,150.0,-350.0,-350.0
lotto649,大樂透,2023-W11,holdout,current_ensemble,8,2,500.0,84.25,84.25,-415.75,-415.75
lotto649,大樂透,2023-W11,holdout,random_5,8,2,500.0,300.0,300.0,-200.0,-200.0
lotto649,大樂透,2023-W11,holdout,trained_best_5,8,2,500.0,50.0,50.0,-450.0,-450.0
lotto649,大樂透,2023-W11,holdout,trained_blend,8,2,500.0,525.0,525.0,25.0,25.0
lotto649,大樂透,2023-W11,holdout,trained_family_ensemble,8,2,500.0,175.0,175.0,-325.0,-325.0
lotto649,大樂透,2023-W12,holdout,current_ensemble,8,2,500.0,50.0,50.0,-450.0,-450.0
lotto649,大樂透,2023-W12,holdout,random_5,8,2,500.0,100.0,100.0,-400.0,-400.0
lotto649,大樂透,2023-W12,holdout,trained_best_5,8,2,500.0,100.0,100.0,-400.0,-400.0
lotto649,大樂透,2023-W12,holdout,trained_blend,8,2,500.0,150.0,150.0,-350.0,-350.0
lotto649,大樂透,2023-W12,holdout,trained_family_ensemble,8,2,500.0,50.0,50.0,-450.0,-450.0
lotto649,大樂透,2023-W13,holdout,current_ensemble,8,2,500.0,50.0,50.0,-450.0,-450.0
lotto649,大樂透,2023-W13,holdout,random_5,8,2,500.0,200.0,200.0,-300.0,-300.0
lotto649,大樂透,2023-W13,holdout,trained_best_5,8,2,500.0,150.0,150.0,-350.0,-350.0
lotto649,大樂透,2023-W13,holdout,trained_blend,8,2,500.0,100.0,100.0,-400.0,-400.0
lotto649,大樂透,2023-W13,holdout,trained_family_ensemble,8,2,500.0,100.0,100.0,-400.0,-400.0
lotto649,大樂透,2023-W14,holdout,current_ensemble,8,2,500.0,100.0,100.0,-400.0,-400.0
lotto649,大樂透,2023-W14,holdout,random_5,8,2,500.0,150.0,150.0,-350.0,-350.0
lotto649,大樂透,2023-W14,holdout,trained_best_5,8,2,500.0,100.0,100.0,-400.0,-400.0
lotto649,大樂透,2023-W14,holdout,trained_blend,8,2,500.0,150.0,150.0,-350.0,-350.0
lotto649,大樂透,2023-W14,holdout,trained_family_ensemble,8,2,500.0,100.0,100.0,-400.0,-400.0
lotto649,大樂透,2023-W15,holdout,current_ensemble,8,2,500.0,150.0,150.0,-350.0,-350.0
lotto649,大樂透,2023-W15,holdout,random_5,8,2,500.0,300.0,300.0,-200.0,-200.0
lotto649,大樂透,2023-W15,holdout,trained_best_5,8,2,500.0,200.0,200.0,-300.0,-300.0
lotto649,大樂透,2023-W15,holdout,trained_blend,8,2,500.0,200.0,200.0,-300.0,-300.0
lotto649,大樂透,2023-W15,holdout,trained_family_ensemble,8,2,500.0,250.0,250.0,-250.0,-250.0
lotto649,大樂透,2023-W16,holdout,current_ensemble,8,2,500.0,100.0,100.0,-400.0,-400.0
lotto649,大樂透,2023-W16,holdout,random_5,8,2,500.0,325.0,325.0,-175.0,-175.0
lotto649,大樂透,2023-W16,holdout,trained_best_5,8,2,500.0,50.0,50.0,-450.0,-450.0
lotto649,大樂透,2023-W16,holdout,trained_blend,8,2,500.0,250.0,250.0,-250.0,-250.0
lotto649,大樂透,2023-W16,holdout,trained_family_ensemble,8,2,500.0,150.0,150.0,-350.0,-350.0
lotto649,大樂透,2023-W17,holdout,current_ensemble,8,2,500.0,250.0,250.0,-250.0,-250.0
lotto649,大樂透,2023-W17,holdout,random_5,8,2,500.0,0.0,0.0,-500.0,-500.0
lotto649,大樂透,2023-W17,holdout,trained_best_5,8,2,500.0,100.0,100.0,-400.0,-400.0
lotto649,大樂透,2023-W17,holdout,trained_blend,8,2,500.0,50.0,50.0,-450.0,-450.0
lotto649,大樂透,2023-W17,holdout,trained_family_ensemble,8,2,500.0,125.0,125.0,-375.0,-375.0
lotto649,大樂透,2023-W18,holdout,current_ensemble,8,2,500.0,0.0,0.0,-500.0,-500.0
lotto649,大樂透,2023-W18,holdout,random_5,8,2,500.0,100.0,100.0,-400.0,-400.0
lotto649,大樂透,2023-W18,holdout,trained_best_5,8,2,500.0,50.0,50.0,-450.0,-450.0
lotto649,大樂透,2023-W18,holdout,trained_blend,8,2,500.0,0.0,0.0,-500.0,-500.0
lotto649,大樂透,2023-W18,holdout,trained_family_ensemble,8,2,500.0,0.0,0.0,-500.0,-500.0
lotto649,大樂透,2023-W19,holdout,current_ensemble,8,2,500.0,250.0,250.0,-250.0,-250.0
lotto649,大樂透,2023-W19,holdout,random_5,8,2,500.0,100.0,100.0,-400.0,-400.0
lotto649,大樂透,2023-W19,holdout,trained_best_5,8,2,500.0,100.0,100.0,-400.0,-400.0
lotto649,大樂透,2023-W19,holdout,trained_blend,8,2,500.0,350.0,350.0,-150.0,-150.0
lotto649,大樂透,2023-W19,holdout,trained_family_ensemble,8,2,500.0,200.0,200.0,-300.0,-300.0
lotto649,大樂透,2023-W20,holdout,current_ensemble,8,2,500.0,50.0,50.0,-450.0,-450.0
lotto649,大樂透,2023-W20,holdout,random_5,8,2,500.0,0.0,0.0,-500.0,-500.0
lotto649,大樂透,2023-W20,holdout,trained_best_5,8,2,500.0,200.0,200.0,-300.0,-300.0
lotto649,大樂透,2023-W20,holdout,trained_blend,8,2,500.0,0.0,0.0,-500.0,-500.0
lotto649,大樂透,2023-W20,holdout,trained_family_ensemble,8,2,500.0,0.0,0.0,-500.0,-500.0
lotto649,大樂透,2023-W21,holdout,current_ensemble,8,2,500.0,250.0,250.0,-250.0,-250.0
lotto649,大樂透,2023-W21,holdout,random_5,8,2,500.0,50.0,50.0,-450.0,-450.0
lotto649,大樂透,2023-W21,holdout,trained_best_5,8,2,500.0,348.375,348.375,-151.625,-151.625
lotto649,大樂透,2023-W21,holdout,trained_blend,8,2,500.0,400.0,400.0,-100.0,-100.0
lotto649,大樂透,2023-W21,holdout,trained_family_ensemble,8,2,500.0,346.75,346.75,-153.25,-153.25
lotto649,大樂透,2023-W22,holdout,current_ensemble,8,2,500.0,0.0,0.0,-500.0,-500.0
lotto649,大樂透,2023-W22,holdout,random_5,8,2,500.0,50.0,50.0,-450.0,-450.0
lotto649,大樂透,2023-W22,holdout,trained_best_5,8,2,500.0,50.0,50.0,-450.0,-450.0
lotto649,大樂透,2023-W22,holdout,trained_blend,8,2,500.0,50.0,50.0,-450.0,-450.0
lotto649,大樂透,2023-W22,holdout,trained_family_ensemble,8,2,500.0,0.0,0.0,-500.0,-500.0
lotto649,大樂透,2023-W23,holdout,current_ensemble,8,2,500.0,250.0,250.0,-250.0,-250.0
lotto649,大樂透,2023-W23,holdout,random_5,8,2,500.0,150.0,150.0,-350.0,-350.0
lotto649,大樂透,2023-W23,holdout,trained_best_5,8,2,500.0,150.0,150.0,-350.0,-350.0
lotto649,大樂透,2023-W23,holdout,trained_blend,8,2,500.0,150.0,150.0,-350.0,-350.0
lotto649,大樂透,2023-W23,holdout,trained_family_ensemble,8,2,500.0,50.0,50.0,-450.0,-450.0
lotto649,大樂透,2023-W24,holdout,current_ensemble,8,2,500.0,150.0,150.0,-350.0,-350.0
lotto649,大樂透,2023-W24,holdout,random_5,8,2,500.0,240.5,240.5,-259.5,-259.5
lotto649,大樂透,2023-W24,holdout,trained_best_5,8,2,500.0,50.0,50.0,-450.0,-450.0
lotto649,大樂透,2023-W24,holdout,trained_blend,8,2,500.0,190.5,190.5,-309.5,-309.5
lotto649,大樂透,2023-W24,holdout,trained_family_ensemble,8,2,500.0,150.0,150.0,-350.0,-350.0
lotto649,大樂透,2023-W25,holdout,current_ensemble,8,2,500.0,0.0,0.0,-500.0,-500.0
lotto649,大樂透,2023-W25,holdout,random_5,8,2,500.0,50.0,50.0,-450.0,-450.0
lotto649,大樂透,2023-W25,holdout,trained_best_5,8,2,500.0,50.0,50.0,-450.0,-450.0
lotto649,大樂透,2023-W25,holdout,trained_blend,8,2,500.0,0.0,0.0,-500.0,-500.0
lotto649,大樂透,2023-W25,holdout,trained_family_ensemble,8,2,500.0,50.0,50.0,-450.0,-450.0
lotto649,大樂透,2023-W26,holdout,current_ensemble,8,2,500.0,50.0,50.0,-450.0,-450.0
lotto649,大樂透,2023-W26,holdout,random_5,8,2,500.0,200.0,200.0,-300.0,-300.0
lotto649,大樂透,2023-W26,holdout,trained_best_5,8,2,500.0,100.0,100.0,-400.0,-400.0
lotto649,大樂透,2023-W26,holdout,trained_blend,8,2,500.0,0.0,0.0,-500.0,-500.0
lotto649,大樂透,2023-W26,holdout,trained_family_ensemble,8,2,500.0,50.0,50.0,-450.0,-450.0
lotto649,大樂透,2023-W27,holdout,current_ensemble,8,2,500.0,425.0,425.0,-75.0,-75.0
lotto649,大樂透,2023-W27,holdout,random_5,8,2,500.0,350.0,350.0,-150.0,-150.0
lotto649,大樂透,2023-W27,holdout,trained_best_5,8,2,500.0,250.0,250.0,-250.0,-250.0
lotto649,大樂透,2023-W27,holdout,trained_blend,8,2,500.0,225.0,225.0,-275.0,-275.0
lotto649,大樂透,2023-W27,holdout,trained_family_ensemble,8,2,500.0,275.0,275.0,-225.0,-225.0
lotto649,大樂透,2023-W28,holdout,current_ensemble,8,2,500.0,50.0,50.0,-450.0,-450.0
lotto649,大樂透,2023-W28,holdout,random_5,8,2,500.0,100.0,100.0,-400.0,-400.0
lotto649,大樂透,2023-W28,holdout,trained_best_5,8,2,500.0,150.0,150.0,-350.0,-350.0
lotto649,大樂透,2023-W28,holdout,trained_blend,8,2,500.0,100.0,100.0,-400.0,-400.0
lotto649,大樂透,2023-W28,holdout,trained_family_ensemble,8,2,500.0,100.0,100.0,-400.0,-400.0
lotto649,大樂透,2023-W29,holdout,current_ensemble,8,2,500.0,0.0,0.0,-500.0,-500.0
lotto649,大樂透,2023-W29,holdout,random_5,8,2,500.0,50.0,50.0,-450.0,-450.0
lotto649,大樂透,2023-W29,holdout,trained_best_5,8,2,500.0,100.0,100.0,-400.0,-400.0
lotto649,大樂透,2023-W29,holdout,trained_blend,8,2,500.0,50.0,50.0,-450.0,-450.0
lotto649,大樂透,2023-W29,holdout,trained_family_ensemble,8,2,500.0,150.0,150.0,-350.0,-350.0
lotto649,大樂透,2023-W30,holdout,current_ensemble,8,2,500.0,100.0,100.0,-400.0,-400.0
lotto649,大樂透,2023-W30,holdout,random_5,8,2,500.0,100.0,100.0,-400.0,-400.0
lotto649,大樂透,2023-W30,holdout,trained_best_5,8,2,500.0,200.0,200.0,-300.0,-300.0
lotto649,大樂透,2023-W30,holdout,trained_blend,8,2,500.0,50.0,50.0,-450.0,-450.0
lotto649,大樂透,2023-W30,holdout,trained_family_ensemble,8,2,500.0,100.0,100.0,-400.0,-400.0
lotto649,大樂透,2023-W31,holdout,current_ensemble,8,2,500.0,100.0,100.0,-400.0,-400.0
lotto649,大樂透,2023-W31,holdout,random_5,8,2,500.0,200.0,200.0,-300.0,-300.0
lotto649,大樂透,2023-W31,holdout,trained_best_5,8,2,500.0,150.0,150.0,-350.0,-350.0
lotto649,大樂透,2023-W31,holdout,trained_blend,8,2,500.0,300.0,300.0,-200.0,-200.0
lotto649,大樂透,2023-W31,holdout,trained_family_ensemble,8,2,500.0,50.0,50.0,-450.0,-450.0
lotto649,大樂透,2023-W32,holdout,current_ensemble,8,2,500.0,150.0,150.0,-350.0,-350.0
lotto649,大樂透,2023-W32,holdout,random_5,8,2,500.0,50.0,50.0,-450.0,-450.0
lotto649,大樂透,2023-W32,holdout,trained_best_5,8,2,500.0,100.0,100.0,-400.0,-400.0
lotto649,大樂透,2023-W32,holdout,trained_blend,8,2,500.0,150.0,150.0,-350.0,-350.0
lotto649,大樂透,2023-W32,holdout,trained_family_ensemble,8,2,500.0,50.0,50.0,-450.0,-450.0
lotto649,大樂透,2023-W33,holdout,current_ensemble,8,2,500.0,100.0,100.0,-400.0,-400.0
lotto649,大樂透,2023-W33,holdout,random_5,8,2,500.0,50.0,50.0,-450.0,-450.0
lotto649,大樂透,2023-W33,holdout,trained_best_5,8,2,500.0,100.0,100.0,-400.0,-400.0
lotto649,大樂透,2023-W33,holdout,trained_blend,8,2,500.0,50.0,50.0,-450.0,-450.0
lotto649,大樂透,2023-W33,holdout,trained_family_ensemble,8,2,500.0,150.0,150.0,-350.0,-350.0
lotto649,大樂透,2023-W34,holdout,current_ensemble,8,2,500.0,50.0,50.0,-450.0,-450.0
lotto649,大樂透,2023-W34,holdout,random_5,8,2,500.0,200.0,200.0,-300.0,-300.0
lotto649,大樂透,2023-W34,holdout,trained_best_5,8,2,500.0,150.0,150.0,-350.0,-350.0
lotto649,大樂透,2023-W34,holdout,trained_blend,8,2,500.0,50.0,50.0,-450.0,-450.0
lotto649,大樂透,2023-W34,holdout,trained_family_ensemble,8,2,500.0,50.0,50.0,-450.0,-450.0
lotto649,大樂透,2023-W35,holdout,current_ensemble,8,2,500.0,250.0,250.0,-250.0,-250.0
lotto649,大樂透,2023-W35,holdout,random_5,8,2,500.0,200.0,200.0,-300.0,-300.0
lotto649,大樂透,2023-W35,holdout,trained_best_5,8,2,500.0,0.0,0.0,-500.0,-500.0
lotto649,大樂透,2023-W35,holdout,trained_blend,8,2,500.0,100.0,100.0,-400.0,-400.0
lotto649,大樂透,2023-W35,holdout,trained_family_ensemble,8,2,500.0,100.0,100.0,-400.0,-400.0
lotto649,大樂透,2023-W36,holdout,current_ensemble,8,2,500.0,250.0,250.0,-250.0,-250.0
lotto649,大樂透,2023-W36,holdout,random_5,8,2,500.0,100.0,100.0,-400.0,-400.0
lotto649,大樂透,2023-W36,holdout,trained_best_5,8,2,500.0,150.0,150.0,-350.0,-350.0
lotto649,大樂透,2023-W36,holdout,trained_blend,8,2,500.0,400.0,400.0,-100.0,-100.0
lotto649,大樂透,2023-W36,holdout,trained_family_ensemble,8,2,500.0,450.0,450.0,-50.0,-50.0
lotto649,大樂透,2023-W37,holdout,current_ensemble,8,2,500.0,50.0,50.0,-450.0,-450.0
lotto649,大樂透,2023-W37,holdout,random_5,8,2,500.0,300.0,300.0,-200.0,-200.0
lotto649,大樂透,2023-W37,holdout,trained_best_5,8,2,500.0,250.0,250.0,-250.0,-250.0
lotto649,大樂透,2023-W37,holdout,trained_blend,8,2,500.0,0.0,0.0,-500.0,-500.0
lotto649,大樂透,2023-W37,holdout,trained_family_ensemble,8,2,500.0,100.0,100.0,-400.0,-400.0
lotto649,大樂透,2023-W38,holdout,current_ensemble,8,2,500.0,200.0,200.0,-300.0,-300.0
lotto649,大樂透,2023-W38,holdout,random_5,8,2,500.0,450.0,450.0,-50.0,-50.0
lotto649,大樂透,2023-W38,holdout,trained_best_5,8,2,500.0,50.0,50.0,-450.0,-450.0
lotto649,大樂透,2023-W38,holdout,trained_blend,8,2,500.0,100.0,100.0,-400.0,-400.0
lotto649,大樂透,2023-W38,holdout,trained_family_ensemble,8,2,500.0,100.0,100.0,-400.0,-400.0
lotto649,大樂透,2023-W39,holdout,current_ensemble,8,2,500.0,100.0,100.0,-400.0,-400.0
lotto649,大樂透,2023-W39,holdout,random_5,8,2,500.0,250.0,250.0,-250.0,-250.0
lotto649,大樂透,2023-W39,holdout,trained_best_5,8,2,500.0,400.0,400.0,-100.0,-100.0
lotto649,大樂透,2023-W39,holdout,trained_blend,8,2,500.0,400.0,400.0,-100.0,-100.0
lotto649,大樂透,2023-W39,holdout,trained_family_ensemble,8,2,500.0,400.0,400.0,-100.0,-100.0
lotto649,大樂透,2023-W40,holdout,current_ensemble,8,2,500.0,50.0,50.0,-450.0,-450.0
lotto649,大樂透,2023-W40,holdout,random_5,8,2,500.0,150.0,150.0,-350.0,-350.0
lotto649,大樂透,2023-W40,holdout,trained_best_5,8,2,500.0,150.0,150.0,-350.0,-350.0
lotto649,大樂透,2023-W40,holdout,trained_blend,8,2,500.0,50.0,50.0,-450.0,-450.0
lotto649,大樂透,2023-W40,holdout,trained_family_ensemble,8,2,500.0,100.0,100.0,-400.0,-400.0
lotto649,大樂透,2023-W41,holdout,current_ensemble,8,2,500.0,225.0,225.0,-275.0,-275.0
lotto649,大樂透,2023-W41,holdout,random_5,8,2,500.0,100.0,100.0,-400.0,-400.0
lotto649,大樂透,2023-W41,holdout,trained_best_5,8,2,500.0,50.0,50.0,-450.0,-450.0
lotto649,大樂透,2023-W41,holdout,trained_blend,8,2,500.0,100.0,100.0,-400.0,-400.0
lotto649,大樂透,2023-W41,holdout,trained_family_ensemble,8,2,500.0,100.0,100.0,-400.0,-400.0
lotto649,大樂透,2023-W42,holdout,current_ensemble,8,2,500.0,350.0,350.0,-150.0,-150.0
lotto649,大樂透,2023-W42,holdout,random_5,8,2,500.0,550.0,550.0,50.0,50.0
lotto649,大樂透,2023-W42,holdout,trained_best_5,8,2,500.0,150.0,150.0,-350.0,-350.0
lotto649,大樂透,2023-W42,holdout,trained_blend,8,2,500.0,350.0,350.0,-150.0,-150.0
lotto649,大樂透,2023-W42,holdout,trained_family_ensemble,8,2,500.0,400.0,400.0,-100.0,-100.0
lotto649,大樂透,2023-W43,holdout,current_ensemble,8,2,500.0,200.0,200.0,-300.0,-300.0
lotto649,大樂透,2023-W43,holdout,random_5,8,2,500.0,200.0,200.0,-300.0,-300.0
lotto649,大樂透,2023-W43,holdout,trained_best_5,8,2,500.0,50.0,50.0,-450.0,-450.0
lotto649,大樂透,2023-W43,holdout,trained_blend,8,2,500.0,150.0,150.0,-350.0,-350.0
lotto649,大樂透,2023-W43,holdout,trained_family_ensemble,8,2,500.0,200.0,200.0,-300.0,-300.0
lotto649,大樂透,2023-W44,holdout,current_ensemble,8,2,500.0,100.0,100.0,-400.0,-400.0
lotto649,大樂透,2023-W44,holdout,random_5,8,2,500.0,100.0,100.0,-400.0,-400.0
lotto649,大樂透,2023-W44,holdout,trained_best_5,8,2,500.0,200.0,200.0,-300.0,-300.0
lotto649,大樂透,2023-W44,holdout,trained_blend,8,2,500.0,300.0,300.0,-200.0,-200.0
lotto649,大樂透,2023-W44,holdout,trained_family_ensemble,8,2,500.0,200.0,200.0,-300.0,-300.0
lotto649,大樂透,2023-W45,holdout,current_ensemble,8,2,500.0,100.0,100.0,-400.0,-400.0
lotto649,大樂透,2023-W45,holdout,random_5,8,2,500.0,50.0,50.0,-450.0,-450.0
lotto649,大樂透,2023-W45,holdout,trained_best_5,8,2,500.0,50.0,50.0,-450.0,-450.0
lotto649,大樂透,2023-W45,holdout,trained_blend,8,2,500.0,141.25,141.25,-358.75,-358.75
lotto649,大樂透,2023-W45,holdout,trained_family_ensemble,8,2,500.0,141.25,141.25,-358.75,-358.75
lotto649,大樂透,2023-W46,holdout,current_ensemble,8,2,500.0,100.0,100.0,-400.0,-400.0
lotto649,大樂透,2023-W46,holdout,random_5,8,2,500.0,150.0,150.0,-350.0,-350.0
lotto649,大樂透,2023-W46,holdout,trained_best_5,8,2,500.0,100.0,100.0,-400.0,-400.0
lotto649,大樂透,2023-W46,holdout,trained_blend,8,2,500.0,0.0,0.0,-500.0,-500.0
lotto649,大樂透,2023-W46,holdout,trained_family_ensemble,8,2,500.0,0.0,0.0,-500.0,-500.0
lotto649,大樂透,2023-W47,holdout,current_ensemble,8,2,500.0,50.0,50.0,-450.0,-450.0
lotto649,大樂透,2023-W47,holdout,random_5,8,2,500.0,50.0,50.0,-450.0,-450.0
lotto649,大樂透,2023-W47,holdout,trained_best_5,8,2,500.0,250.0,250.0,-250.0,-250.0
lotto649,大樂透,2023-W47,holdout,trained_blend,8,2,500.0,100.0,100.0,-400.0,-400.0
lotto649,大樂透,2023-W47,holdout,trained_family_ensemble,8,2,500.0,50.0,50.0,-450.0,-450.0
lotto649,大樂透,2023-W48,holdout,current_ensemble,8,2,500.0,500.0,500.0,0.0,0.0
lotto649,大樂透,2023-W48,holdout,random_5,8,2,500.0,300.0,300.0,-200.0,-200.0
lotto649,大樂透,2023-W48,holdout,trained_best_5,8,2,500.0,200.0,200.0,-300.0,-300.0
lotto649,大樂透,2023-W48,holdout,trained_blend,8,2,500.0,350.0,350.0,-150.0,-150.0
lotto649,大樂透,2023-W48,holdout,trained_family_ensemble,8,2,500.0,550.0,550.0,50.0,50.0
lotto649,大樂透,2023-W49,holdout,current_ensemble,8,2,500.0,150.0,150.0,-350.0,-350.0
lotto649,大樂透,2023-W49,holdout,random_5,8,2,500.0,50.0,50.0,-450.0,-450.0
lotto649,大樂透,2023-W49,holdout,trained_best_5,8,2,500.0,0.0,0.0,-500.0,-500.0
lotto649,大樂透,2023-W49,holdout,trained_blend,8,2,500.0,50.0,50.0,-450.0,-450.0
lotto649,大樂透,2023-W49,holdout,trained_family_ensemble,8,2,500.0,50.0,50.0,-450.0,-450.0
lotto649,大樂透,2023-W50,holdout,current_ensemble,8,2,500.0,125.0,125.0,-375.0,-375.0
lotto649,大樂透,2023-W50,holdout,random_5,8,2,500.0,0.0,0.0,-500.0,-500.0
lotto649,大樂透,2023-W50,holdout,trained_best_5,8,2,500.0,50.0,50.0,-450.0,-450.0
lotto649,大樂透,2023-W50,holdout,trained_blend,8,2,500.0,100.0,100.0,-400.0,-400.0
lotto649,大樂透,2023-W50,holdout,trained_family_ensemble,8,2,500.0,0.0,0.0,-500.0,-500.0
lotto649,大樂透,2023-W51,holdout,current_ensemble,8,2,500.0,150.0,150.0,-350.0,-350.0
lotto649,大樂透,2023-W51,holdout,random_5,8,2,500.0,250.0,250.0,-250.0,-250.0
lotto649,大樂透,2023-W51,holdout,trained_best_5,8,2,500.0,100.0,100.0,-400.0,-400.0
lotto649,大樂透,2023-W51,holdout,trained_blend,8,2,500.0,150.0,150.0,-350.0,-350.0
lotto649,大樂透,2023-W51,holdout,trained_family_ensemble,8,2,500.0,200.0,200.0,-300.0,-300.0
lotto649,大樂透,2023-W52,holdout,current_ensemble,8,2,500.0,225.0,225.0,-275.0,-275.0
lotto649,大樂透,2023-W52,holdout,random_5,8,2,500.0,150.0,150.0,-350.0,-350.0
lotto649,大樂透,2023-W52,holdout,trained_best_5,8,2,500.0,150.0,150.0,-350.0,-350.0
lotto649,大樂透,2023-W52,holdout,trained_blend,8,2,500.0,100.0,100.0,-400.0,-400.0
lotto649,大樂透,2023-W52,holdout,trained_family_ensemble,8,2,500.0,300.0,300.0,-200.0,-200.0
lotto649,大樂透,2024-W01,holdout,current_ensemble,8,2,500.0,50.0,50.0,-450.0,-450.0
lotto649,大樂透,2024-W01,holdout,random_5,8,2,500.0,350.0,350.0,-150.0,-150.0
lotto649,大樂透,2024-W01,holdout,trained_best_5,8,2,500.0,150.0,150.0,-350.0,-350.0
lotto649,大樂透,2024-W01,holdout,trained_blend,8,2,500.0,50.0,50.0,-450.0,-450.0
lotto649,大樂透,2024-W01,holdout,trained_family_ensemble,8,2,500.0,50.0,50.0,-450.0,-450.0
lotto649,大樂透,2024-W02,holdout,current_ensemble,8,2,500.0,425.0,425.0,-75.0,-75.0
lotto649,大樂透,2024-W02,holdout,random_5,8,2,500.0,100.0,100.0,-400.0,-400.0
lotto649,大樂透,2024-W02,holdout,trained_best_5,8,2,500.0,50.0,50.0,-450.0,-450.0
lotto649,大樂透,2024-W02,holdout,trained_blend,8,2,500.0,50.0,50.0,-450.0,-450.0
lotto649,大樂透,2024-W02,holdout,trained_family_ensemble,8,2,500.0,100.0,100.0,-400.0,-400.0
lotto649,大樂透,2024-W03,holdout,current_ensemble,8,2,500.0,100.0,100.0,-400.0,-400.0
lotto649,大樂透,2024-W03,holdout,random_5,8,2,500.0,150.0,150.0,-350.0,-350.0
lotto649,大樂透,2024-W03,holdout,trained_best_5,8,2,500.0,150.0,150.0,-350.0,-350.0
lotto649,大樂透,2024-W03,holdout,trained_blend,8,2,500.0,100.0,100.0,-400.0,-400.0
lotto649,大樂透,2024-W03,holdout,trained_family_ensemble,8,2,500.0,150.0,150.0,-350.0,-350.0
lotto649,大樂透,2024-W04,holdout,current_ensemble,8,2,500.0,50.0,50.0,-450.0,-450.0
lotto649,大樂透,2024-W04,holdout,random_5,8,2,500.0,250.0,250.0,-250.0,-250.0
lotto649,大樂透,2024-W04,holdout,trained_best_5,8,2,500.0,0.0,0.0,-500.0,-500.0
lotto649,大樂透,2024-W04,holdout,trained_blend,8,2,500.0,50.0,50.0,-450.0,-450.0
lotto649,大樂透,2024-W04,holdout,trained_family_ensemble,8,2,500.0,0.0,0.0,-500.0,-500.0
lotto649,大樂透,2024-W05,holdout,current_ensemble,8,2,500.0,225.0,225.0,-275.0,-275.0
lotto649,大樂透,2024-W05,holdout,random_5,8,2,500.0,275.0,275.0,-225.0,-225.0
lotto649,大樂透,2024-W05,holdout,trained_best_5,8,2,500.0,350.0,350.0,-150.0,-150.0
lotto649,大樂透,2024-W05,holdout,trained_blend,8,2,500.0,175.0,175.0,-325.0,-325.0
lotto649,大樂透,2024-W05,holdout,trained_family_ensemble,8,2,500.0,175.0,175.0,-325.0,-325.0
lotto649,大樂透,2024-W06,holdout,current_ensemble,8,6,1500.0,300.0,300.0,-1200.0,-1200.0
lotto649,大樂透,2024-W06,holdout,random_5,8,6,1500.0,300.0,300.0,-1200.0,-1200.0
lotto649,大樂透,2024-W06,holdout,trained_best_5,8,6,1500.0,550.0,550.0,-950.0,-950.0
lotto649,大樂透,2024-W06,holdout,trained_blend,8,6,1500.0,100.0,100.0,-1400.0,-1400.0
lotto649,大樂透,2024-W06,holdout,trained_family_ensemble,8,6,1500.0,200.0,200.0,-1300.0,-1300.0
lotto649,大樂透,2024-W07,holdout,current_ensemble,8,7,1750.0,475.0,475.0,-1275.0,-1275.0
lotto649,大樂透,2024-W07,holdout,random_5,8,7,1750.0,150.0,150.0,-1600.0,-1600.0
lotto649,大樂透,2024-W07,holdout,trained_best_5,8,7,1750.0,425.0,425.0,-1325.0,-1325.0
lotto649,大樂透,2024-W07,holdout,trained_blend,8,7,1750.0,675.0,675.0,-1075.0,-1075.0
lotto649,大樂透,2024-W07,holdout,trained_family_ensemble,8,7,1750.0,300.0,300.0,-1450.0,-1450.0
lotto649,大樂透,2024-W08,holdout,current_ensemble,8,6,1500.0,1150.0,1150.0,-350.0,-350.0
lotto649,大樂透,2024-W08,holdout,random_5,8,6,1500.0,1175.0,1175.0,-325.0,-325.0
lotto649,大樂透,2024-W08,holdout,trained_best_5,8,6,1500.0,625.0,625.0,-875.0,-875.0
lotto649,大樂透,2024-W08,holdout,trained_blend,8,6,1500.0,1775.0,1775.0,275.0,275.0
lotto649,大樂透,2024-W08,holdout,trained_family_ensemble,8,6,1500.0,1500.0,1500.0,0.0,0.0
lotto649,大樂透,2024-W09,holdout,current_ensemble,8,2,500.0,100.0,100.0,-400.0,-400.0
lotto649,大樂透,2024-W09,holdout,random_5,8,2,500.0,100.0,100.0,-400.0,-400.0
lotto649,大樂透,2024-W09,holdout,trained_best_5,8,2,500.0,150.0,150.0,-350.0,-350.0
lotto649,大樂透,2024-W09,holdout,trained_blend,8,2,500.0,300.0,300.0,-200.0,-200.0
lotto649,大樂透,2024-W09,holdout,trained_family_ensemble,8,2,500.0,200.0,200.0,-300.0,-300.0
lotto649,大樂透,2024-W10,holdout,current_ensemble,8,2,500.0,150.0,150.0,-350.0,-350.0
lotto649,大樂透,2024-W10,holdout,random_5,8,2,500.0,100.0,100.0,-400.0,-400.0
lotto649,大樂透,2024-W10,holdout,trained_best_5,8,2,500.0,50.0,50.0,-450.0,-450.0
lotto649,大樂透,2024-W10,holdout,trained_blend,8,2,500.0,100.0,100.0,-400.0,-400.0
lotto649,大樂透,2024-W10,holdout,trained_family_ensemble,8,2,500.0,200.0,200.0,-300.0,-300.0
lotto649,大樂透,2024-W11,holdout,current_ensemble,8,2,500.0,100.0,100.0,-400.0,-400.0
lotto649,大樂透,2024-W11,holdout,random_5,8,2,500.0,0.0,0.0,-500.0,-500.0
lotto649,大樂透,2024-W11,holdout,trained_best_5,8,2,500.0,150.0,150.0,-350.0,-350.0
lotto649,大樂透,2024-W11,holdout,trained_blend,8,2,500.0,50.0,50.0,-450.0,-450.0
lotto649,大樂透,2024-W11,holdout,trained_family_ensemble,8,2,500.0,100.0,100.0,-400.0,-400.0
lotto649,大樂透,2024-W12,holdout,current_ensemble,8,2,500.0,250.0,250.0,-250.0,-250.0
lotto649,大樂透,2024-W12,holdout,random_5,8,2,500.0,200.0,200.0,-300.0,-300.0
lotto649,大樂透,2024-W12,holdout,trained_best_5,8,2,500.0,375.0,375.0,-125.0,-125.0
lotto649,大樂透,2024-W12,holdout,trained_blend,8,2,500.0,475.0,475.0,-25.0,-25.0
lotto649,大樂透,2024-W12,holdout,trained_family_ensemble,8,2,500.0,525.0,525.0,25.0,25.0
lotto649,大樂透,2024-W13,holdout,current_ensemble,8,2,500.0,150.0,150.0,-350.0,-350.0
lotto649,大樂透,2024-W13,holdout,random_5,8,2,500.0,50.0,50.0,-450.0,-450.0
lotto649,大樂透,2024-W13,holdout,trained_best_5,8,2,500.0,100.0,100.0,-400.0,-400.0
lotto649,大樂透,2024-W13,holdout,trained_blend,8,2,500.0,50.0,50.0,-450.0,-450.0
lotto649,大樂透,2024-W13,holdout,trained_family_ensemble,8,2,500.0,100.0,100.0,-400.0,-400.0
lotto649,大樂透,2024-W14,holdout,current_ensemble,8,2,500.0,150.0,150.0,-350.0,-350.0
lotto649,大樂透,2024-W14,holdout,random_5,8,2,500.0,250.0,250.0,-250.0,-250.0
lotto649,大樂透,2024-W14,holdout,trained_best_5,8,2,500.0,100.0,100.0,-400.0,-400.0
lotto649,大樂透,2024-W14,holdout,trained_blend,8,2,500.0,150.0,150.0,-350.0,-350.0
lotto649,大樂透,2024-W14,holdout,trained_family_ensemble,8,2,500.0,200.0,200.0,-300.0,-300.0
lotto649,大樂透,2024-W15,holdout,current_ensemble,8,2,500.0,175.0,175.0,-325.0,-325.0
lotto649,大樂透,2024-W15,holdout,random_5,8,2,500.0,225.0,225.0,-275.0,-275.0
lotto649,大樂透,2024-W15,holdout,trained_best_5,8,2,500.0,50.0,50.0,-450.0,-450.0
lotto649,大樂透,2024-W15,holdout,trained_blend,8,2,500.0,275.0,275.0,-225.0,-225.0
lotto649,大樂透,2024-W15,holdout,trained_family_ensemble,8,2,500.0,200.0,200.0,-300.0,-300.0
lotto649,大樂透,2024-W16,holdout,current_ensemble,8,2,500.0,50.0,50.0,-450.0,-450.0
lotto649,大樂透,2024-W16,holdout,random_5,8,2,500.0,475.0,475.0,-25.0,-25.0
lotto649,大樂透,2024-W16,holdout,trained_best_5,8,2,500.0,175.0,175.0,-325.0,-325.0
lotto649,大樂透,2024-W16,holdout,trained_blend,8,2,500.0,375.0,375.0,-125.0,-125.0
lotto649,大樂透,2024-W16,holdout,trained_family_ensemble,8,2,500.0,50.0,50.0,-450.0,-450.0
lotto649,大樂透,2024-W17,holdout,current_ensemble,8,2,500.0,100.0,100.0,-400.0,-400.0
lotto649,大樂透,2024-W17,holdout,random_5,8,2,500.0,100.0,100.0,-400.0,-400.0
lotto649,大樂透,2024-W17,holdout,trained_best_5,8,2,500.0,400.0,400.0,-100.0,-100.0
lotto649,大樂透,2024-W17,holdout,trained_blend,8,2,500.0,50.0,50.0,-450.0,-450.0
lotto649,大樂透,2024-W17,holdout,trained_family_ensemble,8,2,500.0,400.0,400.0,-100.0,-100.0
lotto649,大樂透,2024-W18,holdout,current_ensemble,8,2,500.0,50.0,50.0,-450.0,-450.0
lotto649,大樂透,2024-W18,holdout,random_5,8,2,500.0,50.0,50.0,-450.0,-450.0
lotto649,大樂透,2024-W18,holdout,trained_best_5,8,2,500.0,100.0,100.0,-400.0,-400.0
lotto649,大樂透,2024-W18,holdout,trained_blend,8,2,500.0,0.0,0.0,-500.0,-500.0
lotto649,大樂透,2024-W18,holdout,trained_family_ensemble,8,2,500.0,50.0,50.0,-450.0,-450.0
lotto649,大樂透,2024-W19,holdout,current_ensemble,8,2,500.0,100.0,100.0,-400.0,-400.0
lotto649,大樂透,2024-W19,holdout,random_5,8,2,500.0,100.0,100.0,-400.0,-400.0
lotto649,大樂透,2024-W19,holdout,trained_best_5,8,2,500.0,150.0,150.0,-350.0,-350.0
lotto649,大樂透,2024-W19,holdout,trained_blend,8,2,500.0,0.0,0.0,-500.0,-500.0
lotto649,大樂透,2024-W19,holdout,trained_family_ensemble,8,2,500.0,100.0,100.0,-400.0,-400.0
lotto649,大樂透,2024-W20,holdout,current_ensemble,8,2,500.0,50.0,50.0,-450.0,-450.0
lotto649,大樂透,2024-W20,holdout,random_5,8,2,500.0,150.0,150.0,-350.0,-350.0
lotto649,大樂透,2024-W20,holdout,trained_best_5,8,2,500.0,150.0,150.0,-350.0,-350.0
lotto649,大樂透,2024-W20,holdout,trained_blend,8,2,500.0,100.0,100.0,-400.0,-400.0
lotto649,大樂透,2024-W20,holdout,trained_family_ensemble,8,2,500.0,150.0,150.0,-350.0,-350.0
lotto649,大樂透,2024-W21,holdout,current_ensemble,8,2,500.0,150.0,150.0,-350.0,-350.0
lotto649,大樂透,2024-W21,holdout,random_5,8,2,500.0,150.0,150.0,-350.0,-350.0
lotto649,大樂透,2024-W21,holdout,trained_best_5,8,2,500.0,300.0,300.0,-200.0,-200.0
lotto649,大樂透,2024-W21,holdout,trained_blend,8,2,500.0,200.0,200.0,-300.0,-300.0
lotto649,大樂透,2024-W21,holdout,trained_family_ensemble,8,2,500.0,200.0,200.0,-300.0,-300.0
lotto649,大樂透,2024-W22,holdout,current_ensemble,8,2,500.0,50.0,50.0,-450.0,-450.0
lotto649,大樂透,2024-W22,holdout,random_5,8,2,500.0,125.0,125.0,-375.0,-375.0
lotto649,大樂透,2024-W22,holdout,trained_best_5,8,2,500.0,0.0,0.0,-500.0,-500.0
lotto649,大樂透,2024-W22,holdout,trained_blend,8,2,500.0,0.0,0.0,-500.0,-500.0
lotto649,大樂透,2024-W22,holdout,trained_family_ensemble,8,2,500.0,0.0,0.0,-500.0,-500.0
lotto649,大樂透,2024-W23,holdout,current_ensemble,8,2,500.0,0.0,0.0,-500.0,-500.0
lotto649,大樂透,2024-W23,holdout,random_5,8,2,500.0,175.0,175.0,-325.0,-325.0
lotto649,大樂透,2024-W23,holdout,trained_best_5,8,2,500.0,300.0,300.0,-200.0,-200.0
lotto649,大樂透,2024-W23,holdout,trained_blend,8,2,500.0,125.0,125.0,-375.0,-375.0
lotto649,大樂透,2024-W23,holdout,trained_family_ensemble,8,2,500.0,150.0,150.0,-350.0,-350.0
lotto649,大樂透,2024-W24,holdout,current_ensemble,8,2,500.0,0.0,0.0,-500.0,-500.0
lotto649,大樂透,2024-W24,holdout,random_5,8,2,500.0,50.0,50.0,-450.0,-450.0
lotto649,大樂透,2024-W24,holdout,trained_best_5,8,2,500.0,0.0,0.0,-500.0,-500.0
lotto649,大樂透,2024-W24,holdout,trained_blend,8,2,500.0,0.0,0.0,-500.0,-500.0
lotto649,大樂透,2024-W24,holdout,trained_family_ensemble,8,2,500.0,0.0,0.0,-500.0,-500.0
lotto649,大樂透,2024-W25,holdout,current_ensemble,8,2,500.0,100.0,100.0,-400.0,-400.0
lotto649,大樂透,2024-W25,holdout,random_5,8,2,500.0,150.0,150.0,-350.0,-350.0
lotto649,大樂透,2024-W25,holdout,trained_best_5,8,2,500.0,300.0,300.0,-200.0,-200.0
lotto649,大樂透,2024-W25,holdout,trained_blend,8,2,500.0,200.0,200.0,-300.0,-300.0
lotto649,大樂透,2024-W25,holdout,trained_family_ensemble,8,2,500.0,250.0,250.0,-250.0,-250.0
lotto649,大樂透,2024-W26,holdout,current_ensemble,8,2,500.0,200.0,200.0,-300.0,-300.0
lotto649,大樂透,2024-W26,holdout,random_5,8,2,500.0,200.0,200.0,-300.0,-300.0
lotto649,大樂透,2024-W26,holdout,trained_best_5,8,2,500.0,0.0,0.0,-500.0,-500.0
lotto649,大樂透,2024-W26,holdout,trained_blend,8,2,500.0,100.0,100.0,-400.0,-400.0
lotto649,大樂透,2024-W26,holdout,trained_family_ensemble,8,2,500.0,100.0,100.0,-400.0,-400.0
lotto649,大樂透,2024-W27,holdout,current_ensemble,8,2,500.0,50.0,50.0,-450.0,-450.0
lotto649,大樂透,2024-W27,holdout,random_5,8,2,500.0,200.0,200.0,-300.0,-300.0
lotto649,大樂透,2024-W27,holdout,trained_best_5,8,2,500.0,100.0,100.0,-400.0,-400.0
lotto649,大樂透,2024-W27,holdout,trained_blend,8,2,500.0,150.0,150.0,-350.0,-350.0
lotto649,大樂透,2024-W27,holdout,trained_family_ensemble,8,2,500.0,50.0,50.0,-450.0,-450.0
lotto649,大樂透,2024-W28,holdout,current_ensemble,8,2,500.0,150.0,150.0,-350.0,-350.0
lotto649,大樂透,2024-W28,holdout,random_5,8,2,500.0,250.0,250.0,-250.0,-250.0
lotto649,大樂透,2024-W28,holdout,trained_best_5,8,2,500.0,0.0,0.0,-500.0,-500.0
lotto649,大樂透,2024-W28,holdout,trained_blend,8,2,500.0,100.0,100.0,-400.0,-400.0
lotto649,大樂透,2024-W28,holdout,trained_family_ensemble,8,2,500.0,100.0,100.0,-400.0,-400.0
lotto649,大樂透,2024-W29,holdout,current_ensemble,8,2,500.0,150.0,150.0,-350.0,-350.0
lotto649,大樂透,2024-W29,holdout,random_5,8,2,500.0,50.0,50.0,-450.0,-450.0
lotto649,大樂透,2024-W29,holdout,trained_best_5,8,2,500.0,250.0,250.0,-250.0,-250.0
lotto649,大樂透,2024-W29,holdout,trained_blend,8,2,500.0,300.0,300.0,-200.0,-200.0
lotto649,大樂透,2024-W29,holdout,trained_family_ensemble,8,2,500.0,125.0,125.0,-375.0,-375.0
lotto649,大樂透,2024-W30,holdout,current_ensemble,8,2,500.0,50.0,50.0,-450.0,-450.0
lotto649,大樂透,2024-W30,holdout,random_5,8,2,500.0,0.0,0.0,-500.0,-500.0
lotto649,大樂透,2024-W30,holdout,trained_best_5,8,2,500.0,50.0,50.0,-450.0,-450.0
lotto649,大樂透,2024-W30,holdout,trained_blend,8,2,500.0,50.0,50.0,-450.0,-450.0
lotto649,大樂透,2024-W30,holdout,trained_family_ensemble,8,2,500.0,100.0,100.0,-400.0,-400.0
lotto649,大樂透,2024-W31,holdout,current_ensemble,8,2,500.0,150.0,150.0,-350.0,-350.0
lotto649,大樂透,2024-W31,holdout,random_5,8,2,500.0,200.0,200.0,-300.0,-300.0
lotto649,大樂透,2024-W31,holdout,trained_best_5,8,2,500.0,50.0,50.0,-450.0,-450.0
lotto649,大樂透,2024-W31,holdout,trained_blend,8,2,500.0,200.0,200.0,-300.0,-300.0
lotto649,大樂透,2024-W31,holdout,trained_family_ensemble,8,2,500.0,150.0,150.0,-350.0,-350.0
lotto649,大樂透,2024-W32,holdout,current_ensemble,8,2,500.0,200.0,200.0,-300.0,-300.0
lotto649,大樂透,2024-W32,holdout,random_5,8,2,500.0,100.0,100.0,-400.0,-400.0
lotto649,大樂透,2024-W32,holdout,trained_best_5,8,2,500.0,0.0,0.0,-500.0,-500.0
lotto649,大樂透,2024-W32,holdout,trained_blend,8,2,500.0,150.0,150.0,-350.0,-350.0
lotto649,大樂透,2024-W32,holdout,trained_family_ensemble,8,2,500.0,100.0,100.0,-400.0,-400.0
lotto649,大樂透,2024-W33,holdout,current_ensemble,8,2,500.0,150.0,150.0,-350.0,-350.0
lotto649,大樂透,2024-W33,holdout,random_5,8,2,500.0,175.0,175.0,-325.0,-325.0
lotto649,大樂透,2024-W33,holdout,trained_best_5,8,2,500.0,0.0,0.0,-500.0,-500.0
lotto649,大樂透,2024-W33,holdout,trained_blend,8,2,500.0,100.0,100.0,-400.0,-400.0
lotto649,大樂透,2024-W33,holdout,trained_family_ensemble,8,2,500.0,200.0,200.0,-300.0,-300.0
lotto649,大樂透,2024-W34,holdout,current_ensemble,8,2,500.0,50.0,50.0,-450.0,-450.0
lotto649,大樂透,2024-W34,holdout,random_5,8,2,500.0,100.0,100.0,-400.0,-400.0
lotto649,大樂透,2024-W34,holdout,trained_best_5,8,2,500.0,100.0,100.0,-400.0,-400.0
lotto649,大樂透,2024-W34,holdout,trained_blend,8,2,500.0,300.0,300.0,-200.0,-200.0
lotto649,大樂透,2024-W34,holdout,trained_family_ensemble,8,2,500.0,300.0,300.0,-200.0,-200.0
lotto649,大樂透,2024-W35,holdout,current_ensemble,8,2,500.0,150.0,150.0,-350.0,-350.0
lotto649,大樂透,2024-W35,holdout,random_5,8,2,500.0,50.0,50.0,-450.0,-450.0
lotto649,大樂透,2024-W35,holdout,trained_best_5,8,2,500.0,200.0,200.0,-300.0,-300.0
lotto649,大樂透,2024-W35,holdout,trained_blend,8,2,500.0,100.0,100.0,-400.0,-400.0
lotto649,大樂透,2024-W35,holdout,trained_family_ensemble,8,2,500.0,200.0,200.0,-300.0,-300.0
lotto649,大樂透,2024-W36,holdout,current_ensemble,8,2,500.0,0.0,0.0,-500.0,-500.0
lotto649,大樂透,2024-W36,holdout,random_5,8,2,500.0,275.0,275.0,-225.0,-225.0
lotto649,大樂透,2024-W36,holdout,trained_best_5,8,2,500.0,250.0,250.0,-250.0,-250.0
lotto649,大樂透,2024-W36,holdout,trained_blend,8,2,500.0,150.0,150.0,-350.0,-350.0
lotto649,大樂透,2024-W36,holdout,trained_family_ensemble,8,2,500.0,50.0,50.0,-450.0,-450.0
lotto649,大樂透,2024-W37,holdout,current_ensemble,8,2,500.0,0.0,0.0,-500.0,-500.0
lotto649,大樂透,2024-W37,holdout,random_5,8,2,500.0,100.0,100.0,-400.0,-400.0
lotto649,大樂透,2024-W37,holdout,trained_best_5,8,2,500.0,50.0,50.0,-450.0,-450.0
lotto649,大樂透,2024-W37,holdout,trained_blend,8,2,500.0,50.0,50.0,-450.0,-450.0
lotto649,大樂透,2024-W37,holdout,trained_family_ensemble,8,2,500.0,175.0,175.0,-325.0,-325.0
lotto649,大樂透,2024-W38,holdout,current_ensemble,8,2,500.0,250.0,250.0,-250.0,-250.0
lotto649,大樂透,2024-W38,holdout,random_5,8,2,500.0,150.0,150.0,-350.0,-350.0
lotto649,大樂透,2024-W38,holdout,trained_best_5,8,2,500.0,100.0,100.0,-400.0,-400.0
lotto649,大樂透,2024-W38,holdout,trained_blend,8,2,500.0,100.0,100.0,-400.0,-400.0
lotto649,大樂透,2024-W38,holdout,trained_family_ensemble,8,2,500.0,450.0,450.0,-50.0,-50.0
lotto649,大樂透,2024-W39,holdout,current_ensemble,8,2,500.0,50.0,50.0,-450.0,-450.0
lotto649,大樂透,2024-W39,holdout,random_5,8,2,500.0,50.0,50.0,-450.0,-450.0
lotto649,大樂透,2024-W39,holdout,trained_best_5,8,2,500.0,200.0,200.0,-300.0,-300.0
lotto649,大樂透,2024-W39,holdout,trained_blend,8,2,500.0,100.0,100.0,-400.0,-400.0
lotto649,大樂透,2024-W39,holdout,trained_family_ensemble,8,2,500.0,150.0,150.0,-350.0,-350.0
lotto649,大樂透,2024-W40,holdout,current_ensemble,8,2,500.0,150.0,150.0,-350.0,-350.0
lotto649,大樂透,2024-W40,holdout,random_5,8,2,500.0,150.0,150.0,-350.0,-350.0
lotto649,大樂透,2024-W40,holdout,trained_best_5,8,2,500.0,50.0,50.0,-450.0,-450.0
lotto649,大樂透,2024-W40,holdout,trained_blend,8,2,500.0,400.0,400.0,-100.0,-100.0
lotto649,大樂透,2024-W40,holdout,trained_family_ensemble,8,2,500.0,300.0,300.0,-200.0,-200.0
lotto649,大樂透,2024-W41,holdout,current_ensemble,8,2,500.0,200.0,200.0,-300.0,-300.0
lotto649,大樂透,2024-W41,holdout,random_5,8,2,500.0,350.0,350.0,-150.0,-150.0
lotto649,大樂透,2024-W41,holdout,trained_best_5,8,2,500.0,0.0,0.0,-500.0,-500.0
lotto649,大樂透,2024-W41,holdout,trained_blend,8,2,500.0,100.0,100.0,-400.0,-400.0
lotto649,大樂透,2024-W41,holdout,trained_family_ensemble,8,2,500.0,50.0,50.0,-450.0,-450.0
lotto649,大樂透,2024-W42,holdout,current_ensemble,8,2,500.0,250.0,250.0,-250.0,-250.0
lotto649,大樂透,2024-W42,holdout,random_5,8,2,500.0,100.0,100.0,-400.0,-400.0
lotto649,大樂透,2024-W42,holdout,trained_best_5,8,2,500.0,50.0,50.0,-450.0,-450.0
lotto649,大樂透,2024-W42,holdout,trained_blend,8,2,500.0,100.0,100.0,-400.0,-400.0
lotto649,大樂透,2024-W42,holdout,trained_family_ensemble,8,2,500.0,200.0,200.0,-300.0,-300.0
lotto649,大樂透,2024-W43,holdout,current_ensemble,8,2,500.0,300.0,300.0,-200.0,-200.0
lotto649,大樂透,2024-W43,holdout,random_5,8,2,500.0,200.0,200.0,-300.0,-300.0
lotto649,大樂透,2024-W43,holdout,trained_best_5,8,2,500.0,150.0,150.0,-350.0,-350.0
lotto649,大樂透,2024-W43,holdout,trained_blend,8,2,500.0,50.0,50.0,-450.0,-450.0
lotto649,大樂透,2024-W43,holdout,trained_family_ensemble,8,2,500.0,100.0,100.0,-400.0,-400.0
lotto649,大樂透,2024-W44,holdout,current_ensemble,8,2,500.0,500.0,500.0,0.0,0.0
lotto649,大樂透,2024-W44,holdout,random_5,8,2,500.0,400.0,400.0,-100.0,-100.0
lotto649,大樂透,2024-W44,holdout,trained_best_5,8,2,500.0,150.0,150.0,-350.0,-350.0
lotto649,大樂透,2024-W44,holdout,trained_blend,8,2,500.0,425.0,425.0,-75.0,-75.0
lotto649,大樂透,2024-W44,holdout,trained_family_ensemble,8,2,500.0,650.0,650.0,150.0,150.0
lotto649,大樂透,2024-W45,holdout,current_ensemble,8,2,500.0,450.0,450.0,-50.0,-50.0
lotto649,大樂透,2024-W45,holdout,random_5,8,2,500.0,275.0,275.0,-225.0,-225.0
lotto649,大樂透,2024-W45,holdout,trained_best_5,8,2,500.0,150.0,150.0,-350.0,-350.0
lotto649,大樂透,2024-W45,holdout,trained_blend,8,2,500.0,350.0,350.0,-150.0,-150.0
lotto649,大樂透,2024-W45,holdout,trained_family_ensemble,8,2,500.0,200.0,200.0,-300.0,-300.0
lotto649,大樂透,2024-W46,holdout,current_ensemble,8,2,500.0,175.0,175.0,-325.0,-325.0
lotto649,大樂透,2024-W46,holdout,random_5,8,2,500.0,200.0,200.0,-300.0,-300.0
lotto649,大樂透,2024-W46,holdout,trained_best_5,8,2,500.0,50.0,50.0,-450.0,-450.0
lotto649,大樂透,2024-W46,holdout,trained_blend,8,2,500.0,150.0,150.0,-350.0,-350.0
lotto649,大樂透,2024-W46,holdout,trained_family_ensemble,8,2,500.0,100.0,100.0,-400.0,-400.0
lotto649,大樂透,2024-W47,holdout,current_ensemble,8,2,500.0,50.0,50.0,-450.0,-450.0
lotto649,大樂透,2024-W47,holdout,random_5,8,2,500.0,1198.25,1198.25,698.25,698.25
lotto649,大樂透,2024-W47,holdout,trained_best_5,8,2,500.0,100.0,100.0,-400.0,-400.0
lotto649,大樂透,2024-W47,holdout,trained_blend,8,2,500.0,1598.25,1598.25,1098.25,1098.25
lotto649,大樂透,2024-W47,holdout,trained_family_ensemble,8,2,500.0,450.0,450.0,-50.0,-50.0
lotto649,大樂透,2024-W48,holdout,current_ensemble,8,2,500.0,200.0,200.0,-300.0,-300.0
lotto649,大樂透,2024-W48,holdout,random_5,8,2,500.0,150.0,150.0,-350.0,-350.0
lotto649,大樂透,2024-W48,holdout,trained_best_5,8,2,500.0,100.0,100.0,-400.0,-400.0
lotto649,大樂透,2024-W48,holdout,trained_blend,8,2,500.0,50.0,50.0,-450.0,-450.0
lotto649,大樂透,2024-W48,holdout,trained_family_ensemble,8,2,500.0,200.0,200.0,-300.0,-300.0
lotto649,大樂透,2024-W49,holdout,current_ensemble,8,2,500.0,150.0,150.0,-350.0,-350.0
lotto649,大樂透,2024-W49,holdout,random_5,8,2,500.0,250.0,250.0,-250.0,-250.0
lotto649,大樂透,2024-W49,holdout,trained_best_5,8,2,500.0,3092.0,3092.0,2592.0,2592.0
lotto649,大樂透,2024-W49,holdout,trained_blend,8,2,500.0,350.0,350.0,-150.0,-150.0
lotto649,大樂透,2024-W49,holdout,trained_family_ensemble,8,2,500.0,150.0,150.0,-350.0,-350.0
lotto649,大樂透,2024-W50,holdout,current_ensemble,8,2,500.0,175.0,175.0,-325.0,-325.0
lotto649,大樂透,2024-W50,holdout,random_5,8,2,500.0,50.0,50.0,-450.0,-450.0
lotto649,大樂透,2024-W50,holdout,trained_best_5,8,2,500.0,100.0,100.0,-400.0,-400.0
lotto649,大樂透,2024-W50,holdout,trained_blend,8,2,500.0,50.0,50.0,-450.0,-450.0
lotto649,大樂透,2024-W50,holdout,trained_family_ensemble,8,2,500.0,100.0,100.0,-400.0,-400.0
lotto649,大樂透,2024-W51,holdout,current_ensemble,8,2,500.0,100.0,100.0,-400.0,-400.0
lotto649,大樂透,2024-W51,holdout,random_5,8,2,500.0,50.0,50.0,-450.0,-450.0
lotto649,大樂透,2024-W51,holdout,trained_best_5,8,2,500.0,150.0,150.0,-350.0,-350.0
lotto649,大樂透,2024-W51,holdout,trained_blend,8,2,500.0,100.0,100.0,-400.0,-400.0
lotto649,大樂透,2024-W51,holdout,trained_family_ensemble,8,2,500.0,150.0,150.0,-350.0,-350.0
lotto649,大樂透,2024-W52,holdout,current_ensemble,8,2,500.0,50.0,50.0,-450.0,-450.0
lotto649,大樂透,2024-W52,holdout,random_5,8,2,500.0,225.0,225.0,-275.0,-275.0
lotto649,大樂透,2024-W52,holdout,trained_best_5,8,2,500.0,100.0,100.0,-400.0,-400.0
lotto649,大樂透,2024-W52,holdout,trained_blend,8,2,500.0,50.0,50.0,-450.0,-450.0
lotto649,大樂透,2024-W52,holdout,trained_family_ensemble,8,2,500.0,0.0,0.0,-500.0,-500.0
lotto649,大樂透,2025-W01,holdout,current_ensemble,8,2,500.0,100.0,100.0,-400.0,-400.0
lotto649,大樂透,2025-W01,holdout,random_5,8,2,500.0,100.0,100.0,-400.0,-400.0
lotto649,大樂透,2025-W01,holdout,trained_best_5,8,2,500.0,200.0,200.0,-300.0,-300.0
lotto649,大樂透,2025-W01,holdout,trained_blend,8,2,500.0,50.0,50.0,-450.0,-450.0
lotto649,大樂透,2025-W01,holdout,trained_family_ensemble,8,2,500.0,0.0,0.0,-500.0,-500.0
lotto649,大樂透,2025-W02,holdout,current_ensemble,8,2,500.0,250.0,250.0,-250.0,-250.0
lotto649,大樂透,2025-W02,holdout,random_5,8,2,500.0,250.0,250.0,-250.0,-250.0
lotto649,大樂透,2025-W02,holdout,trained_best_5,8,2,500.0,100.0,100.0,-400.0,-400.0
lotto649,大樂透,2025-W02,holdout,trained_blend,8,2,500.0,150.0,150.0,-350.0,-350.0
lotto649,大樂透,2025-W02,holdout,trained_family_ensemble,8,2,500.0,150.0,150.0,-350.0,-350.0
lotto649,大樂透,2025-W03,holdout,current_ensemble,8,2,500.0,300.0,300.0,-200.0,-200.0
lotto649,大樂透,2025-W03,holdout,random_5,8,2,500.0,250.0,250.0,-250.0,-250.0
lotto649,大樂透,2025-W03,holdout,trained_best_5,8,2,500.0,350.0,350.0,-150.0,-150.0
lotto649,大樂透,2025-W03,holdout,trained_blend,8,2,500.0,150.0,150.0,-350.0,-350.0
lotto649,大樂透,2025-W03,holdout,trained_family_ensemble,8,2,500.0,375.0,375.0,-125.0,-125.0
lotto649,大樂透,2025-W04,holdout,current_ensemble,8,4,1000.0,275.0,275.0,-725.0,-725.0
lotto649,大樂透,2025-W04,holdout,random_5,8,4,1000.0,0.0,0.0,-1000.0,-1000.0
lotto649,大樂透,2025-W04,holdout,trained_best_5,8,4,1000.0,550.0,550.0,-450.0,-450.0
lotto649,大樂透,2025-W04,holdout,trained_blend,8,4,1000.0,200.0,200.0,-800.0,-800.0
lotto649,大樂透,2025-W04,holdout,trained_family_ensemble,8,4,1000.0,150.0,150.0,-850.0,-850.0
lotto649,大樂透,2025-W05,holdout,current_ensemble,8,7,1750.0,400.0,400.0,-1350.0,-1350.0
lotto649,大樂透,2025-W05,holdout,random_5,8,7,1750.0,200.0,200.0,-1550.0,-1550.0
lotto649,大樂透,2025-W05,holdout,trained_best_5,8,7,1750.0,400.0,400.0,-1350.0,-1350.0
lotto649,大樂透,2025-W05,holdout,trained_blend,8,7,1750.0,150.0,150.0,-1600.0,-1600.0
lotto649,大樂透,2025-W05,holdout,trained_family_ensemble,8,7,1750.0,450.0,450.0,-1300.0,-1300.0
lotto649,大樂透,2025-W06,holdout,current_ensemble,8,7,1750.0,300.0,300.0,-1450.0,-1450.0
lotto649,大樂透,2025-W06,holdout,random_5,8,7,1750.0,300.0,300.0,-1450.0,-1450.0
lotto649,大樂透,2025-W06,holdout,trained_best_5,8,7,1750.0,850.0,850.0,-900.0,-900.0
lotto649,大樂透,2025-W06,holdout,trained_blend,8,7,1750.0,250.0,250.0,-1500.0,-1500.0
lotto649,大樂透,2025-W06,holdout,trained_family_ensemble,8,7,1750.0,250.0,250.0,-1500.0,-1500.0
lotto649,大樂透,2025-W07,holdout,current_ensemble,8,4,1000.0,775.0,775.0,-225.0,-225.0
lotto649,大樂透,2025-W07,holdout,random_5,8,4,1000.0,250.0,250.0,-750.0,-750.0
lotto649,大樂透,2025-W07,holdout,trained_best_5,8,4,1000.0,400.0,400.0,-600.0,-600.0
lotto649,大樂透,2025-W07,holdout,trained_blend,8,4,1000.0,675.0,675.0,-325.0,-325.0
lotto649,大樂透,2025-W07,holdout,trained_family_ensemble,8,4,1000.0,775.0,775.0,-225.0,-225.0
lotto649,大樂透,2025-W08,holdout,current_ensemble,8,2,500.0,150.0,150.0,-350.0,-350.0
lotto649,大樂透,2025-W08,holdout,random_5,8,2,500.0,100.0,100.0,-400.0,-400.0
lotto649,大樂透,2025-W08,holdout,trained_best_5,8,2,500.0,0.0,0.0,-500.0,-500.0
lotto649,大樂透,2025-W08,holdout,trained_blend,8,2,500.0,0.0,0.0,-500.0,-500.0
lotto649,大樂透,2025-W08,holdout,trained_family_ensemble,8,2,500.0,50.0,50.0,-450.0,-450.0
lotto649,大樂透,2025-W09,holdout,current_ensemble,8,2,500.0,100.0,100.0,-400.0,-400.0
lotto649,大樂透,2025-W09,holdout,random_5,8,2,500.0,150.0,150.0,-350.0,-350.0
lotto649,大樂透,2025-W09,holdout,trained_best_5,8,2,500.0,450.0,450.0,-50.0,-50.0
lotto649,大樂透,2025-W09,holdout,trained_blend,8,2,500.0,0.0,0.0,-500.0,-500.0
lotto649,大樂透,2025-W09,holdout,trained_family_ensemble,8,2,500.0,200.0,200.0,-300.0,-300.0
lotto649,大樂透,2025-W10,holdout,current_ensemble,8,2,500.0,50.0,50.0,-450.0,-450.0
lotto649,大樂透,2025-W10,holdout,random_5,8,2,500.0,350.0,350.0,-150.0,-150.0
lotto649,大樂透,2025-W10,holdout,trained_best_5,8,2,500.0,300.0,300.0,-200.0,-200.0
lotto649,大樂透,2025-W10,holdout,trained_blend,8,2,500.0,50.0,50.0,-450.0,-450.0
lotto649,大樂透,2025-W10,holdout,trained_family_ensemble,8,2,500.0,100.0,100.0,-400.0,-400.0
lotto649,大樂透,2025-W11,holdout,current_ensemble,8,2,500.0,50.0,50.0,-450.0,-450.0
lotto649,大樂透,2025-W11,holdout,random_5,8,2,500.0,100.0,100.0,-400.0,-400.0
lotto649,大樂透,2025-W11,holdout,trained_best_5,8,2,500.0,50.0,50.0,-450.0,-450.0
lotto649,大樂透,2025-W11,holdout,trained_blend,8,2,500.0,100.0,100.0,-400.0,-400.0
lotto649,大樂透,2025-W11,holdout,trained_family_ensemble,8,2,500.0,50.0,50.0,-450.0,-450.0
lotto649,大樂透,2025-W12,holdout,current_ensemble,8,2,500.0,100.0,100.0,-400.0,-400.0
lotto649,大樂透,2025-W12,holdout,random_5,8,2,500.0,100.0,100.0,-400.0,-400.0
lotto649,大樂透,2025-W12,holdout,trained_best_5,8,2,500.0,50.0,50.0,-450.0,-450.0
lotto649,大樂透,2025-W12,holdout,trained_blend,8,2,500.0,0.0,0.0,-500.0,-500.0
lotto649,大樂透,2025-W12,holdout,trained_family_ensemble,8,2,500.0,100.0,100.0,-400.0,-400.0
lotto649,大樂透,2025-W13,holdout,current_ensemble,8,2,500.0,100.0,100.0,-400.0,-400.0
lotto649,大樂透,2025-W13,holdout,random_5,8,2,500.0,0.0,0.0,-500.0,-500.0
lotto649,大樂透,2025-W13,holdout,trained_best_5,8,2,500.0,0.0,0.0,-500.0,-500.0
lotto649,大樂透,2025-W13,holdout,trained_blend,8,2,500.0,50.0,50.0,-450.0,-450.0
lotto649,大樂透,2025-W13,holdout,trained_family_ensemble,8,2,500.0,100.0,100.0,-400.0,-400.0
lotto649,大樂透,2025-W14,holdout,current_ensemble,8,2,500.0,50.0,50.0,-450.0,-450.0
lotto649,大樂透,2025-W14,holdout,random_5,8,2,500.0,500.0,500.0,0.0,0.0
lotto649,大樂透,2025-W14,holdout,trained_best_5,8,2,500.0,50.0,50.0,-450.0,-450.0
lotto649,大樂透,2025-W14,holdout,trained_blend,8,2,500.0,300.0,300.0,-200.0,-200.0
lotto649,大樂透,2025-W14,holdout,trained_family_ensemble,8,2,500.0,0.0,0.0,-500.0,-500.0
lotto649,大樂透,2025-W15,holdout,current_ensemble,8,2,500.0,250.0,250.0,-250.0,-250.0
lotto649,大樂透,2025-W15,holdout,random_5,8,2,500.0,200.0,200.0,-300.0,-300.0
lotto649,大樂透,2025-W15,holdout,trained_best_5,8,2,500.0,150.0,150.0,-350.0,-350.0
lotto649,大樂透,2025-W15,holdout,trained_blend,8,2,500.0,200.0,200.0,-300.0,-300.0
lotto649,大樂透,2025-W15,holdout,trained_family_ensemble,8,2,500.0,350.0,350.0,-150.0,-150.0
lotto649,大樂透,2025-W16,holdout,current_ensemble,8,2,500.0,150.0,150.0,-350.0,-350.0
lotto649,大樂透,2025-W16,holdout,random_5,8,2,500.0,250.0,250.0,-250.0,-250.0
lotto649,大樂透,2025-W16,holdout,trained_best_5,8,2,500.0,300.0,300.0,-200.0,-200.0
lotto649,大樂透,2025-W16,holdout,trained_blend,8,2,500.0,250.0,250.0,-250.0,-250.0
lotto649,大樂透,2025-W16,holdout,trained_family_ensemble,8,2,500.0,100.0,100.0,-400.0,-400.0
lotto649,大樂透,2025-W17,holdout,current_ensemble,8,2,500.0,0.0,0.0,-500.0,-500.0
lotto649,大樂透,2025-W17,holdout,random_5,8,2,500.0,50.0,50.0,-450.0,-450.0
lotto649,大樂透,2025-W17,holdout,trained_best_5,8,2,500.0,50.0,50.0,-450.0,-450.0
lotto649,大樂透,2025-W17,holdout,trained_blend,8,2,500.0,100.0,100.0,-400.0,-400.0
lotto649,大樂透,2025-W17,holdout,trained_family_ensemble,8,2,500.0,100.0,100.0,-400.0,-400.0
lotto649,大樂透,2025-W18,holdout,current_ensemble,8,2,500.0,100.0,100.0,-400.0,-400.0
lotto649,大樂透,2025-W18,holdout,random_5,8,2,500.0,50.0,50.0,-450.0,-450.0
lotto649,大樂透,2025-W18,holdout,trained_best_5,8,2,500.0,50.0,50.0,-450.0,-450.0
lotto649,大樂透,2025-W18,holdout,trained_blend,8,2,500.0,100.0,100.0,-400.0,-400.0
lotto649,大樂透,2025-W18,holdout,trained_family_ensemble,8,2,500.0,0.0,0.0,-500.0,-500.0
lotto649,大樂透,2025-W19,holdout,current_ensemble,8,2,500.0,0.0,0.0,-500.0,-500.0
lotto649,大樂透,2025-W19,holdout,random_5,8,2,500.0,100.0,100.0,-400.0,-400.0
lotto649,大樂透,2025-W19,holdout,trained_best_5,8,2,500.0,150.0,150.0,-350.0,-350.0
lotto649,大樂透,2025-W19,holdout,trained_blend,8,2,500.0,50.0,50.0,-450.0,-450.0
lotto649,大樂透,2025-W19,holdout,trained_family_ensemble,8,2,500.0,100.0,100.0,-400.0,-400.0
lotto649,大樂透,2025-W20,holdout,current_ensemble,8,2,500.0,200.0,200.0,-300.0,-300.0
lotto649,大樂透,2025-W20,holdout,random_5,8,2,500.0,250.0,250.0,-250.0,-250.0
lotto649,大樂透,2025-W20,holdout,trained_best_5,8,2,500.0,50.0,50.0,-450.0,-450.0
lotto649,大樂透,2025-W20,holdout,trained_blend,8,2,500.0,150.0,150.0,-350.0,-350.0
lotto649,大樂透,2025-W20,holdout,trained_family_ensemble,8,2,500.0,150.0,150.0,-350.0,-350.0
lotto649,大樂透,2025-W21,holdout,current_ensemble,8,2,500.0,250.0,250.0,-250.0,-250.0
lotto649,大樂透,2025-W21,holdout,random_5,8,2,500.0,150.0,150.0,-350.0,-350.0
lotto649,大樂透,2025-W21,holdout,trained_best_5,8,2,500.0,0.0,0.0,-500.0,-500.0
lotto649,大樂透,2025-W21,holdout,trained_blend,8,2,500.0,50.0,50.0,-450.0,-450.0
lotto649,大樂透,2025-W21,holdout,trained_family_ensemble,8,2,500.0,175.0,175.0,-325.0,-325.0
lotto649,大樂透,2025-W22,holdout,current_ensemble,8,2,500.0,3621.25,3621.25,3121.25,3121.25
lotto649,大樂透,2025-W22,holdout,random_5,8,2,500.0,100.0,100.0,-400.0,-400.0
lotto649,大樂透,2025-W22,holdout,trained_best_5,8,2,500.0,50.0,50.0,-450.0,-450.0
lotto649,大樂透,2025-W22,holdout,trained_blend,8,2,500.0,550.0,550.0,50.0,50.0
lotto649,大樂透,2025-W22,holdout,trained_family_ensemble,8,2,500.0,400.0,400.0,-100.0,-100.0
lotto649,大樂透,2025-W23,holdout,current_ensemble,8,2,500.0,200.0,200.0,-300.0,-300.0
lotto649,大樂透,2025-W23,holdout,random_5,8,2,500.0,200.0,200.0,-300.0,-300.0
lotto649,大樂透,2025-W23,holdout,trained_best_5,8,2,500.0,50.0,50.0,-450.0,-450.0
lotto649,大樂透,2025-W23,holdout,trained_blend,8,2,500.0,100.0,100.0,-400.0,-400.0
lotto649,大樂透,2025-W23,holdout,trained_family_ensemble,8,2,500.0,50.0,50.0,-450.0,-450.0
lotto649,大樂透,2025-W24,holdout,current_ensemble,8,2,500.0,100.0,100.0,-400.0,-400.0
lotto649,大樂透,2025-W24,holdout,random_5,8,2,500.0,250.0,250.0,-250.0,-250.0
lotto649,大樂透,2025-W24,holdout,trained_best_5,8,2,500.0,100.0,100.0,-400.0,-400.0
lotto649,大樂透,2025-W24,holdout,trained_blend,8,2,500.0,100.0,100.0,-400.0,-400.0
lotto649,大樂透,2025-W24,holdout,trained_family_ensemble,8,2,500.0,50.0,50.0,-450.0,-450.0
lotto649,大樂透,2025-W25,holdout,current_ensemble,8,2,500.0,50.0,50.0,-450.0,-450.0
lotto649,大樂透,2025-W25,holdout,random_5,8,2,500.0,50.0,50.0,-450.0,-450.0
lotto649,大樂透,2025-W25,holdout,trained_best_5,8,2,500.0,50.0,50.0,-450.0,-450.0
lotto649,大樂透,2025-W25,holdout,trained_blend,8,2,500.0,50.0,50.0,-450.0,-450.0
lotto649,大樂透,2025-W25,holdout,trained_family_ensemble,8,2,500.0,0.0,0.0,-500.0,-500.0
lotto649,大樂透,2025-W26,holdout,current_ensemble,8,2,500.0,150.0,150.0,-350.0,-350.0
lotto649,大樂透,2025-W26,holdout,random_5,8,2,500.0,300.0,300.0,-200.0,-200.0
lotto649,大樂透,2025-W26,holdout,trained_best_5,8,2,500.0,0.0,0.0,-500.0,-500.0
lotto649,大樂透,2025-W26,holdout,trained_blend,8,2,500.0,200.0,200.0,-300.0,-300.0
lotto649,大樂透,2025-W26,holdout,trained_family_ensemble,8,2,500.0,50.0,50.0,-450.0,-450.0
lotto649,大樂透,2025-W27,holdout,current_ensemble,8,2,500.0,175.0,175.0,-325.0,-325.0
lotto649,大樂透,2025-W27,holdout,random_5,8,2,500.0,300.0,300.0,-200.0,-200.0
lotto649,大樂透,2025-W27,holdout,trained_best_5,8,2,500.0,150.0,150.0,-350.0,-350.0
lotto649,大樂透,2025-W27,holdout,trained_blend,8,2,500.0,250.0,250.0,-250.0,-250.0
lotto649,大樂透,2025-W27,holdout,trained_family_ensemble,8,2,500.0,225.0,225.0,-275.0,-275.0
lotto649,大樂透,2025-W28,holdout,current_ensemble,8,2,500.0,200.0,200.0,-300.0,-300.0
lotto649,大樂透,2025-W28,holdout,random_5,8,2,500.0,250.0,250.0,-250.0,-250.0
lotto649,大樂透,2025-W28,holdout,trained_best_5,8,2,500.0,250.0,250.0,-250.0,-250.0
lotto649,大樂透,2025-W28,holdout,trained_blend,8,2,500.0,200.0,200.0,-300.0,-300.0
lotto649,大樂透,2025-W28,holdout,trained_family_ensemble,8,2,500.0,250.0,250.0,-250.0,-250.0
lotto649,大樂透,2025-W29,holdout,current_ensemble,8,2,500.0,50.0,50.0,-450.0,-450.0
lotto649,大樂透,2025-W29,holdout,random_5,8,2,500.0,150.0,150.0,-350.0,-350.0
lotto649,大樂透,2025-W29,holdout,trained_best_5,8,2,500.0,150.0,150.0,-350.0,-350.0
lotto649,大樂透,2025-W29,holdout,trained_blend,8,2,500.0,200.0,200.0,-300.0,-300.0
lotto649,大樂透,2025-W29,holdout,trained_family_ensemble,8,2,500.0,150.0,150.0,-350.0,-350.0
lotto649,大樂透,2025-W30,holdout,current_ensemble,8,2,500.0,100.0,100.0,-400.0,-400.0
lotto649,大樂透,2025-W30,holdout,random_5,8,2,500.0,100.0,100.0,-400.0,-400.0
lotto649,大樂透,2025-W30,holdout,trained_best_5,8,2,500.0,100.0,100.0,-400.0,-400.0
lotto649,大樂透,2025-W30,holdout,trained_blend,8,2,500.0,100.0,100.0,-400.0,-400.0
lotto649,大樂透,2025-W30,holdout,trained_family_ensemble,8,2,500.0,100.0,100.0,-400.0,-400.0
lotto649,大樂透,2025-W31,holdout,current_ensemble,8,2,500.0,50.0,50.0,-450.0,-450.0
lotto649,大樂透,2025-W31,holdout,random_5,8,2,500.0,300.0,300.0,-200.0,-200.0
lotto649,大樂透,2025-W31,holdout,trained_best_5,8,2,500.0,200.0,200.0,-300.0,-300.0
lotto649,大樂透,2025-W31,holdout,trained_blend,8,2,500.0,150.0,150.0,-350.0,-350.0
lotto649,大樂透,2025-W31,holdout,trained_family_ensemble,8,2,500.0,250.0,250.0,-250.0,-250.0
lotto649,大樂透,2025-W32,holdout,current_ensemble,8,2,500.0,150.0,150.0,-350.0,-350.0
lotto649,大樂透,2025-W32,holdout,random_5,8,2,500.0,50.0,50.0,-450.0,-450.0
lotto649,大樂透,2025-W32,holdout,trained_best_5,8,2,500.0,0.0,0.0,-500.0,-500.0
lotto649,大樂透,2025-W32,holdout,trained_blend,8,2,500.0,100.0,100.0,-400.0,-400.0
lotto649,大樂透,2025-W32,holdout,trained_family_ensemble,8,2,500.0,100.0,100.0,-400.0,-400.0
lotto649,大樂透,2025-W33,holdout,current_ensemble,8,2,500.0,250.0,250.0,-250.0,-250.0
lotto649,大樂透,2025-W33,holdout,random_5,8,2,500.0,100.0,100.0,-400.0,-400.0
lotto649,大樂透,2025-W33,holdout,trained_best_5,8,2,500.0,100.0,100.0,-400.0,-400.0
lotto649,大樂透,2025-W33,holdout,trained_blend,8,2,500.0,200.0,200.0,-300.0,-300.0
lotto649,大樂透,2025-W33,holdout,trained_family_ensemble,8,2,500.0,150.0,150.0,-350.0,-350.0
lotto649,大樂透,2025-W34,holdout,current_ensemble,8,2,500.0,200.0,200.0,-300.0,-300.0
lotto649,大樂透,2025-W34,holdout,random_5,8,2,500.0,100.0,100.0,-400.0,-400.0
lotto649,大樂透,2025-W34,holdout,trained_best_5,8,2,500.0,100.0,100.0,-400.0,-400.0
lotto649,大樂透,2025-W34,holdout,trained_blend,8,2,500.0,150.0,150.0,-350.0,-350.0
lotto649,大樂透,2025-W34,holdout,trained_family_ensemble,8,2,500.0,50.0,50.0,-450.0,-450.0
lotto649,大樂透,2025-W35,holdout,current_ensemble,8,2,500.0,100.0,100.0,-400.0,-400.0
lotto649,大樂透,2025-W35,holdout,random_5,8,2,500.0,50.0,50.0,-450.0,-450.0
lotto649,大樂透,2025-W35,holdout,trained_best_5,8,2,500.0,150.0,150.0,-350.0,-350.0
lotto649,大樂透,2025-W35,holdout,trained_blend,8,2,500.0,100.0,100.0,-400.0,-400.0
lotto649,大樂透,2025-W35,holdout,trained_family_ensemble,8,2,500.0,100.0,100.0,-400.0,-400.0
lotto649,大樂透,2025-W36,holdout,current_ensemble,8,2,500.0,100.0,100.0,-400.0,-400.0
lotto649,大樂透,2025-W36,holdout,random_5,8,2,500.0,100.0,100.0,-400.0,-400.0
lotto649,大樂透,2025-W36,holdout,trained_best_5,8,2,500.0,150.0,150.0,-350.0,-350.0
lotto649,大樂透,2025-W36,holdout,trained_blend,8,2,500.0,50.0,50.0,-450.0,-450.0
lotto649,大樂透,2025-W36,holdout,trained_family_ensemble,8,2,500.0,0.0,0.0,-500.0,-500.0
lotto649,大樂透,2025-W37,holdout,current_ensemble,8,2,500.0,50.0,50.0,-450.0,-450.0
lotto649,大樂透,2025-W37,holdout,random_5,8,2,500.0,0.0,0.0,-500.0,-500.0
lotto649,大樂透,2025-W37,holdout,trained_best_5,8,2,500.0,0.0,0.0,-500.0,-500.0
lotto649,大樂透,2025-W37,holdout,trained_blend,8,2,500.0,50.0,50.0,-450.0,-450.0
lotto649,大樂透,2025-W37,holdout,trained_family_ensemble,8,2,500.0,100.0,100.0,-400.0,-400.0
lotto649,大樂透,2025-W38,holdout,current_ensemble,8,2,500.0,350.0,350.0,-150.0,-150.0
lotto649,大樂透,2025-W38,holdout,random_5,8,2,500.0,650.0,650.0,150.0,150.0
lotto649,大樂透,2025-W38,holdout,trained_best_5,8,2,500.0,150.0,150.0,-350.0,-350.0
lotto649,大樂透,2025-W38,holdout,trained_blend,8,2,500.0,250.0,250.0,-250.0,-250.0
lotto649,大樂透,2025-W38,holdout,trained_family_ensemble,8,2,500.0,450.0,450.0,-50.0,-50.0
lotto649,大樂透,2025-W39,holdout,current_ensemble,8,2,500.0,200.0,200.0,-300.0,-300.0
lotto649,大樂透,2025-W39,holdout,random_5,8,2,500.0,150.0,150.0,-350.0,-350.0
lotto649,大樂透,2025-W39,holdout,trained_best_5,8,2,500.0,0.0,0.0,-500.0,-500.0
lotto649,大樂透,2025-W39,holdout,trained_blend,8,2,500.0,100.0,100.0,-400.0,-400.0
lotto649,大樂透,2025-W39,holdout,trained_family_ensemble,8,2,500.0,250.0,250.0,-250.0,-250.0
lotto649,大樂透,2025-W40,holdout,current_ensemble,8,2,500.0,100.0,100.0,-400.0,-400.0
lotto649,大樂透,2025-W40,holdout,random_5,8,2,500.0,250.0,250.0,-250.0,-250.0
lotto649,大樂透,2025-W40,holdout,trained_best_5,8,2,500.0,150.0,150.0,-350.0,-350.0
lotto649,大樂透,2025-W40,holdout,trained_blend,8,2,500.0,100.0,100.0,-400.0,-400.0
lotto649,大樂透,2025-W40,holdout,trained_family_ensemble,8,2,500.0,100.0,100.0,-400.0,-400.0
lotto649,大樂透,2025-W41,holdout,current_ensemble,8,2,500.0,50.0,50.0,-450.0,-450.0
lotto649,大樂透,2025-W41,holdout,random_5,8,2,500.0,100.0,100.0,-400.0,-400.0
lotto649,大樂透,2025-W41,holdout,trained_best_5,8,2,500.0,100.0,100.0,-400.0,-400.0
lotto649,大樂透,2025-W41,holdout,trained_blend,8,2,500.0,0.0,0.0,-500.0,-500.0
lotto649,大樂透,2025-W41,holdout,trained_family_ensemble,8,2,500.0,0.0,0.0,-500.0,-500.0
lotto649,大樂透,2025-W42,holdout,current_ensemble,8,2,500.0,0.0,0.0,-500.0,-500.0
lotto649,大樂透,2025-W42,holdout,random_5,8,2,500.0,175.0,175.0,-325.0,-325.0
lotto649,大樂透,2025-W42,holdout,trained_best_5,8,2,500.0,200.0,200.0,-300.0,-300.0
lotto649,大樂透,2025-W42,holdout,trained_blend,8,2,500.0,100.0,100.0,-400.0,-400.0
lotto649,大樂透,2025-W42,holdout,trained_family_ensemble,8,2,500.0,0.0,0.0,-500.0,-500.0
lotto649,大樂透,2025-W43,holdout,current_ensemble,8,2,500.0,150.0,150.0,-350.0,-350.0
lotto649,大樂透,2025-W43,holdout,random_5,8,2,500.0,300.0,300.0,-200.0,-200.0
lotto649,大樂透,2025-W43,holdout,trained_best_5,8,2,500.0,100.0,100.0,-400.0,-400.0
lotto649,大樂透,2025-W43,holdout,trained_blend,8,2,500.0,150.0,150.0,-350.0,-350.0
lotto649,大樂透,2025-W43,holdout,trained_family_ensemble,8,2,500.0,250.0,250.0,-250.0,-250.0
lotto649,大樂透,2025-W44,holdout,current_ensemble,8,2,500.0,150.0,150.0,-350.0,-350.0
lotto649,大樂透,2025-W44,holdout,random_5,8,2,500.0,225.0,225.0,-275.0,-275.0
lotto649,大樂透,2025-W44,holdout,trained_best_5,8,2,500.0,100.0,100.0,-400.0,-400.0
lotto649,大樂透,2025-W44,holdout,trained_blend,8,2,500.0,100.0,100.0,-400.0,-400.0
lotto649,大樂透,2025-W44,holdout,trained_family_ensemble,8,2,500.0,50.0,50.0,-450.0,-450.0
lotto649,大樂透,2025-W45,holdout,current_ensemble,8,2,500.0,150.0,150.0,-350.0,-350.0
lotto649,大樂透,2025-W45,holdout,random_5,8,2,500.0,200.0,200.0,-300.0,-300.0
lotto649,大樂透,2025-W45,holdout,trained_best_5,8,2,500.0,6156.375,6156.375,5656.375,5656.375
lotto649,大樂透,2025-W45,holdout,trained_blend,8,2,500.0,200.0,200.0,-300.0,-300.0
lotto649,大樂透,2025-W45,holdout,trained_family_ensemble,8,2,500.0,450.0,450.0,-50.0,-50.0
lotto649,大樂透,2025-W46,holdout,current_ensemble,8,2,500.0,100.0,100.0,-400.0,-400.0
lotto649,大樂透,2025-W46,holdout,random_5,8,2,500.0,100.0,100.0,-400.0,-400.0
lotto649,大樂透,2025-W46,holdout,trained_best_5,8,2,500.0,150.0,150.0,-350.0,-350.0
lotto649,大樂透,2025-W46,holdout,trained_blend,8,2,500.0,100.0,100.0,-400.0,-400.0
lotto649,大樂透,2025-W46,holdout,trained_family_ensemble,8,2,500.0,50.0,50.0,-450.0,-450.0
lotto649,大樂透,2025-W47,holdout,current_ensemble,8,2,500.0,250.0,250.0,-250.0,-250.0
lotto649,大樂透,2025-W47,holdout,random_5,8,2,500.0,300.0,300.0,-200.0,-200.0
lotto649,大樂透,2025-W47,holdout,trained_best_5,8,2,500.0,300.0,300.0,-200.0,-200.0
lotto649,大樂透,2025-W47,holdout,trained_blend,8,2,500.0,600.0,600.0,100.0,100.0
lotto649,大樂透,2025-W47,holdout,trained_family_ensemble,8,2,500.0,200.0,200.0,-300.0,-300.0
lotto649,大樂透,2025-W48,holdout,current_ensemble,8,2,500.0,300.0,300.0,-200.0,-200.0
lotto649,大樂透,2025-W48,holdout,random_5,8,2,500.0,150.0,150.0,-350.0,-350.0
lotto649,大樂透,2025-W48,holdout,trained_best_5,8,2,500.0,100.0,100.0,-400.0,-400.0
lotto649,大樂透,2025-W48,holdout,trained_blend,8,2,500.0,150.0,150.0,-350.0,-350.0
lotto649,大樂透,2025-W48,holdout,trained_family_ensemble,8,2,500.0,150.0,150.0,-350.0,-350.0
lotto649,大樂透,2025-W49,holdout,current_ensemble,8,2,500.0,100.0,100.0,-400.0,-400.0
lotto649,大樂透,2025-W49,holdout,random_5,8,2,500.0,250.0,250.0,-250.0,-250.0
lotto649,大樂透,2025-W49,holdout,trained_best_5,8,2,500.0,1083.125,1083.125,583.125,583.125
lotto649,大樂透,2025-W49,holdout,trained_blend,8,2,500.0,100.0,100.0,-400.0,-400.0
lotto649,大樂透,2025-W49,holdout,trained_family_ensemble,8,2,500.0,300.0,300.0,-200.0,-200.0
lotto649,大樂透,2025-W50,holdout,current_ensemble,8,2,500.0,275.0,275.0,-225.0,-225.0
lotto649,大樂透,2025-W50,holdout,random_5,8,2,500.0,50.0,50.0,-450.0,-450.0
lotto649,大樂透,2025-W50,holdout,trained_best_5,8,2,500.0,150.0,150.0,-350.0,-350.0
lotto649,大樂透,2025-W50,holdout,trained_blend,8,2,500.0,50.0,50.0,-450.0,-450.0
lotto649,大樂透,2025-W50,holdout,trained_family_ensemble,8,2,500.0,50.0,50.0,-450.0,-450.0
lotto649,大樂透,2025-W51,holdout,current_ensemble,8,2,500.0,200.0,200.0,-300.0,-300.0
lotto649,大樂透,2025-W51,holdout,random_5,8,2,500.0,150.0,150.0,-350.0,-350.0
lotto649,大樂透,2025-W51,holdout,trained_best_5,8,2,500.0,150.0,150.0,-350.0,-350.0
lotto649,大樂透,2025-W51,holdout,trained_blend,8,2,500.0,200.0,200.0,-300.0,-300.0
lotto649,大樂透,2025-W51,holdout,trained_family_ensemble,8,2,500.0,100.0,100.0,-400.0,-400.0
lotto649,大樂透,2025-W52,holdout,current_ensemble,8,2,500.0,50.0,50.0,-450.0,-450.0
lotto649,大樂透,2025-W52,holdout,random_5,8,2,500.0,300.0,300.0,-200.0,-200.0
lotto649,大樂透,2025-W52,holdout,trained_best_5,8,2,500.0,125.0,125.0,-375.0,-375.0
lotto649,大樂透,2025-W52,holdout,trained_blend,8,2,500.0,225.0,225.0,-275.0,-275.0
lotto649,大樂透,2025-W52,holdout,trained_family_ensemble,8,2,500.0,50.0,50.0,-450.0,-450.0
lotto649,大樂透,2026-W01,holdout,current_ensemble,8,2,500.0,100.0,100.0,-400.0,-400.0
lotto649,大樂透,2026-W01,holdout,random_5,8,2,500.0,100.0,100.0,-400.0,-400.0
lotto649,大樂透,2026-W01,holdout,trained_best_5,8,2,500.0,50.0,50.0,-450.0,-450.0
lotto649,大樂透,2026-W01,holdout,trained_blend,8,2,500.0,0.0,0.0,-500.0,-500.0
lotto649,大樂透,2026-W01,holdout,trained_family_ensemble,8,2,500.0,50.0,50.0,-450.0,-450.0
lotto649,大樂透,2026-W02,holdout,current_ensemble,8,2,500.0,100.0,100.0,-400.0,-400.0
lotto649,大樂透,2026-W02,holdout,random_5,8,2,500.0,50.0,50.0,-450.0,-450.0
lotto649,大樂透,2026-W02,holdout,trained_best_5,8,2,500.0,150.0,150.0,-350.0,-350.0
lotto649,大樂透,2026-W02,holdout,trained_blend,8,2,500.0,200.0,200.0,-300.0,-300.0
lotto649,大樂透,2026-W02,holdout,trained_family_ensemble,8,2,500.0,100.0,100.0,-400.0,-400.0
lotto649,大樂透,2026-W03,holdout,current_ensemble,8,2,500.0,150.0,150.0,-350.0,-350.0
lotto649,大樂透,2026-W03,holdout,random_5,8,2,500.0,150.0,150.0,-350.0,-350.0
lotto649,大樂透,2026-W03,holdout,trained_best_5,8,2,500.0,175.0,175.0,-325.0,-325.0
lotto649,大樂透,2026-W03,holdout,trained_blend,8,2,500.0,675.0,675.0,175.0,175.0
lotto649,大樂透,2026-W03,holdout,trained_family_ensemble,8,2,500.0,400.0,400.0,-100.0,-100.0
lotto649,大樂透,2026-W04,holdout,current_ensemble,8,2,500.0,100.0,100.0,-400.0,-400.0
lotto649,大樂透,2026-W04,holdout,random_5,8,2,500.0,250.0,250.0,-250.0,-250.0
lotto649,大樂透,2026-W04,holdout,trained_best_5,8,2,500.0,100.0,100.0,-400.0,-400.0
lotto649,大樂透,2026-W04,holdout,trained_blend,8,2,500.0,100.0,100.0,-400.0,-400.0
lotto649,大樂透,2026-W04,holdout,trained_family_ensemble,8,2,500.0,50.0,50.0,-450.0,-450.0
lotto649,大樂透,2026-W05,holdout,current_ensemble,8,2,500.0,50.0,50.0,-450.0,-450.0
lotto649,大樂透,2026-W05,holdout,random_5,8,2,500.0,100.0,100.0,-400.0,-400.0
lotto649,大樂透,2026-W05,holdout,trained_best_5,8,2,500.0,100.0,100.0,-400.0,-400.0
lotto649,大樂透,2026-W05,holdout,trained_blend,8,2,500.0,50.0,50.0,-450.0,-450.0
lotto649,大樂透,2026-W05,holdout,trained_family_ensemble,8,2,500.0,150.0,150.0,-350.0,-350.0
lotto649,大樂透,2026-W06,holdout,current_ensemble,8,2,500.0,350.0,350.0,-150.0,-150.0
lotto649,大樂透,2026-W06,holdout,random_5,8,2,500.0,100.0,100.0,-400.0,-400.0
lotto649,大樂透,2026-W06,holdout,trained_best_5,8,2,500.0,400.0,400.0,-100.0,-100.0
lotto649,大樂透,2026-W06,holdout,trained_blend,8,2,500.0,0.0,0.0,-500.0,-500.0
lotto649,大樂透,2026-W06,holdout,trained_family_ensemble,8,2,500.0,100.0,100.0,-400.0,-400.0
lotto649,大樂透,2026-W07,holdout,current_ensemble,8,5,1250.0,425.0,425.0,-825.0,-825.0
lotto649,大樂透,2026-W07,holdout,random_5,8,5,1250.0,575.0,575.0,-675.0,-675.0
lotto649,大樂透,2026-W07,holdout,trained_best_5,8,5,1250.0,525.0,525.0,-725.0,-725.0
lotto649,大樂透,2026-W07,holdout,trained_blend,8,5,1250.0,800.0,800.0,-450.0,-450.0
lotto649,大樂透,2026-W07,holdout,trained_family_ensemble,8,5,1250.0,500.0,500.0,-750.0,-750.0
lotto649,大樂透,2026-W08,holdout,current_ensemble,8,7,1750.0,400.0,400.0,-1350.0,-1350.0
lotto649,大樂透,2026-W08,holdout,random_5,8,7,1750.0,375.0,375.0,-1375.0,-1375.0
lotto649,大樂透,2026-W08,holdout,trained_best_5,8,7,1750.0,300.0,300.0,-1450.0,-1450.0
lotto649,大樂透,2026-W08,holdout,trained_blend,8,7,1750.0,575.0,575.0,-1175.0,-1175.0
lotto649,大樂透,2026-W08,holdout,trained_family_ensemble,8,7,1750.0,350.0,350.0,-1400.0,-1400.0
lotto649,大樂透,2026-W09,holdout,current_ensemble,8,7,1750.0,400.0,400.0,-1350.0,-1350.0
lotto649,大樂透,2026-W09,holdout,random_5,8,7,1750.0,2714.25,2714.25,964.25,964.25
lotto649,大樂透,2026-W09,holdout,trained_best_5,8,7,1750.0,400.0,400.0,-1350.0,-1350.0
lotto649,大樂透,2026-W09,holdout,trained_blend,8,7,1750.0,3014.25,3014.25,1264.25,1264.25
lotto649,大樂透,2026-W09,holdout,trained_family_ensemble,8,7,1750.0,500.0,500.0,-1250.0,-1250.0
lotto649,大樂透,2026-W10,holdout,current_ensemble,8,3,750.0,100.0,100.0,-650.0,-650.0
lotto649,大樂透,2026-W10,holdout,random_5,8,3,750.0,50.0,50.0,-700.0,-700.0
lotto649,大樂透,2026-W10,holdout,trained_best_5,8,3,750.0,325.0,325.0,-425.0,-425.0
lotto649,大樂透,2026-W10,holdout,trained_blend,8,3,750.0,250.0,250.0,-500.0,-500.0
lotto649,大樂透,2026-W10,holdout,trained_family_ensemble,8,3,750.0,150.0,150.0,-600.0,-600.0
lotto649,大樂透,2026-W11,holdout,current_ensemble,8,2,500.0,100.0,100.0,-400.0,-400.0
lotto649,大樂透,2026-W11,holdout,random_5,8,2,500.0,250.0,250.0,-250.0,-250.0
lotto649,大樂透,2026-W11,holdout,trained_best_5,8,2,500.0,0.0,0.0,-500.0,-500.0
lotto649,大樂透,2026-W11,holdout,trained_blend,8,2,500.0,250.0,250.0,-250.0,-250.0
lotto649,大樂透,2026-W11,holdout,trained_family_ensemble,8,2,500.0,100.0,100.0,-400.0,-400.0
lotto649,大樂透,2026-W12,holdout,current_ensemble,8,2,500.0,125.0,125.0,-375.0,-375.0
lotto649,大樂透,2026-W12,holdout,random_5,8,2,500.0,0.0,0.0,-500.0,-500.0
lotto649,大樂透,2026-W12,holdout,trained_best_5,8,2,500.0,250.0,250.0,-250.0,-250.0
lotto649,大樂透,2026-W12,holdout,trained_blend,8,2,500.0,300.0,300.0,-200.0,-200.0
lotto649,大樂透,2026-W12,holdout,trained_family_ensemble,8,2,500.0,100.0,100.0,-400.0,-400.0
lotto649,大樂透,2026-W13,holdout,current_ensemble,8,2,500.0,50.0,50.0,-450.0,-450.0
lotto649,大樂透,2026-W13,holdout,random_5,8,2,500.0,150.0,150.0,-350.0,-350.0
lotto649,大樂透,2026-W13,holdout,trained_best_5,8,2,500.0,100.0,100.0,-400.0,-400.0
lotto649,大樂透,2026-W13,holdout,trained_blend,8,2,500.0,50.0,50.0,-450.0,-450.0
lotto649,大樂透,2026-W13,holdout,trained_family_ensemble,8,2,500.0,50.0,50.0,-450.0,-450.0
lotto649,大樂透,2026-W14,holdout,current_ensemble,8,2,500.0,150.0,150.0,-350.0,-350.0
lotto649,大樂透,2026-W14,holdout,random_5,8,2,500.0,250.0,250.0,-250.0,-250.0
lotto649,大樂透,2026-W14,holdout,trained_best_5,8,2,500.0,150.0,150.0,-350.0,-350.0
lotto649,大樂透,2026-W14,holdout,trained_blend,8,2,500.0,200.0,200.0,-300.0,-300.0
lotto649,大樂透,2026-W14,holdout,trained_family_ensemble,8,2,500.0,150.0,150.0,-350.0,-350.0
lotto649,大樂透,2026-W15,holdout,current_ensemble,8,2,500.0,50.0,50.0,-450.0,-450.0
lotto649,大樂透,2026-W15,holdout,random_5,8,2,500.0,50.0,50.0,-450.0,-450.0
lotto649,大樂透,2026-W15,holdout,trained_best_5,8,2,500.0,50.0,50.0,-450.0,-450.0
lotto649,大樂透,2026-W15,holdout,trained_blend,8,2,500.0,50.0,50.0,-450.0,-450.0
lotto649,大樂透,2026-W15,holdout,trained_family_ensemble,8,2,500.0,50.0,50.0,-450.0,-450.0
lotto649,大樂透,2026-W16,holdout,current_ensemble,8,2,500.0,100.0,100.0,-400.0,-400.0
lotto649,大樂透,2026-W16,holdout,random_5,8,2,500.0,150.0,150.0,-350.0,-350.0
lotto649,大樂透,2026-W16,holdout,trained_best_5,8,2,500.0,100.0,100.0,-400.0,-400.0
lotto649,大樂透,2026-W16,holdout,trained_blend,8,2,500.0,100.0,100.0,-400.0,-400.0
lotto649,大樂透,2026-W16,holdout,trained_family_ensemble,8,2,500.0,50.0,50.0,-450.0,-450.0
lotto649,大樂透,2026-W17,holdout,current_ensemble,8,2,500.0,50.0,50.0,-450.0,-450.0
lotto649,大樂透,2026-W17,holdout,random_5,8,2,500.0,100.0,100.0,-400.0,-400.0
lotto649,大樂透,2026-W17,holdout,trained_best_5,8,2,500.0,100.0,100.0,-400.0,-400.0
lotto649,大樂透,2026-W17,holdout,trained_blend,8,2,500.0,150.0,150.0,-350.0,-350.0
lotto649,大樂透,2026-W17,holdout,trained_family_ensemble,8,2,500.0,100.0,100.0,-400.0,-400.0
lotto649,大樂透,2026-W18,holdout,current_ensemble,8,2,500.0,300.0,300.0,-200.0,-200.0
lotto649,大樂透,2026-W18,holdout,random_5,8,2,500.0,200.0,200.0,-300.0,-300.0
lotto649,大樂透,2026-W18,holdout,trained_best_5,8,2,500.0,150.0,150.0,-350.0,-350.0
lotto649,大樂透,2026-W18,holdout,trained_blend,8,2,500.0,50.0,50.0,-450.0,-450.0
lotto649,大樂透,2026-W18,holdout,trained_family_ensemble,8,2,500.0,200.0,200.0,-300.0,-300.0
lotto649,大樂透,2026-W19,holdout,current_ensemble,8,2,500.0,350.0,350.0,-150.0,-150.0
lotto649,大樂透,2026-W19,holdout,random_5,8,2,500.0,50.0,50.0,-450.0,-450.0
lotto649,大樂透,2026-W19,holdout,trained_best_5,8,2,500.0,50.0,50.0,-450.0,-450.0
lotto649,大樂透,2026-W19,holdout,trained_blend,8,2,500.0,50.0,50.0,-450.0,-450.0
lotto649,大樂透,2026-W19,holdout,trained_family_ensemble,8,2,500.0,300.0,300.0,-200.0,-200.0
lotto649,大樂透,2026-W20,holdout,current_ensemble,8,2,500.0,150.0,150.0,-350.0,-350.0
lotto649,大樂透,2026-W20,holdout,random_5,8,2,500.0,350.0,350.0,-150.0,-150.0
lotto649,大樂透,2026-W20,holdout,trained_best_5,8,2,500.0,225.0,225.0,-275.0,-275.0
lotto649,大樂透,2026-W20,holdout,trained_blend,8,2,500.0,50.0,50.0,-450.0,-450.0
lotto649,大樂透,2026-W20,holdout,trained_family_ensemble,8,2,500.0,0.0,0.0,-500.0,-500.0
lotto649,大樂透,2026-W21,holdout,current_ensemble,8,2,500.0,150.0,150.0,-350.0,-350.0
lotto649,大樂透,2026-W21,holdout,random_5,8,2,500.0,100.0,100.0,-400.0,-400.0
lotto649,大樂透,2026-W21,holdout,trained_best_5,8,2,500.0,500.0,500.0,0.0,0.0
lotto649,大樂透,2026-W21,holdout,trained_blend,8,2,500.0,200.0,200.0,-300.0,-300.0
lotto649,大樂透,2026-W21,holdout,trained_family_ensemble,8,2,500.0,100.0,100.0,-400.0,-400.0
lotto649,大樂透,2026-W22,holdout,current_ensemble,8,2,500.0,200.0,200.0,-300.0,-300.0
lotto649,大樂透,2026-W22,holdout,random_5,8,2,500.0,250.0,250.0,-250.0,-250.0
lotto649,大樂透,2026-W22,holdout,trained_best_5,8,2,500.0,100.0,100.0,-400.0,-400.0
lotto649,大樂透,2026-W22,holdout,trained_blend,8,2,500.0,100.0,100.0,-400.0,-400.0
lotto649,大樂透,2026-W22,holdout,trained_family_ensemble,8,2,500.0,100.0,100.0,-400.0,-400.0
lotto649,大樂透,2026-W23,holdout,current_ensemble,8,2,500.0,175.0,175.0,-325.0,-325.0
lotto649,大樂透,2026-W23,holdout,random_5,8,2,500.0,200.0,200.0,-300.0,-300.0
lotto649,大樂透,2026-W23,holdout,trained_best_5,8,2,500.0,200.0,200.0,-300.0,-300.0
lotto649,大樂透,2026-W23,holdout,trained_blend,8,2,500.0,200.0,200.0,-300.0,-300.0
lotto649,大樂透,2026-W23,holdout,trained_family_ensemble,8,2,500.0,50.0,50.0,-450.0,-450.0
lotto649,大樂透,2026-W24,holdout,current_ensemble,8,2,500.0,100.0,100.0,-400.0,-400.0
lotto649,大樂透,2026-W24,holdout,random_5,8,2,500.0,100.0,100.0,-400.0,-400.0
lotto649,大樂透,2026-W24,holdout,trained_best_5,8,2,500.0,350.0,350.0,-150.0,-150.0
lotto649,大樂透,2026-W24,holdout,trained_blend,8,2,500.0,100.0,100.0,-400.0,-400.0
lotto649,大樂透,2026-W24,holdout,trained_family_ensemble,8,2,500.0,100.0,100.0,-400.0,-400.0
lotto649,大樂透,2026-W25,holdout,current_ensemble,8,2,500.0,200.0,200.0,-300.0,-300.0
lotto649,大樂透,2026-W25,holdout,random_5,8,2,500.0,3427.0,3427.0,2927.0,2927.0
lotto649,大樂透,2026-W25,holdout,trained_best_5,8,2,500.0,100.0,100.0,-400.0,-400.0
lotto649,大樂透,2026-W25,holdout,trained_blend,8,2,500.0,50.0,50.0,-450.0,-450.0
lotto649,大樂透,2026-W25,holdout,trained_family_ensemble,8,2,500.0,0.0,0.0,-500.0,-500.0
lotto649,大樂透,2026-W26,holdout,current_ensemble,8,2,500.0,200.0,200.0,-300.0,-300.0
lotto649,大樂透,2026-W26,holdout,random_5,8,2,500.0,200.0,200.0,-300.0,-300.0
lotto649,大樂透,2026-W26,holdout,trained_best_5,8,2,500.0,225.0,225.0,-275.0,-275.0
lotto649,大樂透,2026-W26,holdout,trained_blend,8,2,500.0,300.0,300.0,-200.0,-200.0
lotto649,大樂透,2026-W26,holdout,trained_family_ensemble,8,2,500.0,350.0,350.0,-150.0,-150.0
lotto649,大樂透,2026-W27,holdout,current_ensemble,8,2,500.0,225.0,225.0,-275.0,-275.0
lotto649,大樂透,2026-W27,holdout,random_5,8,2,500.0,0.0,0.0,-500.0,-500.0
lotto649,大樂透,2026-W27,holdout,trained_best_5,8,2,500.0,250.0,250.0,-250.0,-250.0
lotto649,大樂透,2026-W27,holdout,trained_blend,8,2,500.0,0.0,0.0,-500.0,-500.0
lotto649,大樂透,2026-W27,holdout,trained_family_ensemble,8,2,500.0,50.0,50.0,-450.0,-450.0
lotto649,大樂透,2026-W28,holdout,current_ensemble,8,2,500.0,150.0,150.0,-350.0,-350.0
lotto649,大樂透,2026-W28,holdout,random_5,8,2,500.0,50.0,50.0,-450.0,-450.0
lotto649,大樂透,2026-W28,holdout,trained_best_5,8,2,500.0,50.0,50.0,-450.0,-450.0
lotto649,大樂透,2026-W28,holdout,trained_blend,8,2,500.0,100.0,100.0,-400.0,-400.0
lotto649,大樂透,2026-W28,holdout,trained_family_ensemble,8,2,500.0,100.0,100.0,-400.0,-400.0
lotto649,大樂透,2026-W29,holdout,current_ensemble,8,2,500.0,350.0,350.0,-150.0,-150.0
lotto649,大樂透,2026-W29,holdout,random_5,8,2,500.0,200.0,200.0,-300.0,-300.0
lotto649,大樂透,2026-W29,holdout,trained_best_5,8,2,500.0,100.0,100.0,-400.0,-400.0
lotto649,大樂透,2026-W29,holdout,trained_blend,8,2,500.0,100.0,100.0,-400.0,-400.0
lotto649,大樂透,2026-W29,holdout,trained_family_ensemble,8,2,500.0,150.0,150.0,-350.0,-350.0
super,威力彩,2008-W04,train,current_ensemble,8,1,500.0,204.375,204.375,-295.625,-295.625
super,威力彩,2008-W04,train,random_5,8,1,500.0,87.5,87.5,-412.5,-412.5
super,威力彩,2008-W04,train,trained_best_5,8,1,500.0,129.375,129.375,-370.625,-370.625
super,威力彩,2008-W04,train,trained_blend,8,1,500.0,179.375,179.375,-320.625,-320.625
super,威力彩,2008-W04,train,trained_family_ensemble,8,1,500.0,241.875,241.875,-258.125,-258.125
super,威力彩,2008-W05,train,current_ensemble,8,2,1000.0,137.5,137.5,-862.5,-862.5
super,威力彩,2008-W05,train,random_5,8,2,1000.0,226.75,226.75,-773.25,-773.25
super,威力彩,2008-W05,train,trained_best_5,8,2,1000.0,2890.75,2890.75,1890.75,1890.75
super,威力彩,2008-W05,train,trained_blend,8,2,1000.0,176.75,176.75,-823.25,-823.25
super,威力彩,2008-W05,train,trained_family_ensemble,8,2,1000.0,175.0,175.0,-825.0,-825.0
super,威力彩,2008-W06,train,current_ensemble,8,2,1000.0,125.0,125.0,-875.0,-875.0
super,威力彩,2008-W06,train,random_5,8,2,1000.0,251.875,251.875,-748.125,-748.125
super,威力彩,2008-W06,train,trained_best_5,8,2,1000.0,100.0,100.0,-900.0,-900.0
super,威力彩,2008-W06,train,trained_blend,8,2,1000.0,62.5,62.5,-937.5,-937.5
super,威力彩,2008-W06,train,trained_family_ensemble,8,2,1000.0,137.5,137.5,-862.5,-862.5
super,威力彩,2008-W07,train,current_ensemble,8,2,1000.0,274.375,274.375,-725.625,-725.625
super,威力彩,2008-W07,train,random_5,8,2,1000.0,123.125,123.125,-876.875,-876.875
super,威力彩,2008-W07,train,trained_best_5,8,2,1000.0,199.375,199.375,-800.625,-800.625
super,威力彩,2008-W07,train,trained_blend,8,2,1000.0,235.625,235.625,-764.375,-764.375
super,威力彩,2008-W07,train,trained_family_ensemble,8,2,1000.0,249.375,249.375,-750.625,-750.625
super,威力彩,2008-W08,train,current_ensemble,8,2,1000.0,112.625,112.625,-887.375,-887.375
super,威力彩,2008-W08,train,random_5,8,2,1000.0,75.0,75.0,-925.0,-925.0
super,威力彩,2008-W08,train,trained_best_5,8,2,1000.0,75.0,75.0,-925.0,-925.0
super,威力彩,2008-W08,train,trained_blend,8,2,1000.0,125.125,125.125,-874.875,-874.875
super,威力彩,2008-W08,train,trained_family_ensemble,8,2,1000.0,87.625,87.625,-912.375,-912.375
super,威力彩,2008-W09,train,current_ensemble,8,2,1000.0,198.125,198.125,-801.875,-801.875
super,威力彩,2008-W09,train,random_5,8,2,1000.0,223.125,223.125,-776.875,-776.875
super,威力彩,2008-W09,train,trained_best_5,8,2,1000.0,215.625,215.625,-784.375,-784.375
super,威力彩,2008-W09,train,trained_blend,8,2,1000.0,215.625,215.625,-784.375,-784.375
super,威力彩,2008-W09,train,trained_family_ensemble,8,2,1000.0,301.25,301.25,-698.75,-698.75
super,威力彩,2008-W10,train,current_ensemble,8,2,1000.0,125.0,125.0,-875.0,-875.0
super,威力彩,2008-W10,train,random_5,8,2,1000.0,87.5,87.5,-912.5,-912.5
super,威力彩,2008-W10,train,trained_best_5,8,2,1000.0,150.0,150.0,-850.0,-850.0
super,威力彩,2008-W10,train,trained_blend,8,2,1000.0,125.0,125.0,-875.0,-875.0
super,威力彩,2008-W10,train,trained_family_ensemble,8,2,1000.0,150.0,150.0,-850.0,-850.0
super,威力彩,2008-W11,train,current_ensemble,8,2,1000.0,179.5,179.5,-820.5,-820.5
super,威力彩,2008-W11,train,random_5,8,2,1000.0,555.75,555.75,-444.25,-444.25
super,威力彩,2008-W11,train,trained_best_5,8,2,1000.0,87.5,87.5,-912.5,-912.5
super,威力彩,2008-W11,train,trained_blend,8,2,1000.0,150.0,150.0,-850.0,-850.0
super,威力彩,2008-W11,train,trained_family_ensemble,8,2,1000.0,150.0,150.0,-850.0,-850.0
super,威力彩,2008-W12,train,current_ensemble,8,2,1000.0,150.0,150.0,-850.0,-850.0
super,威力彩,2008-W12,train,random_5,8,2,1000.0,200.0,200.0,-800.0,-800.0
super,威力彩,2008-W12,train,trained_best_5,8,2,1000.0,137.5,137.5,-862.5,-862.5
super,威力彩,2008-W12,train,trained_blend,8,2,1000.0,162.5,162.5,-837.5,-837.5
super,威力彩,2008-W12,train,trained_family_ensemble,8,2,1000.0,125.0,125.0,-875.0,-875.0
super,威力彩,2008-W13,train,current_ensemble,8,2,1000.0,100.0,100.0,-900.0,-900.0
super,威力彩,2008-W13,train,random_5,8,2,1000.0,112.5,112.5,-887.5,-887.5
super,威力彩,2008-W13,train,trained_best_5,8,2,1000.0,37.5,37.5,-962.5,-962.5
super,威力彩,2008-W13,train,trained_blend,8,2,1000.0,187.5,187.5,-812.5,-812.5
super,威力彩,2008-W13,train,trained_family_ensemble,8,2,1000.0,112.5,112.5,-887.5,-887.5
super,威力彩,2008-W14,train,current_ensemble,8,2,1000.0,192.25,192.25,-807.75,-807.75
super,威力彩,2008-W14,train,random_5,8,2,1000.0,167.25,167.25,-832.75,-832.75
super,威力彩,2008-W14,train,trained_best_5,8,2,1000.0,167.25,167.25,-832.75,-832.75
super,威力彩,2008-W14,train,trained_blend,8,2,1000.0,247.0,247.0,-753.0,-753.0
super,威力彩,2008-W14,train,trained_family_ensemble,8,2,1000.0,167.25,167.25,-832.75,-832.75
super,威力彩,2008-W15,train,current_ensemble,8,2,1000.0,125.0,125.0,-875.0,-875.0
super,威力彩,2008-W15,train,random_5,8,2,1000.0,215.125,215.125,-784.875,-784.875
super,威力彩,2008-W15,train,trained_best_5,8,2,1000.0,200.0,200.0,-800.0,-800.0
super,威力彩,2008-W15,train,trained_blend,8,2,1000.0,152.625,152.625,-847.375,-847.375
super,威力彩,2008-W15,train,trained_family_ensemble,8,2,1000.0,150.0,150.0,-850.0,-850.0
super,威力彩,2008-W16,train,current_ensemble,8,2,1000.0,247.25,247.25,-752.75,-752.75
super,威力彩,2008-W16,train,random_5,8,2,1000.0,187.75,187.75,-812.25,-812.25
super,威力彩,2008-W16,train,trained_best_5,8,2,1000.0,197.25,197.25,-802.75,-802.75
super,威力彩,2008-W16,train,trained_blend,8,2,1000.0,125.0,125.0,-875.0,-875.0
super,威力彩,2008-W16,train,trained_family_ensemble,8,2,1000.0,147.25,147.25,-852.75,-852.75
super,威力彩,2008-W17,train,current_ensemble,8,2,1000.0,287.375,287.375,-712.625,-712.625
super,威力彩,2008-W17,train,random_5,8,2,1000.0,349.5,349.5,-650.5,-650.5
super,威力彩,2008-W17,train,trained_best_5,8,2,1000.0,75.0,75.0,-925.0,-925.0
super,威力彩,2008-W17,train,trained_blend,8,2,1000.0,349.875,349.875,-650.125,-650.125
super,威力彩,2008-W17,train,trained_family_ensemble,8,2,1000.0,262.375,262.375,-737.625,-737.625
super,威力彩,2008-W18,train,current_ensemble,8,2,1000.0,2962.125,2962.125,1962.125,1962.125
super,威力彩,2008-W18,train,random_5,8,2,1000.0,660.0,660.0,-340.0,-340.0
super,威力彩,2008-W18,train,trained_best_5,8,2,1000.0,213.0,213.0,-787.0,-787.0
super,威力彩,2008-W18,train,trained_blend,8,2,1000.0,2924.625,2924.625,1924.625,1924.625
super,威力彩,2008-W18,train,trained_family_ensemble,8,2,1000.0,3043.625,3043.625,2043.625,2043.625
super,威力彩,2008-W19,train,current_ensemble,8,2,1000.0,175.0,175.0,-825.0,-825.0
super,威力彩,2008-W19,train,random_5,8,2,1000.0,225.5,225.5,-774.5,-774.5
super,威力彩,2008-W19,train,trained_best_5,8,2,1000.0,215.875,215.875,-784.125,-784.125
super,威力彩,2008-W19,train,trained_blend,8,2,1000.0,150.0,150.0,-850.0,-850.0
super,威力彩,2008-W19,train,trained_family_ensemble,8,2,1000.0,125.0,125.0,-875.0,-875.0
super,威力彩,2008-W20,train,current_ensemble,8,2,1000.0,100.0,100.0,-900.0,-900.0
super,威力彩,2008-W20,train,random_5,8,2,1000.0,137.5,137.5,-862.5,-862.5
super,威力彩,2008-W20,train,trained_best_5,8,2,1000.0,136.25,136.25,-863.75,-863.75
super,威力彩,2008-W20,train,trained_blend,8,2,1000.0,125.0,125.0,-875.0,-875.0
super,威力彩,2008-W20,train,trained_family_ensemble,8,2,1000.0,137.5,137.5,-862.5,-862.5
super,威力彩,2008-W21,train,current_ensemble,8,2,1000.0,112.5,112.5,-887.5,-887.5
super,威力彩,2008-W21,train,random_5,8,2,1000.0,224.375,224.375,-775.625,-775.625
super,威力彩,2008-W21,train,trained_best_5,8,2,1000.0,112.5,112.5,-887.5,-887.5
super,威力彩,2008-W21,train,trained_blend,8,2,1000.0,161.875,161.875,-838.125,-838.125
super,威力彩,2008-W21,train,trained_family_ensemble,8,2,1000.0,150.0,150.0,-850.0,-850.0
super,威力彩,2008-W22,train,current_ensemble,8,2,1000.0,75.0,75.0,-925.0,-925.0
super,威力彩,2008-W22,train,random_5,8,2,1000.0,162.5,162.5,-837.5,-837.5
super,威力彩,2008-W22,train,trained_best_5,8,2,1000.0,177.625,177.625,-822.375,-822.375
super,威力彩,2008-W22,train,trained_blend,8,2,1000.0,100.0,100.0,-900.0,-900.0
super,威力彩,2008-W22,train,trained_family_ensemble,8,2,1000.0,87.5,87.5,-912.5,-912.5
super,威力彩,2008-W23,train,current_ensemble,8,2,1000.0,169.375,169.375,-830.625,-830.625
super,威力彩,2008-W23,train,random_5,8,2,1000.0,591.0,591.0,-409.0,-409.0
super,威力彩,2008-W23,train,trained_best_5,8,2,1000.0,162.5,162.5,-837.5,-837.5
super,威力彩,2008-W23,train,trained_blend,8,2,1000.0,616.0,616.0,-384.0,-384.0
super,威力彩,2008-W23,train,trained_family_ensemble,8,2,1000.0,125.0,125.0,-875.0,-875.0
super,威力彩,2008-W24,train,current_ensemble,8,2,1000.0,75.0,75.0,-925.0,-925.0
super,威力彩,2008-W24,train,random_5,8,2,1000.0,136.75,136.75,-863.25,-863.25
super,威力彩,2008-W24,train,trained_best_5,8,2,1000.0,87.5,87.5,-912.5,-912.5
super,威力彩,2008-W24,train,trained_blend,8,2,1000.0,87.5,87.5,-912.5,-912.5
super,威力彩,2008-W24,train,trained_family_ensemble,8,2,1000.0,75.0,75.0,-925.0,-925.0
super,威力彩,2008-W25,train,current_ensemble,8,2,1000.0,175.0,175.0,-825.0,-825.0
super,威力彩,2008-W25,train,random_5,8,2,1000.0,175.0,175.0,-825.0,-825.0
super,威力彩,2008-W25,train,trained_best_5,8,2,1000.0,150.0,150.0,-850.0,-850.0
super,威力彩,2008-W25,train,trained_blend,8,2,1000.0,280.875,280.875,-719.125,-719.125
super,威力彩,2008-W25,train,trained_family_ensemble,8,2,1000.0,200.0,200.0,-800.0,-800.0
super,威力彩,2008-W26,train,current_ensemble,8,2,1000.0,212.5,212.5,-787.5,-787.5
super,威力彩,2008-W26,train,random_5,8,2,1000.0,100.0,100.0,-900.0,-900.0
super,威力彩,2008-W26,train,trained_best_5,8,2,1000.0,401.375,401.375,-598.625,-598.625
super,威力彩,2008-W26,train,trained_blend,8,2,1000.0,187.5,187.5,-812.5,-812.5
super,威力彩,2008-W26,train,trained_family_ensemble,8,2,1000.0,221.375,221.375,-778.625,-778.625
super,威力彩,2008-W27,train,current_ensemble,8,2,1000.0,162.5,162.5,-837.5,-837.5
super,威力彩,2008-W27,train,random_5,8,2,1000.0,175.0,175.0,-825.0,-825.0
super,威力彩,2008-W27,train,trained_best_5,8,2,1000.0,334.875,334.875,-665.125,-665.125
super,威力彩,2008-W27,train,trained_blend,8,2,1000.0,272.375,272.375,-727.625,-727.625
super,威力彩,2008-W27,train,trained_family_ensemble,8,2,1000.0,137.5,137.5,-862.5,-862.5
super,威力彩,2008-W28,train,current_ensemble,8,2,1000.0,134.625,134.625,-865.375,-865.375
super,威力彩,2008-W28,train,random_5,8,2,1000.0,159.625,159.625,-840.375,-840.375
super,威力彩,2008-W28,train,trained_best_5,8,2,1000.0,112.5,112.5,-887.5,-887.5
super,威力彩,2008-W28,train,trained_blend,8,2,1000.0,159.625,159.625,-840.375,-840.375
super,威力彩,2008-W28,train,trained_family_ensemble,8,2,1000.0,122.125,122.125,-877.875,-877.875
super,威力彩,2008-W29,train,current_ensemble,8,2,1000.0,348.75,348.75,-651.25,-651.25
super,威力彩,2008-W29,train,random_5,8,2,1000.0,157.625,157.625,-842.375,-842.375
super,威力彩,2008-W29,train,trained_best_5,8,2,1000.0,50.0,50.0,-950.0,-950.0
super,威力彩,2008-W29,train,trained_blend,8,2,1000.0,241.25,241.25,-758.75,-758.75
super,威力彩,2008-W29,train,trained_family_ensemble,8,2,1000.0,195.125,195.125,-804.875,-804.875
super,威力彩,2008-W30,train,current_ensemble,8,2,1000.0,280.0,280.0,-720.0,-720.0
super,威力彩,2008-W30,train,random_5,8,2,1000.0,162.5,162.5,-837.5,-837.5
super,威力彩,2008-W30,train,trained_best_5,8,2,1000.0,242.75,242.75,-757.25,-757.25
super,威力彩,2008-W30,train,trained_blend,8,2,1000.0,199.75,199.75,-800.25,-800.25
super,威力彩,2008-W30,train,trained_family_ensemble,8,2,1000.0,280.0,280.0,-720.0,-720.0
super,威力彩,2008-W31,train,current_ensemble,8,2,1000.0,196.5,196.5,-803.5,-803.5
super,威力彩,2008-W31,train,random_5,8,2,1000.0,177.375,177.375,-822.625,-822.625
super,威力彩,2008-W31,train,trained_best_5,8,2,1000.0,25.0,25.0,-975.0,-975.0
super,威力彩,2008-W31,train,trained_blend,8,2,1000.0,114.875,114.875,-885.125,-885.125
super,威力彩,2008-W31,train,trained_family_ensemble,8,2,1000.0,181.625,181.625,-818.375,-818.375
super,威力彩,2008-W32,train,current_ensemble,8,2,1000.0,75.0,75.0,-925.0,-925.0
super,威力彩,2008-W32,train,random_5,8,2,1000.0,200.0,200.0,-800.0,-800.0
super,威力彩,2008-W32,train,trained_best_5,8,2,1000.0,189.75,189.75,-810.25,-810.25
super,威力彩,2008-W32,train,trained_blend,8,2,1000.0,87.5,87.5,-912.5,-912.5
super,威力彩,2008-W32,train,trained_family_ensemble,8,2,1000.0,162.5,162.5,-837.5,-837.5
super,威力彩,2008-W33,train,current_ensemble,8,2,1000.0,150.0,150.0,-850.0,-850.0
super,威力彩,2008-W33,train,random_5,8,2,1000.0,87.5,87.5,-912.5,-912.5
super,威力彩,2008-W33,train,trained_best_5,8,2,1000.0,508.5,508.5,-491.5,-491.5
super,威力彩,2008-W33,train,trained_blend,8,2,1000.0,262.75,262.75,-737.25,-737.25
super,威力彩,2008-W33,train,trained_family_ensemble,8,2,1000.0,200.0,200.0,-800.0,-800.0
super,威力彩,2008-W34,train,current_ensemble,8,2,1000.0,216.0,216.0,-784.0,-784.0
super,威力彩,2008-W34,train,random_5,8,2,1000.0,225.625,225.625,-774.375,-774.375
super,威力彩,2008-W34,train,trained_best_5,8,2,1000.0,87.5,87.5,-912.5,-912.5
super,威力彩,2008-W34,train,trained_blend,8,2,1000.0,112.5,112.5,-887.5,-887.5
super,威力彩,2008-W34,train,trained_family_ensemble,8,2,1000.0,100.0,100.0,-900.0,-900.0
super,威力彩,2008-W35,train,current_ensemble,8,2,1000.0,87.5,87.5,-912.5,-912.5
super,威力彩,2008-W35,train,random_5,8,2,1000.0,75.0,75.0,-925.0,-925.0
super,威力彩,2008-W35,train,trained_best_5,8,2,1000.0,37.5,37.5,-962.5,-962.5
super,威力彩,2008-W35,train,trained_blend,8,2,1000.0,112.5,112.5,-887.5,-887.5
super,威力彩,2008-W35,train,trained_family_ensemble,8,2,1000.0,62.5,62.5,-937.5,-937.5
super,威力彩,2008-W36,train,current_ensemble,8,2,1000.0,158.0,158.0,-842.0,-842.0
super,威力彩,2008-W36,train,random_5,8,2,1000.0,133.0,133.0,-867.0,-867.0
super,威力彩,2008-W36,train,trained_best_5,8,2,1000.0,158.0,158.0,-842.0,-842.0
super,威力彩,2008-W36,train,trained_blend,8,2,1000.0,183.0,183.0,-817.0,-817.0
super,威力彩,2008-W36,train,trained_family_ensemble,8,2,1000.0,153.5,153.5,-846.5,-846.5
super,威力彩,2008-W37,train,current_ensemble,8,2,1000.0,112.5,112.5,-887.5,-887.5
super,威力彩,2008-W37,train,random_5,8,2,1000.0,269.0,269.0,-731.0,-731.0
super,威力彩,2008-W37,train,trained_best_5,8,2,1000.0,87.5,87.5,-912.5,-912.5
super,威力彩,2008-W37,train,trained_blend,8,2,1000.0,62.5,62.5,-937.5,-937.5
super,威力彩,2008-W37,train,trained_family_ensemble,8,2,1000.0,75.0,75.0,-925.0,-925.0
super,威力彩,2008-W38,train,current_ensemble,8,2,1000.0,258.0,258.0,-742.0,-742.0
super,威力彩,2008-W38,train,random_5,8,2,1000.0,282.625,282.625,-717.375,-717.375
super,威力彩,2008-W38,train,trained_best_5,8,2,1000.0,150.0,150.0,-850.0,-850.0
super,威力彩,2008-W38,train,trained_blend,8,2,1000.0,282.625,282.625,-717.375,-717.375
super,威力彩,2008-W38,train,trained_family_ensemble,8,2,1000.0,270.5,270.5,-729.5,-729.5
super,威力彩,2008-W39,train,current_ensemble,8,2,1000.0,304.625,304.625,-695.375,-695.375
super,威力彩,2008-W39,train,random_5,8,2,1000.0,225.0,225.0,-775.0,-775.0
super,威力彩,2008-W39,train,trained_best_5,8,2,1000.0,288.625,288.625,-711.375,-711.375
super,威力彩,2008-W39,train,trained_blend,8,2,1000.0,134.0,134.0,-866.0,-866.0
super,威力彩,2008-W39,train,trained_family_ensemble,8,2,1000.0,338.625,338.625,-661.375,-661.375
super,威力彩,2008-W40,train,current_ensemble,8,2,1000.0,100.0,100.0,-900.0,-900.0
super,威力彩,2008-W40,train,random_5,8,2,1000.0,185.5,185.5,-814.5,-814.5
super,威力彩,2008-W40,train,trained_best_5,8,2,1000.0,185.5,185.5,-814.5,-814.5
super,威力彩,2008-W40,train,trained_blend,8,2,1000.0,3484.125,3484.125,2484.125,2484.125
super,威力彩,2008-W40,train,trained_family_ensemble,8,2,1000.0,160.5,160.5,-839.5,-839.5
super,威力彩,2008-W41,train,current_ensemble,8,2,1000.0,125.0,125.0,-875.0,-875.0
super,威力彩,2008-W41,train,random_5,8,2,1000.0,215.625,215.625,-784.375,-784.375
super,威力彩,2008-W41,train,trained_best_5,8,2,1000.0,62.5,62.5,-937.5,-937.5
super,威力彩,2008-W41,train,trained_blend,8,2,1000.0,212.5,212.5,-787.5,-787.5
super,威力彩,2008-W41,train,trained_family_ensemble,8,2,1000.0,301.125,301.125,-698.875,-698.875
super,威力彩,2008-W42,train,current_ensemble,8,2,1000.0,357.625,357.625,-642.375,-642.375
super,威力彩,2008-W42,train,random_5,8,2,1000.0,255.375,255.375,-744.625,-744.625
super,威力彩,2008-W42,train,trained_best_5,8,2,1000.0,189.75,189.75,-810.25,-810.25
super,威力彩,2008-W42,train,trained_blend,8,2,1000.0,242.875,242.875,-757.125,-757.125
super,威力彩,2008-W42,train,trained_family_ensemble,8,2,1000.0,320.125,320.125,-679.875,-679.875
super,威力彩,2008-W43,train,current_ensemble,8,2,1000.0,318.25,318.25,-681.75,-681.75
super,威力彩,2008-W43,train,random_5,8,2,1000.0,217.875,217.875,-782.125,-782.125
super,威力彩,2008-W43,train,trained_best_5,8,2,1000.0,253.5,253.5,-746.5,-746.5
super,威力彩,2008-W43,train,trained_blend,8,2,1000.0,264.875,264.875,-735.125,-735.125
super,威力彩,2008-W43,train,trained_family_ensemble,8,2,1000.0,561.25,561.25,-438.75,-438.75
super,威力彩,2008-W44,train,current_ensemble,8,2,1000.0,307.25,307.25,-692.75,-692.75
super,威力彩,2008-W44,train,random_5,8,2,1000.0,150.0,150.0,-850.0,-850.0
super,威力彩,2008-W44,train,trained_best_5,8,2,1000.0,275.875,275.875,-724.125,-724.125
super,威力彩,2008-W44,train,trained_blend,8,2,1000.0,225.0,225.0,-775.0,-775.0
super,威力彩,2008-W44,train,trained_family_ensemble,8,2,1000.0,335.625,335.625,-664.375,-664.375
super,威力彩,2008-W45,train,current_ensemble,8,2,1000.0,145.625,145.625,-854.375,-854.375
super,威力彩,2008-W45,train,random_5,8,2,1000.0,137.5,137.5,-862.5,-862.5
super,威力彩,2008-W45,train,trained_best_5,8,2,1000.0,87.5,87.5,-912.5,-912.5
super,威力彩,2008-W45,train,trained_blend,8,2,1000.0,245.625,245.625,-754.375,-754.375
super,威力彩,2008-W45,train,trained_family_ensemble,8,2,1000.0,125.0,125.0,-875.0,-875.0
super,威力彩,2008-W46,train,current_ensemble,8,2,1000.0,162.5,162.5,-837.5,-837.5
super,威力彩,2008-W46,train,random_5,8,2,1000.0,87.5,87.5,-912.5,-912.5
super,威力彩,2008-W46,train,trained_best_5,8,2,1000.0,75.0,75.0,-925.0,-925.0
super,威力彩,2008-W46,train,trained_blend,8,2,1000.0,137.5,137.5,-862.5,-862.5
super,威力彩,2008-W46,train,trained_family_ensemble,8,2,1000.0,137.5,137.5,-862.5,-862.5
super,威力彩,2008-W47,train,current_ensemble,8,2,1000.0,175.0,175.0,-825.0,-825.0
super,威力彩,2008-W47,train,random_5,8,2,1000.0,222.875,222.875,-777.125,-777.125
super,威力彩,2008-W47,train,trained_best_5,8,2,1000.0,150.0,150.0,-850.0,-850.0
super,威力彩,2008-W47,train,trained_blend,8,2,1000.0,150.0,150.0,-850.0,-850.0
super,威力彩,2008-W47,train,trained_family_ensemble,8,2,1000.0,200.0,200.0,-800.0,-800.0
super,威力彩,2008-W48,train,current_ensemble,8,2,1000.0,137.5,137.5,-862.5,-862.5
super,威力彩,2008-W48,train,random_5,8,2,1000.0,100.0,100.0,-900.0,-900.0
super,威力彩,2008-W48,train,trained_best_5,8,2,1000.0,224.25,224.25,-775.75,-775.75
super,威力彩,2008-W48,train,trained_blend,8,2,1000.0,137.5,137.5,-862.5,-862.5
super,威力彩,2008-W48,train,trained_family_ensemble,8,2,1000.0,175.0,175.0,-825.0,-825.0
super,威力彩,2008-W49,train,current_ensemble,8,2,1000.0,296.0,296.0,-704.0,-704.0
super,威力彩,2008-W49,train,random_5,8,2,1000.0,266.5,266.5,-733.5,-733.5
super,威力彩,2008-W49,train,trained_best_5,8,2,1000.0,125.0,125.0,-875.0,-875.0
super,威力彩,2008-W49,train,trained_blend,8,2,1000.0,239.75,239.75,-760.25,-760.25
super,威力彩,2008-W49,train,trained_family_ensemble,8,2,1000.0,219.875,219.875,-780.125,-780.125
super,威力彩,2008-W50,train,current_ensemble,8,2,1000.0,100.0,100.0,-900.0,-900.0
super,威力彩,2008-W50,train,random_5,8,2,1000.0,227.875,227.875,-772.125,-772.125
super,威力彩,2008-W50,train,trained_best_5,8,2,1000.0,232.75,232.75,-767.25,-767.25
super,威力彩,2008-W50,train,trained_blend,8,2,1000.0,227.875,227.875,-772.125,-772.125
super,威力彩,2008-W50,train,trained_family_ensemble,8,2,1000.0,245.25,245.25,-754.75,-754.75
super,威力彩,2008-W51,train,current_ensemble,8,2,1000.0,150.0,150.0,-850.0,-850.0
super,威力彩,2008-W51,train,random_5,8,2,1000.0,125.0,125.0,-875.0,-875.0
super,威力彩,2008-W51,train,trained_best_5,8,2,1000.0,187.5,187.5,-812.5,-812.5
super,威力彩,2008-W51,train,trained_blend,8,2,1000.0,225.0,225.0,-775.0,-775.0
super,威力彩,2008-W51,train,trained_family_ensemble,8,2,1000.0,187.5,187.5,-812.5,-812.5
super,威力彩,2008-W52,train,current_ensemble,8,2,1000.0,150.0,150.0,-850.0,-850.0
super,威力彩,2008-W52,train,random_5,8,2,1000.0,254.75,254.75,-745.25,-745.25
super,威力彩,2008-W52,train,trained_best_5,8,2,1000.0,164.875,164.875,-835.125,-835.125
super,威力彩,2008-W52,train,trained_blend,8,2,1000.0,267.25,267.25,-732.75,-732.75
super,威力彩,2008-W52,train,trained_family_ensemble,8,2,1000.0,127.375,127.375,-872.625,-872.625
super,威力彩,2009-W01,train,current_ensemble,8,2,1000.0,245.125,245.125,-754.875,-754.875
super,威力彩,2009-W01,train,random_5,8,2,1000.0,87.5,87.5,-912.5,-912.5
super,威力彩,2009-W01,train,trained_best_5,8,2,1000.0,187.5,187.5,-812.5,-812.5
super,威力彩,2009-W01,train,trained_blend,8,2,1000.0,62.5,62.5,-937.5,-937.5
super,威力彩,2009-W01,train,trained_family_ensemble,8,2,1000.0,112.5,112.5,-887.5,-887.5
super,威力彩,2009-W02,train,current_ensemble,8,2,1000.0,87.5,87.5,-912.5,-912.5
super,威力彩,2009-W02,train,random_5,8,2,1000.0,175.0,175.0,-825.0,-825.0
super,威力彩,2009-W02,train,trained_best_5,8,2,1000.0,227.125,227.125,-772.875,-772.875
super,威力彩,2009-W02,train,trained_blend,8,2,1000.0,162.5,162.5,-837.5,-837.5
super,威力彩,2009-W02,train,trained_family_ensemble,8,2,1000.0,75.0,75.0,-925.0,-925.0
super,威力彩,2009-W03,train,current_ensemble,8,2,1000.0,154.875,154.875,-845.125,-845.125
super,威力彩,2009-W03,train,random_5,8,2,1000.0,726.625,726.625,-273.375,-273.375
super,威力彩,2009-W03,train,trained_best_5,8,2,1000.0,19117.125,19117.125,18117.125,18117.125
super,威力彩,2009-W03,train,trained_blend,8,2,1000.0,100.0,100.0,-900.0,-900.0
super,威力彩,2009-W03,train,trained_family_ensemble,8,2,1000.0,19017.125,19017.125,18017.125,18017.125
super,威力彩,2009-W04,train,current_ensemble,8,2,1000.0,161.0,161.0,-839.0,-839.0
super,威力彩,2009-W04,train,random_5,8,2,1000.0,87.5,87.5,-912.5,-912.5
super,威力彩,2009-W04,train,trained_best_5,8,2,1000.0,62.5,62.5,-937.5,-937.5
super,威力彩,2009-W04,train,trained_blend,8,2,1000.0,75.0,75.0,-925.0,-925.0
super,威力彩,2009-W04,train,trained_family_ensemble,8,2,1000.0,87.5,87.5,-912.5,-912.5
super,威力彩,2009-W05,train,current_ensemble,8,2,1000.0,224.75,224.75,-775.25,-775.25
super,威力彩,2009-W05,train,random_5,8,2,1000.0,125.0,125.0,-875.0,-875.0
super,威力彩,2009-W05,train,trained_best_5,8,2,1000.0,738.625,738.625,-261.375,-261.375
super,威力彩,2009-W05,train,trained_blend,8,2,1000.0,247.375,247.375,-752.625,-752.625
super,威力彩,2009-W05,train,trained_family_ensemble,8,2,1000.0,726.125,726.125,-273.875,-273.875
super,威力彩,2009-W06,train,current_ensemble,8,2,1000.0,207.5,207.5,-792.5,-792.5
super,威力彩,2009-W06,train,random_5,8,2,1000.0,137.5,137.5,-862.5,-862.5
super,威力彩,2009-W06,train,trained_best_5,8,2,1000.0,137.5,137.5,-862.5,-862.5
super,威力彩,2009-W06,train,trained_blend,8,2,1000.0,212.5,212.5,-787.5,-787.5
super,威力彩,2009-W06,train,trained_family_ensemble,8,2,1000.0,150.0,150.0,-850.0,-850.0
super,威力彩,2009-W07,train,current_ensemble,8,2,1000.0,237.5,237.5,-762.5,-762.5
super,威力彩,2009-W07,train,random_5,8,2,1000.0,150.75,150.75,-849.25,-849.25
super,威力彩,2009-W07,train,trained_best_5,8,2,1000.0,175.75,175.75,-824.25,-824.25
super,威力彩,2009-W07,train,trained_blend,8,2,1000.0,150.0,150.0,-850.0,-850.0
super,威力彩,2009-W07,train,trained_family_ensemble,8,2,1000.0,250.75,250.75,-749.25,-749.25
super,威力彩,2009-W08,train,current_ensemble,8,2,1000.0,100.0,100.0,-900.0,-900.0
super,威力彩,2009-W08,train,random_5,8,2,1000.0,150.0,150.0,-850.0,-850.0
super,威力彩,2009-W08,train,trained_best_5,8,2,1000.0,335.25,335.25,-664.75,-664.75
super,威力彩,2009-W08,train,trained_blend,8,2,1000.0,209.75,209.75,-790.25,-790.25
super,威力彩,2009-W08,train,trained_family_ensemble,8,2,1000.0,162.5,162.5,-837.5,-837.5
super,威力彩,2009-W09,train,current_ensemble,8,2,1000.0,258.75,258.75,-741.25,-741.25
super,威力彩,2009-W09,train,random_5,8,2,1000.0,158.75,158.75,-841.25,-841.25
super,威力彩,2009-W09,train,trained_best_5,8,2,1000.0,411.0,411.0,-589.0,-589.0
super,威力彩,2009-W09,train,trained_blend,8,2,1000.0,308.0,308.0,-692.0,-692.0
super,威力彩,2009-W09,train,trained_family_ensemble,8,2,1000.0,208.75,208.75,-791.25,-791.25
super,威力彩,2009-W10,train,current_ensemble,8,2,1000.0,100.0,100.0,-900.0,-900.0
super,威力彩,2009-W10,train,random_5,8,2,1000.0,225.0,225.0,-775.0,-775.0
super,威力彩,2009-W10,train,trained_best_5,8,2,1000.0,62.5,62.5,-937.5,-937.5
super,威力彩,2009-W10,train,trained_blend,8,2,1000.0,212.5,212.5,-787.5,-787.5
super,威力彩,2009-W10,train,trained_family_ensemble,8,2,1000.0,137.5,137.5,-862.5,-862.5
super,威力彩,2009-W11,train,current_ensemble,8,2,1000.0,337.5,337.5,-662.5,-662.5
super,威力彩,2009-W11,train,random_5,8,2,1000.0,62.5,62.5,-937.5,-937.5
super,威力彩,2009-W11,train,trained_best_5,8,2,1000.0,150.0,150.0,-850.0,-850.0
super,威力彩,2009-W11,train,trained_blend,8,2,1000.0,237.5,237.5,-762.5,-762.5
super,威力彩,2009-W11,train,trained_family_ensemble,8,2,1000.0,275.0,275.0,-725.0,-725.0
super,威力彩,2009-W12,train,current_ensemble,8,2,1000.0,62.5,62.5,-937.5,-937.5
super,威力彩,2009-W12,train,random_5,8,2,1000.0,112.5,112.5,-887.5,-887.5
super,威力彩,2009-W12,train,trained_best_5,8,2,1000.0,275.0,275.0,-725.0,-725.0
super,威力彩,2009-W12,train,trained_blend,8,2,1000.0,50.0,50.0,-950.0,-950.0
super,威力彩,2009-W12,train,trained_family_ensemble,8,2,1000.0,75.0,75.0,-925.0,-925.0
super,威力彩,2009-W13,train,current_ensemble,8,2,1000.0,200.0,200.0,-800.0,-800.0
super,威力彩,2009-W13,train,random_5,8,2,1000.0,312.5,312.5,-687.5,-687.5
super,威力彩,2009-W13,train,trained_best_5,8,2,1000.0,100.0,100.0,-900.0,-900.0
super,威力彩,2009-W13,train,trained_blend,8,2,1000.0,275.0,275.0,-725.0,-725.0
super,威力彩,2009-W13,train,trained_family_ensemble,8,2,1000.0,150.0,150.0,-850.0,-850.0
super,威力彩,2009-W14,train,current_ensemble,8,2,1000.0,100.0,100.0,-900.0,-900.0
super,威力彩,2009-W14,train,random_5,8,2,1000.0,175.0,175.0,-825.0,-825.0
super,威力彩,2009-W14,train,trained_best_5,8,2,1000.0,112.5,112.5,-887.5,-887.5
super,威力彩,2009-W14,train,trained_blend,8,2,1000.0,262.5,262.5,-737.5,-737.5
super,威力彩,2009-W14,train,trained_family_ensemble,8,2,1000.0,200.0,200.0,-800.0,-800.0
super,威力彩,2009-W15,train,current_ensemble,8,2,1000.0,137.5,137.5,-862.5,-862.5
super,威力彩,2009-W15,train,random_5,8,2,1000.0,150.0,150.0,-850.0,-850.0
super,威力彩,2009-W15,train,trained_best_5,8,2,1000.0,50.0,50.0,-950.0,-950.0
super,威力彩,2009-W15,train,trained_blend,8,2,1000.0,112.5,112.5,-887.5,-887.5
super,威力彩,2009-W15,train,trained_family_ensemble,8,2,1000.0,200.0,200.0,-800.0,-800.0
super,威力彩,2009-W16,train,current_ensemble,8,2,1000.0,87.5,87.5,-912.5,-912.5
super,威力彩,2009-W16,train,random_5,8,2,1000.0,112.5,112.5,-887.5,-887.5
super,威力彩,2009-W16,train,trained_best_5,8,2,1000.0,200.0,200.0,-800.0,-800.0
super,威力彩,2009-W16,train,trained_blend,8,2,1000.0,162.5,162.5,-837.5,-837.5
super,威力彩,2009-W16,train,trained_family_ensemble,8,2,1000.0,62.5,62.5,-937.5,-937.5
super,威力彩,2009-W17,train,current_ensemble,8,2,1000.0,200.0,200.0,-800.0,-800.0
super,威力彩,2009-W17,train,random_5,8,2,1000.0,212.5,212.5,-787.5,-787.5
super,威力彩,2009-W17,train,trained_best_5,8,2,1000.0,137.5,137.5,-862.5,-862.5
super,威力彩,2009-W17,train,trained_blend,8,2,1000.0,237.5,237.5,-762.5,-762.5
super,威力彩,2009-W17,train,trained_family_ensemble,8,2,1000.0,212.5,212.5,-787.5,-787.5
super,威力彩,2009-W18,train,current_ensemble,8,2,1000.0,337.5,337.5,-662.5,-662.5
super,威力彩,2009-W18,train,random_5,8,2,1000.0,162.5,162.5,-837.5,-837.5
super,威力彩,2009-W18,train,trained_best_5,8,2,1000.0,450.0,450.0,-550.0,-550.0
super,威力彩,2009-W18,train,trained_blend,8,2,1000.0,2650.0,2650.0,1650.0,1650.0
super,威力彩,2009-W18,train,trained_family_ensemble,8,2,1000.0,300.0,300.0,-700.0,-700.0
super,威力彩,2009-W19,train,current_ensemble,8,2,1000.0,350.0,350.0,-650.0,-650.0
super,威力彩,2009-W19,train,random_5,8,2,1000.0,87.5,87.5,-912.5,-912.5
super,威力彩,2009-W19,train,trained_best_5,8,2,1000.0,212.5,212.5,-787.5,-787.5
super,威力彩,2009-W19,train,trained_blend,8,2,1000.0,237.5,237.5,-762.5,-762.5
super,威力彩,2009-W19,train,trained_family_ensemble,8,2,1000.0,262.5,262.5,-737.5,-737.5
super,威力彩,2009-W20,train,current_ensemble,8,2,1000.0,100.0,100.0,-900.0,-900.0
super,威力彩,2009-W20,train,random_5,8,2,1000.0,125.0,125.0,-875.0,-875.0
super,威力彩,2009-W20,train,trained_best_5,8,2,1000.0,212.5,212.5,-787.5,-787.5
super,威力彩,2009-W20,train,trained_blend,8,2,1000.0,550.0,550.0,-450.0,-450.0
super,威力彩,2009-W20,train,trained_family_ensemble,8,2,1000.0,662.5,662.5,-337.5,-337.5
super,威力彩,2009-W21,train,current_ensemble,8,2,1000.0,212.5,212.5,-787.5,-787.5
super,威力彩,2009-W21,train,random_5,8,2,1000.0,150.0,150.0,-850.0,-850.0
super,威力彩,2009-W21,train,trained_best_5,8,2,1000.0,237.5,237.5,-762.5,-762.5
super,威力彩,2009-W21,train,trained_blend,8,2,1000.0,87.5,87.5,-912.5,-912.5
super,威力彩,2009-W21,train,trained_family_ensemble,8,2,1000.0,137.5,137.5,-862.5,-862.5
super,威力彩,2009-W22,train,current_ensemble,8,2,1000.0,75.0,75.0,-925.0,-925.0
super,威力彩,2009-W22,train,random_5,8,2,1000.0,162.5,162.5,-837.5,-837.5
super,威力彩,2009-W22,train,trained_best_5,8,2,1000.0,112.5,112.5,-887.5,-887.5
super,威力彩,2009-W22,train,trained_blend,8,2,1000.0,112.5,112.5,-887.5,-887.5
super,威力彩,2009-W22,train,trained_family_ensemble,8,2,1000.0,200.0,200.0,-800.0,-800.0
super,威力彩,2009-W23,train,current_ensemble,8,2,1000.0,162.5,162.5,-837.5,-837.5
super,威力彩,2009-W23,train,random_5,8,2,1000.0,200.0,200.0,-800.0,-800.0
super,威力彩,2009-W23,train,trained_best_5,8,2,1000.0,37.5,37.5,-962.5,-962.5
super,威力彩,2009-W23,train,trained_blend,8,2,1000.0,212.5,212.5,-787.5,-787.5
super,威力彩,2009-W23,train,trained_family_ensemble,8,2,1000.0,375.0,375.0,-625.0,-625.0
super,威力彩,2009-W24,train,current_ensemble,8,2,1000.0,162.5,162.5,-837.5,-837.5
super,威力彩,2009-W24,train,random_5,8,2,1000.0,225.0,225.0,-775.0,-775.0
super,威力彩,2009-W24,train,trained_best_5,8,2,1000.0,150.0,150.0,-850.0,-850.0
super,威力彩,2009-W24,train,trained_blend,8,2,1000.0,187.5,187.5,-812.5,-812.5
super,威力彩,2009-W24,train,trained_family_ensemble,8,2,1000.0,262.5,262.5,-737.5,-737.5
super,威力彩,2009-W25,train,current_ensemble,8,2,1000.0,175.0,175.0,-825.0,-825.0
super,威力彩,2009-W25,train,random_5,8,2,1000.0,237.5,237.5,-762.5,-762.5
super,威力彩,2009-W25,train,trained_best_5,8,2,1000.0,150.0,150.0,-850.0,-850.0
super,威力彩,2009-W25,train,trained_blend,8,2,1000.0,150.0,150.0,-850.0,-850.0
super,威力彩,2009-W25,train,trained_family_ensemble,8,2,1000.0,212.5,212.5,-787.5,-787.5
super,威力彩,2009-W26,train,current_ensemble,8,2,1000.0,50.0,50.0,-950.0,-950.0
super,威力彩,2009-W26,train,random_5,8,2,1000.0,162.5,162.5,-837.5,-837.5
super,威力彩,2009-W26,train,trained_best_5,8,2,1000.0,275.0,275.0,-725.0,-725.0
super,威力彩,2009-W26,train,trained_blend,8,2,1000.0,150.0,150.0,-850.0,-850.0
super,威力彩,2009-W26,train,trained_family_ensemble,8,2,1000.0,87.5,87.5,-912.5,-912.5
super,威力彩,2009-W27,train,current_ensemble,8,2,1000.0,137.5,137.5,-862.5,-862.5
super,威力彩,2009-W27,train,random_5,8,2,1000.0,150.0,150.0,-850.0,-850.0
super,威力彩,2009-W27,train,trained_best_5,8,2,1000.0,150.0,150.0,-850.0,-850.0
super,威力彩,2009-W27,train,trained_blend,8,2,1000.0,125.0,125.0,-875.0,-875.0
super,威力彩,2009-W27,train,trained_family_ensemble,8,2,1000.0,112.5,112.5,-887.5,-887.5
super,威力彩,2009-W28,train,current_ensemble,8,2,1000.0,187.5,187.5,-812.5,-812.5
super,威力彩,2009-W28,train,random_5,8,2,1000.0,125.0,125.0,-875.0,-875.0
super,威力彩,2009-W28,train,trained_best_5,8,2,1000.0,362.5,362.5,-637.5,-637.5
super,威力彩,2009-W28,train,trained_blend,8,2,1000.0,187.5,187.5,-812.5,-812.5
super,威力彩,2009-W28,train,trained_family_ensemble,8,2,1000.0,200.0,200.0,-800.0,-800.0
super,威力彩,2009-W29,train,current_ensemble,8,2,1000.0,175.0,175.0,-825.0,-825.0
super,威力彩,2009-W29,train,random_5,8,2,1000.0,337.5,337.5,-662.5,-662.5
super,威力彩,2009-W29,train,trained_best_5,8,2,1000.0,150.0,150.0,-850.0,-850.0
super,威力彩,2009-W29,train,trained_blend,8,2,1000.0,262.5,262.5,-737.5,-737.5
super,威力彩,2009-W29,train,trained_family_ensemble,8,2,1000.0,175.0,175.0,-825.0,-825.0
super,威力彩,2009-W30,train,current_ensemble,8,2,1000.0,400.0,400.0,-600.0,-600.0
super,威力彩,2009-W30,train,random_5,8,2,1000.0,375.0,375.0,-625.0,-625.0
super,威力彩,2009-W30,train,trained_best_5,8,2,1000.0,675.0,675.0,-325.0,-325.0
super,威力彩,2009-W30,train,trained_blend,8,2,1000.0,312.5,312.5,-687.5,-687.5
super,威力彩,2009-W30,train,trained_family_ensemble,8,2,1000.0,275.0,275.0,-725.0,-725.0
super,威力彩,2009-W31,train,current_ensemble,8,2,1000.0,100.0,100.0,-900.0,-900.0
super,威力彩,2009-W31,train,random_5,8,2,1000.0,187.5,187.5,-812.5,-812.5
super,威力彩,2009-W31,train,trained_best_5,8,2,1000.0,25.0,25.0,-975.0,-975.0
super,威力彩,2009-W31,train,trained_blend,8,2,1000.0,212.5,212.5,-787.5,-787.5
super,威力彩,2009-W31,train,trained_family_ensemble,8,2,1000.0,100.0,100.0,-900.0,-900.0
super,威力彩,2009-W32,train,current_ensemble,8,2,1000.0,162.5,162.5,-837.5,-837.5
super,威力彩,2009-W32,train,random_5,8,2,1000.0,112.5,112.5,-887.5,-887.5
super,威力彩,2009-W32,train,trained_best_5,8,2,1000.0,225.0,225.0,-775.0,-775.0
super,威力彩,2009-W32,train,trained_blend,8,2,1000.0,162.5,162.5,-837.5,-837.5
super,威力彩,2009-W32,train,trained_family_ensemble,8,2,1000.0,137.5,137.5,-862.5,-862.5
super,威力彩,2009-W33,train,current_ensemble,8,2,1000.0,100.0,100.0,-900.0,-900.0
super,威力彩,2009-W33,train,random_5,8,2,1000.0,787.5,787.5,-212.5,-212.5
super,威力彩,2009-W33,train,trained_best_5,8,2,1000.0,237.5,237.5,-762.5,-762.5
super,威力彩,2009-W33,train,trained_blend,8,2,1000.0,262.5,262.5,-737.5,-737.5
super,威力彩,2009-W33,train,trained_family_ensemble,8,2,1000.0,100.0,100.0,-900.0,-900.0
super,威力彩,2009-W34,train,current_ensemble,8,2,1000.0,237.5,237.5,-762.5,-762.5
super,威力彩,2009-W34,train,random_5,8,2,1000.0,150.0,150.0,-850.0,-850.0
super,威力彩,2009-W34,train,trained_best_5,8,2,1000.0,162.5,162.5,-837.5,-837.5
super,威力彩,2009-W34,train,trained_blend,8,2,1000.0,275.0,275.0,-725.0,-725.0
super,威力彩,2009-W34,train,trained_family_ensemble,8,2,1000.0,150.0,150.0,-850.0,-850.0
super,威力彩,2009-W35,train,current_ensemble,8,2,1000.0,18887.5,18887.5,17887.5,17887.5
super,威力彩,2009-W35,train,random_5,8,2,1000.0,18887.5,18887.5,17887.5,17887.5
super,威力彩,2009-W35,train,trained_best_5,8,2,1000.0,275.0,275.0,-725.0,-725.0
super,威力彩,2009-W35,train,trained_blend,8,2,1000.0,18975.0,18975.0,17975.0,17975.0
super,威力彩,2009-W35,train,trained_family_ensemble,8,2,1000.0,18862.5,18862.5,17862.5,17862.5
super,威力彩,2009-W36,train,current_ensemble,8,2,1000.0,237.5,237.5,-762.5,-762.5
super,威力彩,2009-W36,train,random_5,8,2,1000.0,125.0,125.0,-875.0,-875.0
super,威力彩,2009-W36,train,trained_best_5,8,2,1000.0,37.5,37.5,-962.5,-962.5
super,威力彩,2009-W36,train,trained_blend,8,2,1000.0,212.5,212.5,-787.5,-787.5
super,威力彩,2009-W36,train,trained_family_ensemble,8,2,1000.0,150.0,150.0,-850.0,-850.0
super,威力彩,2009-W37,train,current_ensemble,8,2,1000.0,162.5,162.5,-837.5,-837.5
super,威力彩,2009-W37,train,random_5,8,2,1000.0,137.5,137.5,-862.5,-862.5
super,威力彩,2009-W37,train,trained_best_5,8,2,1000.0,212.5,212.5,-787.5,-787.5
super,威力彩,2009-W37,train,trained_blend,8,2,1000.0,275.0,275.0,-725.0,-725.0
super,威力彩,2009-W37,train,trained_family_ensemble,8,2,1000.0,400.0,400.0,-600.0,-600.0
super,威力彩,2009-W38,train,current_ensemble,8,2,1000.0,137.5,137.5,-862.5,-862.5
super,威力彩,2009-W38,train,random_5,8,2,1000.0,150.0,150.0,-850.0,-850.0
super,威力彩,2009-W38,train,trained_best_5,8,2,1000.0,137.5,137.5,-862.5,-862.5
super,威力彩,2009-W38,train,trained_blend,8,2,1000.0,150.0,150.0,-850.0,-850.0
super,威力彩,2009-W38,train,trained_family_ensemble,8,2,1000.0,100.0,100.0,-900.0,-900.0
super,威力彩,2009-W39,train,current_ensemble,8,2,1000.0,162.5,162.5,-837.5,-837.5
super,威力彩,2009-W39,train,random_5,8,2,1000.0,200.0,200.0,-800.0,-800.0
super,威力彩,2009-W39,train,trained_best_5,8,2,1000.0,400.0,400.0,-600.0,-600.0
super,威力彩,2009-W39,train,trained_blend,8,2,1000.0,187.5,187.5,-812.5,-812.5
super,威力彩,2009-W39,train,trained_family_ensemble,8,2,1000.0,162.5,162.5,-837.5,-837.5
super,威力彩,2009-W40,train,current_ensemble,8,2,1000.0,162.5,162.5,-837.5,-837.5
super,威力彩,2009-W40,train,random_5,8,2,1000.0,225.0,225.0,-775.0,-775.0
super,威力彩,2009-W40,train,trained_best_5,8,2,1000.0,637.5,637.5,-362.5,-362.5
super,威力彩,2009-W40,train,trained_blend,8,2,1000.0,137.5,137.5,-862.5,-862.5
super,威力彩,2009-W40,train,trained_family_ensemble,8,2,1000.0,625.0,625.0,-375.0,-375.0
super,威力彩,2009-W41,train,current_ensemble,8,2,1000.0,150.0,150.0,-850.0,-850.0
super,威力彩,2009-W41,train,random_5,8,2,1000.0,150.0,150.0,-850.0,-850.0
super,威力彩,2009-W41,train,trained_best_5,8,2,1000.0,150.0,150.0,-850.0,-850.0
super,威力彩,2009-W41,train,trained_blend,8,2,1000.0,150.0,150.0,-850.0,-850.0
super,威力彩,2009-W41,train,trained_family_ensemble,8,2,1000.0,200.0,200.0,-800.0,-800.0
super,威力彩,2009-W42,train,current_ensemble,8,2,1000.0,37.5,37.5,-962.5,-962.5
super,威力彩,2009-W42,train,random_5,8,2,1000.0,137.5,137.5,-862.5,-862.5
super,威力彩,2009-W42,train,trained_best_5,8,2,1000.0,62.5,62.5,-937.5,-937.5
super,威力彩,2009-W42,train,trained_blend,8,2,1000.0,50.0,50.0,-950.0,-950.0
super,威力彩,2009-W42,train,trained_family_ensemble,8,2,1000.0,62.5,62.5,-937.5,-937.5
super,威力彩,2009-W43,train,current_ensemble,8,2,1000.0,137.5,137.5,-862.5,-862.5
super,威力彩,2009-W43,train,random_5,8,2,1000.0,287.5,287.5,-712.5,-712.5
super,威力彩,2009-W43,train,trained_best_5,8,2,1000.0,150.0,150.0,-850.0,-850.0
super,威力彩,2009-W43,train,trained_blend,8,2,1000.0,287.5,287.5,-712.5,-712.5
super,威力彩,2009-W43,train,trained_family_ensemble,8,2,1000.0,162.5,162.5,-837.5,-837.5
super,威力彩,2009-W44,train,current_ensemble,8,2,1000.0,225.0,225.0,-775.0,-775.0
super,威力彩,2009-W44,train,random_5,8,2,1000.0,112.5,112.5,-887.5,-887.5
super,威力彩,2009-W44,train,trained_best_5,8,2,1000.0,137.5,137.5,-862.5,-862.5
super,威力彩,2009-W44,train,trained_blend,8,2,1000.0,125.0,125.0,-875.0,-875.0
super,威力彩,2009-W44,train,trained_family_ensemble,8,2,1000.0,137.5,137.5,-862.5,-862.5
super,威力彩,2009-W45,train,current_ensemble,8,2,1000.0,262.5,262.5,-737.5,-737.5
super,威力彩,2009-W45,train,random_5,8,2,1000.0,125.0,125.0,-875.0,-875.0
super,威力彩,2009-W45,train,trained_best_5,8,2,1000.0,200.0,200.0,-800.0,-800.0
super,威力彩,2009-W45,train,trained_blend,8,2,1000.0,62.5,62.5,-937.5,-937.5
super,威力彩,2009-W45,train,trained_family_ensemble,8,2,1000.0,162.5,162.5,-837.5,-837.5
super,威力彩,2009-W46,train,current_ensemble,8,2,1000.0,125.0,125.0,-875.0,-875.0
super,威力彩,2009-W46,train,random_5,8,2,1000.0,112.5,112.5,-887.5,-887.5
super,威力彩,2009-W46,train,trained_best_5,8,2,1000.0,337.5,337.5,-662.5,-662.5
super,威力彩,2009-W46,train,trained_blend,8,2,1000.0,287.5,287.5,-712.5,-712.5
super,威力彩,2009-W46,train,trained_family_ensemble,8,2,1000.0,187.5,187.5,-812.5,-812.5
super,威力彩,2009-W47,train,current_ensemble,8,2,1000.0,137.5,137.5,-862.5,-862.5
super,威力彩,2009-W47,train,random_5,8,2,1000.0,87.5,87.5,-912.5,-912.5
super,威力彩,2009-W47,train,trained_best_5,8,2,1000.0,175.0,175.0,-825.0,-825.0
super,威力彩,2009-W47,train,trained_blend,8,2,1000.0,150.0,150.0,-850.0,-850.0
super,威力彩,2009-W47,train,trained_family_ensemble,8,2,1000.0,75.0,75.0,-925.0,-925.0
super,威力彩,2009-W48,train,current_ensemble,8,2,1000.0,62.5,62.5,-937.5,-937.5
super,威力彩,2009-W48,train,random_5,8,2,1000.0,125.0,125.0,-875.0,-875.0
super,威力彩,2009-W48,train,trained_best_5,8,2,1000.0,112.5,112.5,-887.5,-887.5
super,威力彩,2009-W48,train,trained_blend,8,2,1000.0,125.0,125.0,-875.0,-875.0
super,威力彩,2009-W48,train,trained_family_ensemble,8,2,1000.0,87.5,87.5,-912.5,-912.5
super,威力彩,2009-W49,train,current_ensemble,8,2,1000.0,150.0,150.0,-850.0,-850.0
super,威力彩,2009-W49,train,random_5,8,2,1000.0,287.5,287.5,-712.5,-712.5
super,威力彩,2009-W49,train,trained_best_5,8,2,1000.0,275.0,275.0,-725.0,-725.0
super,威力彩,2009-W49,train,trained_blend,8,2,1000.0,237.5,237.5,-762.5,-762.5
super,威力彩,2009-W49,train,trained_family_ensemble,8,2,1000.0,175.0,175.0,-825.0,-825.0
super,威力彩,2009-W50,train,current_ensemble,8,2,1000.0,75.0,75.0,-925.0,-925.0
super,威力彩,2009-W50,train,random_5,8,2,1000.0,262.5,262.5,-737.5,-737.5
super,威力彩,2009-W50,train,trained_best_5,8,2,1000.0,225.0,225.0,-775.0,-775.0
super,威力彩,2009-W50,train,trained_blend,8,2,1000.0,237.5,237.5,-762.5,-762.5
super,威力彩,2009-W50,train,trained_family_ensemble,8,2,1000.0,75.0,75.0,-925.0,-925.0
super,威力彩,2009-W51,train,current_ensemble,8,2,1000.0,75.0,75.0,-925.0,-925.0
super,威力彩,2009-W51,train,random_5,8,2,1000.0,150.0,150.0,-850.0,-850.0
super,威力彩,2009-W51,train,trained_best_5,8,2,1000.0,87.5,87.5,-912.5,-912.5
super,威力彩,2009-W51,train,trained_blend,8,2,1000.0,150.0,150.0,-850.0,-850.0
super,威力彩,2009-W51,train,trained_family_ensemble,8,2,1000.0,75.0,75.0,-925.0,-925.0
super,威力彩,2009-W52,train,current_ensemble,8,2,1000.0,125.0,125.0,-875.0,-875.0
super,威力彩,2009-W52,train,random_5,8,2,1000.0,100.0,100.0,-900.0,-900.0
super,威力彩,2009-W52,train,trained_best_5,8,2,1000.0,262.5,262.5,-737.5,-737.5
super,威力彩,2009-W52,train,trained_blend,8,2,1000.0,125.0,125.0,-875.0,-875.0
super,威力彩,2009-W52,train,trained_family_ensemble,8,2,1000.0,200.0,200.0,-800.0,-800.0
super,威力彩,2009-W53,train,current_ensemble,8,2,1000.0,237.5,237.5,-762.5,-762.5
super,威力彩,2009-W53,train,random_5,8,2,1000.0,137.5,137.5,-862.5,-862.5
super,威力彩,2009-W53,train,trained_best_5,8,2,1000.0,50.0,50.0,-950.0,-950.0
super,威力彩,2009-W53,train,trained_blend,8,2,1000.0,112.5,112.5,-887.5,-887.5
super,威力彩,2009-W53,train,trained_family_ensemble,8,2,1000.0,225.0,225.0,-775.0,-775.0
super,威力彩,2010-W01,train,current_ensemble,8,2,1000.0,350.0,350.0,-650.0,-650.0
super,威力彩,2010-W01,train,random_5,8,2,1000.0,312.5,312.5,-687.5,-687.5
super,威力彩,2010-W01,train,trained_best_5,8,2,1000.0,137.5,137.5,-862.5,-862.5
super,威力彩,2010-W01,train,trained_blend,8,2,1000.0,312.5,312.5,-687.5,-687.5
super,威力彩,2010-W01,train,trained_family_ensemble,8,2,1000.0,312.5,312.5,-687.5,-687.5
super,威力彩,2010-W02,train,current_ensemble,8,2,1000.0,200.0,200.0,-800.0,-800.0
super,威力彩,2010-W02,train,random_5,8,2,1000.0,237.5,237.5,-762.5,-762.5
super,威力彩,2010-W02,train,trained_best_5,8,2,1000.0,137.5,137.5,-862.5,-862.5
super,威力彩,2010-W02,train,trained_blend,8,2,1000.0,200.0,200.0,-800.0,-800.0
super,威力彩,2010-W02,train,trained_family_ensemble,8,2,1000.0,225.0,225.0,-775.0,-775.0
super,威力彩,2010-W03,train,current_ensemble,8,2,1000.0,187.5,187.5,-812.5,-812.5
super,威力彩,2010-W03,train,random_5,8,2,1000.0,137.5,137.5,-862.5,-862.5
super,威力彩,2010-W03,train,trained_best_5,8,2,1000.0,325.0,325.0,-675.0,-675.0
super,威力彩,2010-W03,train,trained_blend,8,2,1000.0,125.0,125.0,-875.0,-875.0
super,威力彩,2010-W03,train,trained_family_ensemble,8,2,1000.0,687.5,687.5,-312.5,-312.5
super,威力彩,2010-W04,train,current_ensemble,8,2,1000.0,175.0,175.0,-825.0,-825.0
super,威力彩,2010-W04,train,random_5,8,2,1000.0,162.5,162.5,-837.5,-837.5
super,威力彩,2010-W04,train,trained_best_5,8,2,1000.0,275.0,275.0,-725.0,-725.0
super,威力彩,2010-W04,train,trained_blend,8,2,1000.0,200.0,200.0,-800.0,-800.0
super,威力彩,2010-W04,train,trained_family_ensemble,8,2,1000.0,200.0,200.0,-800.0,-800.0
super,威力彩,2010-W05,train,current_ensemble,8,2,1000.0,300.0,300.0,-700.0,-700.0
super,威力彩,2010-W05,train,random_5,8,2,1000.0,200.0,200.0,-800.0,-800.0
super,威力彩,2010-W05,train,trained_best_5,8,2,1000.0,225.0,225.0,-775.0,-775.0
super,威力彩,2010-W05,train,trained_blend,8,2,1000.0,225.0,225.0,-775.0,-775.0
super,威力彩,2010-W05,train,trained_family_ensemble,8,2,1000.0,262.5,262.5,-737.5,-737.5
super,威力彩,2010-W06,train,current_ensemble,8,2,1000.0,87.5,87.5,-912.5,-912.5
super,威力彩,2010-W06,train,random_5,8,2,1000.0,212.5,212.5,-787.5,-787.5
super,威力彩,2010-W06,train,trained_best_5,8,2,1000.0,262.5,262.5,-737.5,-737.5
super,威力彩,2010-W06,train,trained_blend,8,2,1000.0,100.0,100.0,-900.0,-900.0
super,威力彩,2010-W06,train,trained_family_ensemble,8,2,1000.0,300.0,300.0,-700.0,-700.0
super,威力彩,2010-W07,train,current_ensemble,8,2,1000.0,200.0,200.0,-800.0,-800.0
super,威力彩,2010-W07,train,random_5,8,2,1000.0,100.0,100.0,-900.0,-900.0
super,威力彩,2010-W07,train,trained_best_5,8,2,1000.0,275.0,275.0,-725.0,-725.0
super,威力彩,2010-W07,train,trained_blend,8,2,1000.0,175.0,175.0,-825.0,-825.0
super,威力彩,2010-W07,train,trained_family_ensemble,8,2,1000.0,125.0,125.0,-875.0,-875.0
super,威力彩,2010-W08,train,current_ensemble,8,2,1000.0,162.5,162.5,-837.5,-837.5
super,威力彩,2010-W08,train,random_5,8,2,1000.0,137.5,137.5,-862.5,-862.5
super,威力彩,2010-W08,train,trained_best_5,8,2,1000.0,75.0,75.0,-925.0,-925.0
super,威力彩,2010-W08,train,trained_blend,8,2,1000.0,175.0,175.0,-825.0,-825.0
super,威力彩,2010-W08,train,trained_family_ensemble,8,2,1000.0,175.0,175.0,-825.0,-825.0
super,威力彩,2010-W09,train,current_ensemble,8,2,1000.0,75.0,75.0,-925.0,-925.0
super,威力彩,2010-W09,train,random_5,8,2,1000.0,137.5,137.5,-862.5,-862.5
super,威力彩,2010-W09,train,trained_best_5,8,2,1000.0,37.5,37.5,-962.5,-962.5
super,威力彩,2010-W09,train,trained_blend,8,2,1000.0,62.5,62.5,-937.5,-937.5
super,威力彩,2010-W09,train,trained_family_ensemble,8,2,1000.0,112.5,112.5,-887.5,-887.5
super,威力彩,2010-W10,train,current_ensemble,8,2,1000.0,75.0,75.0,-925.0,-925.0
super,威力彩,2010-W10,train,random_5,8,2,1000.0,200.0,200.0,-800.0,-800.0
super,威力彩,2010-W10,train,trained_best_5,8,2,1000.0,87.5,87.5,-912.5,-912.5
super,威力彩,2010-W10,train,trained_blend,8,2,1000.0,150.0,150.0,-850.0,-850.0
super,威力彩,2010-W10,train,trained_family_ensemble,8,2,1000.0,62.5,62.5,-937.5,-937.5
super,威力彩,2010-W11,train,current_ensemble,8,2,1000.0,175.0,175.0,-825.0,-825.0
super,威力彩,2010-W11,train,random_5,8,2,1000.0,300.0,300.0,-700.0,-700.0
super,威力彩,2010-W11,train,trained_best_5,8,2,1000.0,75.0,75.0,-925.0,-925.0
super,威力彩,2010-W11,train,trained_blend,8,2,1000.0,200.0,200.0,-800.0,-800.0
super,威力彩,2010-W11,train,trained_family_ensemble,8,2,1000.0,225.0,225.0,-775.0,-775.0
super,威力彩,2010-W12,train,current_ensemble,8,2,1000.0,125.0,125.0,-875.0,-875.0
super,威力彩,2010-W12,train,random_5,8,2,1000.0,137.5,137.5,-862.5,-862.5
super,威力彩,2010-W12,train,trained_best_5,8,2,1000.0,87.5,87.5,-912.5,-912.5
super,威力彩,2010-W12,train,trained_blend,8,2,1000.0,112.5,112.5,-887.5,-887.5
super,威力彩,2010-W12,train,trained_family_ensemble,8,2,1000.0,112.5,112.5,-887.5,-887.5
super,威力彩,2010-W13,train,current_ensemble,8,2,1000.0,87.5,87.5,-912.5,-912.5
super,威力彩,2010-W13,train,random_5,8,2,1000.0,112.5,112.5,-887.5,-887.5
super,威力彩,2010-W13,train,trained_best_5,8,2,1000.0,200.0,200.0,-800.0,-800.0
super,威力彩,2010-W13,train,trained_blend,8,2,1000.0,137.5,137.5,-862.5,-862.5
super,威力彩,2010-W13,train,trained_family_ensemble,8,2,1000.0,125.0,125.0,-875.0,-875.0
super,威力彩,2010-W14,train,current_ensemble,8,2,1000.0,212.5,212.5,-787.5,-787.5
super,威力彩,2010-W14,train,random_5,8,2,1000.0,100.0,100.0,-900.0,-900.0
super,威力彩,2010-W14,train,trained_best_5,8,2,1000.0,87.5,87.5,-912.5,-912.5
super,威力彩,2010-W14,train,trained_blend,8,2,1000.0,87.5,87.5,-912.5,-912.5
super,威力彩,2010-W14,train,trained_family_ensemble,8,2,1000.0,175.0,175.0,-825.0,-825.0
super,威力彩,2010-W15,train,current_ensemble,8,2,1000.0,162.5,162.5,-837.5,-837.5
super,威力彩,2010-W15,train,random_5,8,2,1000.0,212.5,212.5,-787.5,-787.5
super,威力彩,2010-W15,train,trained_best_5,8,2,1000.0,2662.5,2662.5,1662.5,1662.5
super,威力彩,2010-W15,train,trained_blend,8,2,1000.0,137.5,137.5,-862.5,-862.5
super,威力彩,2010-W15,train,trained_family_ensemble,8,2,1000.0,150.0,150.0,-850.0,-850.0
super,威力彩,2010-W16,train,current_ensemble,8,2,1000.0,162.5,162.5,-837.5,-837.5
super,威力彩,2010-W16,train,random_5,8,2,1000.0,87.5,87.5,-912.5,-912.5
super,威力彩,2010-W16,train,trained_best_5,8,2,1000.0,250.0,250.0,-750.0,-750.0
super,威力彩,2010-W16,train,trained_blend,8,2,1000.0,100.0,100.0,-900.0,-900.0
super,威力彩,2010-W16,train,trained_family_ensemble,8,2,1000.0,187.5,187.5,-812.5,-812.5
super,威力彩,2010-W17,train,current_ensemble,8,2,1000.0,200.0,200.0,-800.0,-800.0
super,威力彩,2010-W17,train,random_5,8,2,1000.0,137.5,137.5,-862.5,-862.5
super,威力彩,2010-W17,train,trained_best_5,8,2,1000.0,37.5,37.5,-962.5,-962.5
super,威力彩,2010-W17,train,trained_blend,8,2,1000.0,100.0,100.0,-900.0,-900.0
super,威力彩,2010-W17,train,trained_family_ensemble,8,2,1000.0,212.5,212.5,-787.5,-787.5
super,威力彩,2010-W18,train,current_ensemble,8,2,1000.0,37.5,37.5,-962.5,-962.5
super,威力彩,2010-W18,train,random_5,8,2,1000.0,212.5,212.5,-787.5,-787.5
super,威力彩,2010-W18,train,trained_best_5,8,2,1000.0,212.5,212.5,-787.5,-787.5
super,威力彩,2010-W18,train,trained_blend,8,2,1000.0,250.0,250.0,-750.0,-750.0
super,威力彩,2010-W18,train,trained_family_ensemble,8,2,1000.0,50.0,50.0,-950.0,-950.0
super,威力彩,2010-W19,train,current_ensemble,8,2,1000.0,150.0,150.0,-850.0,-850.0
super,威力彩,2010-W19,train,random_5,8,2,1000.0,237.5,237.5,-762.5,-762.5
super,威力彩,2010-W19,train,trained_best_5,8,2,1000.0,112.5,112.5,-887.5,-887.5
super,威力彩,2010-W19,train,trained_blend,8,2,1000.0,200.0,200.0,-800.0,-800.0
super,威力彩,2010-W19,train,trained_family_ensemble,8,2,1000.0,212.5,212.5,-787.5,-787.5
super,威力彩,2010-W20,train,current_ensemble,8,2,1000.0,225.0,225.0,-775.0,-775.0
super,威力彩,2010-W20,train,random_5,8,2,1000.0,212.5,212.5,-787.5,-787.5
super,威力彩,2010-W20,train,trained_best_5,8,2,1000.0,112.5,112.5,-887.5,-887.5
super,威力彩,2010-W20,train,trained_blend,8,2,1000.0,200.0,200.0,-800.0,-800.0
super,威力彩,2010-W20,train,trained_family_ensemble,8,2,1000.0,187.5,187.5,-812.5,-812.5
super,威力彩,2010-W21,train,current_ensemble,8,2,1000.0,187.5,187.5,-812.5,-812.5
super,威力彩,2010-W21,train,random_5,8,2,1000.0,100.0,100.0,-900.0,-900.0
super,威力彩,2010-W21,train,trained_best_5,8,2,1000.0,687.5,687.5,-312.5,-312.5
super,威力彩,2010-W21,train,trained_blend,8,2,1000.0,125.0,125.0,-875.0,-875.0
super,威力彩,2010-W21,train,trained_family_ensemble,8,2,1000.0,600.0,600.0,-400.0,-400.0
super,威力彩,2010-W22,train,current_ensemble,8,2,1000.0,87.5,87.5,-912.5,-912.5
super,威力彩,2010-W22,train,random_5,8,2,1000.0,225.0,225.0,-775.0,-775.0
super,威力彩,2010-W22,train,trained_best_5,8,2,1000.0,2537.5,2537.5,1537.5,1537.5
super,威力彩,2010-W22,train,trained_blend,8,2,1000.0,225.0,225.0,-775.0,-775.0
super,威力彩,2010-W22,train,trained_family_ensemble,8,2,1000.0,50.0,50.0,-950.0,-950.0
super,威力彩,2010-W23,train,current_ensemble,8,2,1000.0,100.0,100.0,-900.0,-900.0
super,威力彩,2010-W23,train,random_5,8,2,1000.0,125.0,125.0,-875.0,-875.0
super,威力彩,2010-W23,train,trained_best_5,8,2,1000.0,112.5,112.5,-887.5,-887.5
super,威力彩,2010-W23,train,trained_blend,8,2,1000.0,175.0,175.0,-825.0,-825.0
super,威力彩,2010-W23,train,trained_family_ensemble,8,2,1000.0,100.0,100.0,-900.0,-900.0
super,威力彩,2010-W24,train,current_ensemble,8,2,1000.0,300.0,300.0,-700.0,-700.0
super,威力彩,2010-W24,train,random_5,8,2,1000.0,150.0,150.0,-850.0,-850.0
super,威力彩,2010-W24,train,trained_best_5,8,2,1000.0,275.0,275.0,-725.0,-725.0
super,威力彩,2010-W24,train,trained_blend,8,2,1000.0,162.5,162.5,-837.5,-837.5
super,威力彩,2010-W24,train,trained_family_ensemble,8,2,1000.0,262.5,262.5,-737.5,-737.5
super,威力彩,2010-W25,train,current_ensemble,8,2,1000.0,75.0,75.0,-925.0,-925.0
super,威力彩,2010-W25,train,random_5,8,2,1000.0,237.5,237.5,-762.5,-762.5
super,威力彩,2010-W25,train,trained_best_5,8,2,1000.0,150.0,150.0,-850.0,-850.0
super,威力彩,2010-W25,train,trained_blend,8,2,1000.0,175.0,175.0,-825.0,-825.0
super,威力彩,2010-W25,train,trained_family_ensemble,8,2,1000.0,150.0,150.0,-850.0,-850.0
super,威力彩,2010-W26,train,current_ensemble,8,2,1000.0,100.0,100.0,-900.0,-900.0
super,威力彩,2010-W26,train,random_5,8,2,1000.0,275.0,275.0,-725.0,-725.0
super,威力彩,2010-W26,train,trained_best_5,8,2,1000.0,25.0,25.0,-975.0,-975.0
super,威力彩,2010-W26,train,trained_blend,8,2,1000.0,125.0,125.0,-875.0,-875.0
super,威力彩,2010-W26,train,trained_family_ensemble,8,2,1000.0,137.5,137.5,-862.5,-862.5
super,威力彩,2010-W27,train,current_ensemble,8,2,1000.0,125.0,125.0,-875.0,-875.0
super,威力彩,2010-W27,train,random_5,8,2,1000.0,112.5,112.5,-887.5,-887.5
super,威力彩,2010-W27,train,trained_best_5,8,2,1000.0,275.0,275.0,-725.0,-725.0
super,威力彩,2010-W27,train,trained_blend,8,2,1000.0,187.5,187.5,-812.5,-812.5
super,威力彩,2010-W27,train,trained_family_ensemble,8,2,1000.0,125.0,125.0,-875.0,-875.0
super,威力彩,2010-W28,train,current_ensemble,8,2,1000.0,200.0,200.0,-800.0,-800.0
super,威力彩,2010-W28,train,random_5,8,2,1000.0,200.0,200.0,-800.0,-800.0
super,威力彩,2010-W28,train,trained_best_5,8,2,1000.0,112.5,112.5,-887.5,-887.5
super,威力彩,2010-W28,train,trained_blend,8,2,1000.0,200.0,200.0,-800.0,-800.0
super,威力彩,2010-W28,train,trained_family_ensemble,8,2,1000.0,237.5,237.5,-762.5,-762.5
super,威力彩,2010-W29,train,current_ensemble,8,2,1000.0,150.0,150.0,-850.0,-850.0
super,威力彩,2010-W29,train,random_5,8,2,1000.0,125.0,125.0,-875.0,-875.0
super,威力彩,2010-W29,train,trained_best_5,8,2,1000.0,125.0,125.0,-875.0,-875.0
super,威力彩,2010-W29,train,trained_blend,8,2,1000.0,212.5,212.5,-787.5,-787.5
super,威力彩,2010-W29,train,trained_family_ensemble,8,2,1000.0,75.0,75.0,-925.0,-925.0
super,威力彩,2010-W30,train,current_ensemble,8,2,1000.0,250.0,250.0,-750.0,-750.0
super,威力彩,2010-W30,train,random_5,8,2,1000.0,187.5,187.5,-812.5,-812.5
super,威力彩,2010-W30,train,trained_best_5,8,2,1000.0,187.5,187.5,-812.5,-812.5
super,威力彩,2010-W30,train,trained_blend,8,2,1000.0,150.0,150.0,-850.0,-850.0
super,威力彩,2010-W30,train,trained_family_ensemble,8,2,1000.0,262.5,262.5,-737.5,-737.5
super,威力彩,2010-W31,train,current_ensemble,8,2,1000.0,125.0,125.0,-875.0,-875.0
super,威力彩,2010-W31,train,random_5,8,2,1000.0,87.5,87.5,-912.5,-912.5
super,威力彩,2010-W31,train,trained_best_5,8,2,1000.0,137.5,137.5,-862.5,-862.5
super,威力彩,2010-W31,train,trained_blend,8,2,1000.0,125.0,125.0,-875.0,-875.0
super,威力彩,2010-W31,train,trained_family_ensemble,8,2,1000.0,125.0,125.0,-875.0,-875.0
super,威力彩,2010-W32,train,current_ensemble,8,2,1000.0,200.0,200.0,-800.0,-800.0
super,威力彩,2010-W32,train,random_5,8,2,1000.0,150.0,150.0,-850.0,-850.0
super,威力彩,2010-W32,train,trained_best_5,8,2,1000.0,125.0,125.0,-875.0,-875.0
super,威力彩,2010-W32,train,trained_blend,8,2,1000.0,150.0,150.0,-850.0,-850.0
super,威力彩,2010-W32,train,trained_family_ensemble,8,2,1000.0,125.0,125.0,-875.0,-875.0
super,威力彩,2010-W33,train,current_ensemble,8,2,1000.0,175.0,175.0,-825.0,-825.0
super,威力彩,2010-W33,train,random_5,8,2,1000.0,100.0,100.0,-900.0,-900.0
super,威力彩,2010-W33,train,trained_best_5,8,2,1000.0,125.0,125.0,-875.0,-875.0
super,威力彩,2010-W33,train,trained_blend,8,2,1000.0,112.5,112.5,-887.5,-887.5
super,威力彩,2010-W33,train,trained_family_ensemble,8,2,1000.0,162.5,162.5,-837.5,-837.5
super,威力彩,2010-W34,train,current_ensemble,8,2,1000.0,400.0,400.0,-600.0,-600.0
super,威力彩,2010-W34,train,random_5,8,2,1000.0,312.5,312.5,-687.5,-687.5
super,威力彩,2010-W34,train,trained_best_5,8,2,1000.0,187.5,187.5,-812.5,-812.5
super,威力彩,2010-W34,train,trained_blend,8,2,1000.0,237.5,237.5,-762.5,-762.5
super,威力彩,2010-W34,train,trained_family_ensemble,8,2,1000.0,312.5,312.5,-687.5,-687.5
super,威力彩,2010-W35,train,current_ensemble,8,2,1000.0,125.0,125.0,-875.0,-875.0
super,威力彩,2010-W35,train,random_5,8,2,1000.0,225.0,225.0,-775.0,-775.0
super,威力彩,2010-W35,train,trained_best_5,8,2,1000.0,125.0,125.0,-875.0,-875.0
super,威力彩,2010-W35,train,trained_blend,8,2,1000.0,175.0,175.0,-825.0,-825.0
super,威力彩,2010-W35,train,trained_family_ensemble,8,2,1000.0,50.0,50.0,-950.0,-950.0
super,威力彩,2010-W36,train,current_ensemble,8,2,1000.0,400.0,400.0,-600.0,-600.0
super,威力彩,2010-W36,train,random_5,8,2,1000.0,125.0,125.0,-875.0,-875.0
super,威力彩,2010-W36,train,trained_best_5,8,2,1000.0,250.0,250.0,-750.0,-750.0
super,威力彩,2010-W36,train,trained_blend,8,2,1000.0,175.0,175.0,-825.0,-825.0
super,威力彩,2010-W36,train,trained_family_ensemble,8,2,1000.0,187.5,187.5,-812.5,-812.5
super,威力彩,2010-W37,train,current_ensemble,8,2,1000.0,150.0,150.0,-850.0,-850.0
super,威力彩,2010-W37,train,random_5,8,2,1000.0,137.5,137.5,-862.5,-862.5
super,威力彩,2010-W37,train,trained_best_5,8,2,1000.0,275.0,275.0,-725.0,-725.0
super,威力彩,2010-W37,train,trained_blend,8,2,1000.0,225.0,225.0,-775.0,-775.0
super,威力彩,2010-W37,train,trained_family_ensemble,8,2,1000.0,150.0,150.0,-850.0,-850.0
super,威力彩,2010-W38,train,current_ensemble,8,2,1000.0,275.0,275.0,-725.0,-725.0
super,威力彩,2010-W38,train,random_5,8,2,1000.0,225.0,225.0,-775.0,-775.0
super,威力彩,2010-W38,train,trained_best_5,8,2,1000.0,87.5,87.5,-912.5,-912.5
super,威力彩,2010-W38,train,trained_blend,8,2,1000.0,100.0,100.0,-900.0,-900.0
super,威力彩,2010-W38,train,trained_family_ensemble,8,2,1000.0,262.5,262.5,-737.5,-737.5
super,威力彩,2010-W39,train,current_ensemble,8,2,1000.0,137.5,137.5,-862.5,-862.5
super,威力彩,2010-W39,train,random_5,8,2,1000.0,137.5,137.5,-862.5,-862.5
super,威力彩,2010-W39,train,trained_best_5,8,2,1000.0,87.5,87.5,-912.5,-912.5
super,威力彩,2010-W39,train,trained_blend,8,2,1000.0,187.5,187.5,-812.5,-812.5
super,威力彩,2010-W39,train,trained_family_ensemble,8,2,1000.0,137.5,137.5,-862.5,-862.5
super,威力彩,2010-W40,train,current_ensemble,8,2,1000.0,75.0,75.0,-925.0,-925.0
super,威力彩,2010-W40,train,random_5,8,2,1000.0,287.5,287.5,-712.5,-712.5
super,威力彩,2010-W40,train,trained_best_5,8,2,1000.0,75.0,75.0,-925.0,-925.0
super,威力彩,2010-W40,train,trained_blend,8,2,1000.0,150.0,150.0,-850.0,-850.0
super,威力彩,2010-W40,train,trained_family_ensemble,8,2,1000.0,100.0,100.0,-900.0,-900.0
super,威力彩,2010-W41,train,current_ensemble,8,2,1000.0,150.0,150.0,-850.0,-850.0
super,威力彩,2010-W41,train,random_5,8,2,1000.0,112.5,112.5,-887.5,-887.5
super,威力彩,2010-W41,train,trained_best_5,8,2,1000.0,137.5,137.5,-862.5,-862.5
super,威力彩,2010-W41,train,trained_blend,8,2,1000.0,62.5,62.5,-937.5,-937.5
super,威力彩,2010-W41,train,trained_family_ensemble,8,2,1000.0,62.5,62.5,-937.5,-937.5
super,威力彩,2010-W42,train,current_ensemble,8,2,1000.0,87.5,87.5,-912.5,-912.5
super,威力彩,2010-W42,train,random_5,8,2,1000.0,187.5,187.5,-812.5,-812.5
super,威力彩,2010-W42,train,trained_best_5,8,2,1000.0,250.0,250.0,-750.0,-750.0
super,威力彩,2010-W42,train,trained_blend,8,2,1000.0,100.0,100.0,-900.0,-900.0
super,威力彩,2010-W42,train,trained_family_ensemble,8,2,1000.0,75.0,75.0,-925.0,-925.0
super,威力彩,2010-W43,train,current_ensemble,8,2,1000.0,187.5,187.5,-812.5,-812.5
super,威力彩,2010-W43,train,random_5,8,2,1000.0,400.0,400.0,-600.0,-600.0
super,威力彩,2010-W43,train,trained_best_5,8,2,1000.0,212.5,212.5,-787.5,-787.5
super,威力彩,2010-W43,train,trained_blend,8,2,1000.0,237.5,237.5,-762.5,-762.5
super,威力彩,2010-W43,train,trained_family_ensemble,8,2,1000.0,162.5,162.5,-837.5,-837.5
super,威力彩,2010-W44,train,current_ensemble,8,2,1000.0,162.5,162.5,-837.5,-837.5
super,威力彩,2010-W44,train,random_5,8,2,1000.0,175.0,175.0,-825.0,-825.0
super,威力彩,2010-W44,train,trained_best_5,8,2,1000.0,150.0,150.0,-850.0,-850.0
super,威力彩,2010-W44,train,trained_blend,8,2,1000.0,62.5,62.5,-937.5,-937.5
super,威力彩,2010-W44,train,trained_family_ensemble,8,2,1000.0,150.0,150.0,-850.0,-850.0
super,威力彩,2010-W45,train,current_ensemble,8,2,1000.0,212.5,212.5,-787.5,-787.5
super,威力彩,2010-W45,train,random_5,8,2,1000.0,162.5,162.5,-837.5,-837.5
super,威力彩,2010-W45,train,trained_best_5,8,2,1000.0,75.0,75.0,-925.0,-925.0
super,威力彩,2010-W45,train,trained_blend,8,2,1000.0,175.0,175.0,-825.0,-825.0
super,威力彩,2010-W45,train,trained_family_ensemble,8,2,1000.0,350.0,350.0,-650.0,-650.0
super,威力彩,2010-W46,train,current_ensemble,8,2,1000.0,262.5,262.5,-737.5,-737.5
super,威力彩,2010-W46,train,random_5,8,2,1000.0,250.0,250.0,-750.0,-750.0
super,威力彩,2010-W46,train,trained_best_5,8,2,1000.0,100.0,100.0,-900.0,-900.0
super,威力彩,2010-W46,train,trained_blend,8,2,1000.0,225.0,225.0,-775.0,-775.0
super,威力彩,2010-W46,train,trained_family_ensemble,8,2,1000.0,275.0,275.0,-725.0,-725.0
super,威力彩,2010-W47,train,current_ensemble,8,2,1000.0,125.0,125.0,-875.0,-875.0
super,威力彩,2010-W47,train,random_5,8,2,1000.0,62.5,62.5,-937.5,-937.5
super,威力彩,2010-W47,train,trained_best_5,8,2,1000.0,37.5,37.5,-962.5,-962.5
super,威力彩,2010-W47,train,trained_blend,8,2,1000.0,100.0,100.0,-900.0,-900.0
super,威力彩,2010-W47,train,trained_family_ensemble,8,2,1000.0,112.5,112.5,-887.5,-887.5
super,威力彩,2010-W48,train,current_ensemble,8,2,1000.0,212.5,212.5,-787.5,-787.5
super,威力彩,2010-W48,train,random_5,8,2,1000.0,137.5,137.5,-862.5,-862.5
super,威力彩,2010-W48,train,trained_best_5,8,2,1000.0,125.0,125.0,-875.0,-875.0
super,威力彩,2010-W48,train,trained_blend,8,2,1000.0,150.0,150.0,-850.0,-850.0
super,威力彩,2010-W48,train,trained_family_ensemble,8,2,1000.0,100.0,100.0,-900.0,-900.0
super,威力彩,2010-W49,train,current_ensemble,8,2,1000.0,325.0,325.0,-675.0,-675.0
super,威力彩,2010-W49,train,random_5,8,2,1000.0,237.5,237.5,-762.5,-762.5
super,威力彩,2010-W49,train,trained_best_5,8,2,1000.0,337.5,337.5,-662.5,-662.5
super,威力彩,2010-W49,train,trained_blend,8,2,1000.0,275.0,275.0,-725.0,-725.0
super,威力彩,2010-W49,train,trained_family_ensemble,8,2,1000.0,225.0,225.0,-775.0,-775.0
super,威力彩,2010-W50,train,current_ensemble,8,2,1000.0,125.0,125.0,-875.0,-875.0
super,威力彩,2010-W50,train,random_5,8,2,1000.0,87.5,87.5,-912.5,-912.5
super,威力彩,2010-W50,train,trained_best_5,8,2,1000.0,112.5,112.5,-887.5,-887.5
super,威力彩,2010-W50,train,trained_blend,8,2,1000.0,75.0,75.0,-925.0,-925.0
super,威力彩,2010-W50,train,trained_family_ensemble,8,2,1000.0,112.5,112.5,-887.5,-887.5
super,威力彩,2010-W51,train,current_ensemble,8,2,1000.0,187.5,187.5,-812.5,-812.5
super,威力彩,2010-W51,train,random_5,8,2,1000.0,362.5,362.5,-637.5,-637.5
super,威力彩,2010-W51,train,trained_best_5,8,2,1000.0,87.5,87.5,-912.5,-912.5
super,威力彩,2010-W51,train,trained_blend,8,2,1000.0,312.5,312.5,-687.5,-687.5
super,威力彩,2010-W51,train,trained_family_ensemble,8,2,1000.0,187.5,187.5,-812.5,-812.5
super,威力彩,2010-W52,train,current_ensemble,8,2,1000.0,125.0,125.0,-875.0,-875.0
super,威力彩,2010-W52,train,random_5,8,2,1000.0,87.5,87.5,-912.5,-912.5
super,威力彩,2010-W52,train,trained_best_5,8,2,1000.0,212.5,212.5,-787.5,-787.5
super,威力彩,2010-W52,train,trained_blend,8,2,1000.0,137.5,137.5,-862.5,-862.5
super,威力彩,2010-W52,train,trained_family_ensemble,8,2,1000.0,175.0,175.0,-825.0,-825.0
super,威力彩,2011-W01,train,current_ensemble,8,2,1000.0,212.5,212.5,-787.5,-787.5
super,威力彩,2011-W01,train,random_5,8,2,1000.0,87.5,87.5,-912.5,-912.5
super,威力彩,2011-W01,train,trained_best_5,8,2,1000.0,150.0,150.0,-850.0,-850.0
super,威力彩,2011-W01,train,trained_blend,8,2,1000.0,112.5,112.5,-887.5,-887.5
super,威力彩,2011-W01,train,trained_family_ensemble,8,2,1000.0,175.0,175.0,-825.0,-825.0
super,威力彩,2011-W02,train,current_ensemble,8,2,1000.0,700.0,700.0,-300.0,-300.0
super,威力彩,2011-W02,train,random_5,8,2,1000.0,112.5,112.5,-887.5,-887.5
super,威力彩,2011-W02,train,trained_best_5,8,2,1000.0,275.0,275.0,-725.0,-725.0
super,威力彩,2011-W02,train,trained_blend,8,2,1000.0,600.0,600.0,-400.0,-400.0
super,威力彩,2011-W02,train,trained_family_ensemble,8,2,1000.0,675.0,675.0,-325.0,-325.0
super,威力彩,2011-W03,train,current_ensemble,8,2,1000.0,100.0,100.0,-900.0,-900.0
super,威力彩,2011-W03,train,random_5,8,2,1000.0,762.5,762.5,-237.5,-237.5
super,威力彩,2011-W03,train,trained_best_5,8,2,1000.0,187.5,187.5,-812.5,-812.5
super,威力彩,2011-W03,train,trained_blend,8,2,1000.0,287.5,287.5,-712.5,-712.5
super,威力彩,2011-W03,train,trained_family_ensemble,8,2,1000.0,112.5,112.5,-887.5,-887.5
super,威力彩,2011-W04,train,current_ensemble,8,2,1000.0,137.5,137.5,-862.5,-862.5
super,威力彩,2011-W04,train,random_5,8,2,1000.0,175.0,175.0,-825.0,-825.0
super,威力彩,2011-W04,train,trained_best_5,8,2,1000.0,100.0,100.0,-900.0,-900.0
super,威力彩,2011-W04,train,trained_blend,8,2,1000.0,137.5,137.5,-862.5,-862.5
super,威力彩,2011-W04,train,trained_family_ensemble,8,2,1000.0,112.5,112.5,-887.5,-887.5
super,威力彩,2011-W05,train,current_ensemble,8,2,1000.0,175.0,175.0,-825.0,-825.0
super,威力彩,2011-W05,train,random_5,8,2,1000.0,162.5,162.5,-837.5,-837.5
super,威力彩,2011-W05,train,trained_best_5,8,2,1000.0,100.0,100.0,-900.0,-900.0
super,威力彩,2011-W05,train,trained_blend,8,2,1000.0,200.0,200.0,-800.0,-800.0
super,威力彩,2011-W05,train,trained_family_ensemble,8,2,1000.0,100.0,100.0,-900.0,-900.0
super,威力彩,2011-W06,train,current_ensemble,8,2,1000.0,212.5,212.5,-787.5,-787.5
super,威力彩,2011-W06,train,random_5,8,2,1000.0,125.0,125.0,-875.0,-875.0
super,威力彩,2011-W06,train,trained_best_5,8,2,1000.0,200.0,200.0,-800.0,-800.0
super,威力彩,2011-W06,train,trained_blend,8,2,1000.0,225.0,225.0,-775.0,-775.0
super,威力彩,2011-W06,train,trained_family_ensemble,8,2,1000.0,187.5,187.5,-812.5,-812.5
super,威力彩,2011-W07,train,current_ensemble,8,2,1000.0,350.0,350.0,-650.0,-650.0
super,威力彩,2011-W07,train,random_5,8,2,1000.0,162.5,162.5,-837.5,-837.5
super,威力彩,2011-W07,train,trained_best_5,8,2,1000.0,112.5,112.5,-887.5,-887.5
super,威力彩,2011-W07,train,trained_blend,8,2,1000.0,262.5,262.5,-737.5,-737.5
super,威力彩,2011-W07,train,trained_family_ensemble,8,2,1000.0,250.0,250.0,-750.0,-750.0
super,威力彩,2011-W08,train,current_ensemble,8,2,1000.0,112.5,112.5,-887.5,-887.5
super,威力彩,2011-W08,train,random_5,8,2,1000.0,225.0,225.0,-775.0,-775.0
super,威力彩,2011-W08,train,trained_best_5,8,2,1000.0,175.0,175.0,-825.0,-825.0
super,威力彩,2011-W08,train,trained_blend,8,2,1000.0,137.5,137.5,-862.5,-862.5
super,威力彩,2011-W08,train,trained_family_ensemble,8,2,1000.0,100.0,100.0,-900.0,-900.0
super,威力彩,2011-W09,train,current_ensemble,8,2,1000.0,112.5,112.5,-887.5,-887.5
super,威力彩,2011-W09,train,random_5,8,2,1000.0,125.0,125.0,-875.0,-875.0
super,威力彩,2011-W09,train,trained_best_5,8,2,1000.0,250.0,250.0,-750.0,-750.0
super,威力彩,2011-W09,train,trained_blend,8,2,1000.0,137.5,137.5,-862.5,-862.5
super,威力彩,2011-W09,train,trained_family_ensemble,8,2,1000.0,137.5,137.5,-862.5,-862.5
super,威力彩,2011-W10,train,current_ensemble,8,2,1000.0,275.0,275.0,-725.0,-725.0
super,威力彩,2011-W10,train,random_5,8,2,1000.0,262.5,262.5,-737.5,-737.5
super,威力彩,2011-W10,train,trained_best_5,8,2,1000.0,287.5,287.5,-712.5,-712.5
super,威力彩,2011-W10,train,trained_blend,8,2,1000.0,225.0,225.0,-775.0,-775.0
super,威力彩,2011-W10,train,trained_family_ensemble,8,2,1000.0,250.0,250.0,-750.0,-750.0
super,威力彩,2011-W11,train,current_ensemble,8,2,1000.0,212.5,212.5,-787.5,-787.5
super,威力彩,2011-W11,train,random_5,8,2,1000.0,50.0,50.0,-950.0,-950.0
super,威力彩,2011-W11,train,trained_best_5,8,2,1000.0,287.5,287.5,-712.5,-712.5
super,威力彩,2011-W11,train,trained_blend,8,2,1000.0,662.5,662.5,-337.5,-337.5
super,威力彩,2011-W11,train,trained_family_ensemble,8,2,1000.0,225.0,225.0,-775.0,-775.0
super,威力彩,2011-W12,train,current_ensemble,8,2,1000.0,137.5,137.5,-862.5,-862.5
super,威力彩,2011-W12,train,random_5,8,2,1000.0,200.0,200.0,-800.0,-800.0
super,威力彩,2011-W12,train,trained_best_5,8,2,1000.0,50.0,50.0,-950.0,-950.0
super,威力彩,2011-W12,train,trained_blend,8,2,1000.0,200.0,200.0,-800.0,-800.0
super,威力彩,2011-W12,train,trained_family_ensemble,8,2,1000.0,175.0,175.0,-825.0,-825.0
super,威力彩,2011-W13,train,current_ensemble,8,2,1000.0,112.5,112.5,-887.5,-887.5
super,威力彩,2011-W13,train,random_5,8,2,1000.0,125.0,125.0,-875.0,-875.0
super,威力彩,2011-W13,train,trained_best_5,8,2,1000.0,287.5,287.5,-712.5,-712.5
super,威力彩,2011-W13,train,trained_blend,8,2,1000.0,112.5,112.5,-887.5,-887.5
super,威力彩,2011-W13,train,trained_family_ensemble,8,2,1000.0,125.0,125.0,-875.0,-875.0
super,威力彩,2011-W14,train,current_ensemble,8,2,1000.0,175.0,175.0,-825.0,-825.0
super,威力彩,2011-W14,train,random_5,8,2,1000.0,250.0,250.0,-750.0,-750.0
super,威力彩,2011-W14,train,trained_best_5,8,2,1000.0,125.0,125.0,-875.0,-875.0
super,威力彩,2011-W14,train,trained_blend,8,2,1000.0,150.0,150.0,-850.0,-850.0
super,威力彩,2011-W14,train,trained_family_ensemble,8,2,1000.0,112.5,112.5,-887.5,-887.5
super,威力彩,2011-W15,train,current_ensemble,8,2,1000.0,200.0,200.0,-800.0,-800.0
super,威力彩,2011-W15,train,random_5,8,2,1000.0,237.5,237.5,-762.5,-762.5
super,威力彩,2011-W15,train,trained_best_5,8,2,1000.0,150.0,150.0,-850.0,-850.0
super,威力彩,2011-W15,train,trained_blend,8,2,1000.0,175.0,175.0,-825.0,-825.0
super,威力彩,2011-W15,train,trained_family_ensemble,8,2,1000.0,137.5,137.5,-862.5,-862.5
super,威力彩,2011-W16,train,current_ensemble,8,2,1000.0,400.0,400.0,-600.0,-600.0
super,威力彩,2011-W16,train,random_5,8,2,1000.0,2700.0,2700.0,1700.0,1700.0
super,威力彩,2011-W16,train,trained_best_5,8,2,1000.0,225.0,225.0,-775.0,-775.0
super,威力彩,2011-W16,train,trained_blend,8,2,1000.0,150.0,150.0,-850.0,-850.0
super,威力彩,2011-W16,train,trained_family_ensemble,8,2,1000.0,2875.0,2875.0,1875.0,1875.0
super,威力彩,2011-W17,train,current_ensemble,8,2,1000.0,162.5,162.5,-837.5,-837.5
super,威力彩,2011-W17,train,random_5,8,2,1000.0,62.5,62.5,-937.5,-937.5
super,威力彩,2011-W17,train,trained_best_5,8,2,1000.0,175.0,175.0,-825.0,-825.0
super,威力彩,2011-W17,train,trained_blend,8,2,1000.0,125.0,125.0,-875.0,-875.0
super,威力彩,2011-W17,train,trained_family_ensemble,8,2,1000.0,237.5,237.5,-762.5,-762.5
super,威力彩,2011-W18,train,current_ensemble,8,2,1000.0,112.5,112.5,-887.5,-887.5
super,威力彩,2011-W18,train,random_5,8,2,1000.0,187.5,187.5,-812.5,-812.5
super,威力彩,2011-W18,train,trained_best_5,8,2,1000.0,2637.5,2637.5,1637.5,1637.5
super,威力彩,2011-W18,train,trained_blend,8,2,1000.0,2637.5,2637.5,1637.5,1637.5
super,威力彩,2011-W18,train,trained_family_ensemble,8,2,1000.0,137.5,137.5,-862.5,-862.5
super,威力彩,2011-W19,train,current_ensemble,8,2,1000.0,162.5,162.5,-837.5,-837.5
super,威力彩,2011-W19,train,random_5,8,2,1000.0,162.5,162.5,-837.5,-837.5
super,威力彩,2011-W19,train,trained_best_5,8,2,1000.0,137.5,137.5,-862.5,-862.5
super,威力彩,2011-W19,train,trained_blend,8,2,1000.0,200.0,200.0,-800.0,-800.0
super,威力彩,2011-W19,train,trained_family_ensemble,8,2,1000.0,175.0,175.0,-825.0,-825.0
super,威力彩,2011-W20,train,current_ensemble,8,2,1000.0,400.0,400.0,-600.0,-600.0
super,威力彩,2011-W20,train,random_5,8,2,1000.0,350.0,350.0,-650.0,-650.0
super,威力彩,2011-W20,train,trained_best_5,8,2,1000.0,100.0,100.0,-900.0,-900.0
super,威力彩,2011-W20,train,trained_blend,8,2,1000.0,262.5,262.5,-737.5,-737.5
super,威力彩,2011-W20,train,trained_family_ensemble,8,2,1000.0,250.0,250.0,-750.0,-750.0
super,威力彩,2011-W21,train,current_ensemble,8,2,1000.0,175.0,175.0,-825.0,-825.0
super,威力彩,2011-W21,train,random_5,8,2,1000.0,162.5,162.5,-837.5,-837.5
super,威力彩,2011-W21,train,trained_best_5,8,2,1000.0,112.5,112.5,-887.5,-887.5
super,威力彩,2011-W21,train,trained_blend,8,2,1000.0,137.5,137.5,-862.5,-862.5
super,威力彩,2011-W21,train,trained_family_ensemble,8,2,1000.0,150.0,150.0,-850.0,-850.0
super,威力彩,2011-W22,train,current_ensemble,8,2,1000.0,237.5,237.5,-762.5,-762.5
super,威力彩,2011-W22,train,random_5,8,2,1000.0,237.5,237.5,-762.5,-762.5
super,威力彩,2011-W22,train,trained_best_5,8,2,1000.0,87.5,87.5,-912.5,-912.5
super,威力彩,2011-W22,train,trained_blend,8,2,1000.0,175.0,175.0,-825.0,-825.0
super,威力彩,2011-W22,train,trained_family_ensemble,8,2,1000.0,200.0,200.0,-800.0,-800.0
super,威力彩,2011-W23,train,current_ensemble,8,2,1000.0,137.5,137.5,-862.5,-862.5
super,威力彩,2011-W23,train,random_5,8,2,1000.0,125.0,125.0,-875.0,-875.0
super,威力彩,2011-W23,train,trained_best_5,8,2,1000.0,50.0,50.0,-950.0,-950.0
super,威力彩,2011-W23,train,trained_blend,8,2,1000.0,150.0,150.0,-850.0,-850.0
super,威力彩,2011-W23,train,trained_family_ensemble,8,2,1000.0,162.5,162.5,-837.5,-837.5
super,威力彩,2011-W24,train,current_ensemble,8,2,1000.0,75.0,75.0,-925.0,-925.0
super,威力彩,2011-W24,train,random_5,8,2,1000.0,87.5,87.5,-912.5,-912.5
super,威力彩,2011-W24,train,trained_best_5,8,2,1000.0,162.5,162.5,-837.5,-837.5
super,威力彩,2011-W24,train,trained_blend,8,2,1000.0,100.0,100.0,-900.0,-900.0
super,威力彩,2011-W24,train,trained_family_ensemble,8,2,1000.0,200.0,200.0,-800.0,-800.0
super,威力彩,2011-W25,train,current_ensemble,8,2,1000.0,112.5,112.5,-887.5,-887.5
super,威力彩,2011-W25,train,random_5,8,2,1000.0,175.0,175.0,-825.0,-825.0
super,威力彩,2011-W25,train,trained_best_5,8,2,1000.0,362.5,362.5,-637.5,-637.5
super,威力彩,2011-W25,train,trained_blend,8,2,1000.0,100.0,100.0,-900.0,-900.0
super,威力彩,2011-W25,train,trained_family_ensemble,8,2,1000.0,150.0,150.0,-850.0,-850.0
super,威力彩,2011-W26,train,current_ensemble,8,2,1000.0,150.0,150.0,-850.0,-850.0
super,威力彩,2011-W26,train,random_5,8,2,1000.0,225.0,225.0,-775.0,-775.0
super,威力彩,2011-W26,train,trained_best_5,8,2,1000.0,150.0,150.0,-850.0,-850.0
super,威力彩,2011-W26,train,trained_blend,8,2,1000.0,187.5,187.5,-812.5,-812.5
super,威力彩,2011-W26,train,trained_family_ensemble,8,2,1000.0,125.0,125.0,-875.0,-875.0
super,威力彩,2011-W27,train,current_ensemble,8,2,1000.0,100.0,100.0,-900.0,-900.0
super,威力彩,2011-W27,train,random_5,8,2,1000.0,187.5,187.5,-812.5,-812.5
super,威力彩,2011-W27,train,trained_best_5,8,2,1000.0,250.0,250.0,-750.0,-750.0
super,威力彩,2011-W27,train,trained_blend,8,2,1000.0,175.0,175.0,-825.0,-825.0
super,威力彩,2011-W27,train,trained_family_ensemble,8,2,1000.0,125.0,125.0,-875.0,-875.0
super,威力彩,2011-W28,train,current_ensemble,8,2,1000.0,112.5,112.5,-887.5,-887.5
super,威力彩,2011-W28,train,random_5,8,2,1000.0,212.5,212.5,-787.5,-787.5
super,威力彩,2011-W28,train,trained_best_5,8,2,1000.0,62.5,62.5,-937.5,-937.5
super,威力彩,2011-W28,train,trained_blend,8,2,1000.0,187.5,187.5,-812.5,-812.5
super,威力彩,2011-W28,train,trained_family_ensemble,8,2,1000.0,150.0,150.0,-850.0,-850.0
super,威力彩,2011-W29,train,current_ensemble,8,2,1000.0,325.0,325.0,-675.0,-675.0
super,威力彩,2011-W29,train,random_5,8,2,1000.0,75.0,75.0,-925.0,-925.0
super,威力彩,2011-W29,train,trained_best_5,8,2,1000.0,262.5,262.5,-737.5,-737.5
super,威力彩,2011-W29,train,trained_blend,8,2,1000.0,87.5,87.5,-912.5,-912.5
super,威力彩,2011-W29,train,trained_family_ensemble,8,2,1000.0,287.5,287.5,-712.5,-712.5
super,威力彩,2011-W30,train,current_ensemble,8,2,1000.0,287.5,287.5,-712.5,-712.5
super,威力彩,2011-W30,train,random_5,8,2,1000.0,275.0,275.0,-725.0,-725.0
super,威力彩,2011-W30,train,trained_best_5,8,2,1000.0,175.0,175.0,-825.0,-825.0
super,威力彩,2011-W30,train,trained_blend,8,2,1000.0,237.5,237.5,-762.5,-762.5
super,威力彩,2011-W30,train,trained_family_ensemble,8,2,1000.0,375.0,375.0,-625.0,-625.0
super,威力彩,2011-W31,train,current_ensemble,8,2,1000.0,287.5,287.5,-712.5,-712.5
super,威力彩,2011-W31,train,random_5,8,2,1000.0,212.5,212.5,-787.5,-787.5
super,威力彩,2011-W31,train,trained_best_5,8,2,1000.0,75.0,75.0,-925.0,-925.0
super,威力彩,2011-W31,train,trained_blend,8,2,1000.0,187.5,187.5,-812.5,-812.5
super,威力彩,2011-W31,train,trained_family_ensemble,8,2,1000.0,262.5,262.5,-737.5,-737.5
super,威力彩,2011-W32,train,current_ensemble,8,2,1000.0,100.0,100.0,-900.0,-900.0
super,威力彩,2011-W32,train,random_5,8,2,1000.0,237.5,237.5,-762.5,-762.5
super,威力彩,2011-W32,train,trained_best_5,8,2,1000.0,75.0,75.0,-925.0,-925.0
super,威力彩,2011-W32,train,trained_blend,8,2,1000.0,187.5,187.5,-812.5,-812.5
super,威力彩,2011-W32,train,trained_family_ensemble,8,2,1000.0,100.0,100.0,-900.0,-900.0
super,威力彩,2011-W33,train,current_ensemble,8,2,1000.0,237.5,237.5,-762.5,-762.5
super,威力彩,2011-W33,train,random_5,8,2,1000.0,100.0,100.0,-900.0,-900.0
super,威力彩,2011-W33,train,trained_best_5,8,2,1000.0,125.0,125.0,-875.0,-875.0
super,威力彩,2011-W33,train,trained_blend,8,2,1000.0,150.0,150.0,-850.0,-850.0
super,威力彩,2011-W33,train,trained_family_ensemble,8,2,1000.0,262.5,262.5,-737.5,-737.5
super,威力彩,2011-W34,train,current_ensemble,8,2,1000.0,275.0,275.0,-725.0,-725.0
super,威力彩,2011-W34,train,random_5,8,2,1000.0,300.0,300.0,-700.0,-700.0
super,威力彩,2011-W34,train,trained_best_5,8,2,1000.0,175.0,175.0,-825.0,-825.0
super,威力彩,2011-W34,train,trained_blend,8,2,1000.0,250.0,250.0,-750.0,-750.0
super,威力彩,2011-W34,train,trained_family_ensemble,8,2,1000.0,225.0,225.0,-775.0,-775.0
super,威力彩,2011-W35,train,current_ensemble,8,2,1000.0,125.0,125.0,-875.0,-875.0
super,威力彩,2011-W35,train,random_5,8,2,1000.0,287.5,287.5,-712.5,-712.5
super,威力彩,2011-W35,train,trained_best_5,8,2,1000.0,162.5,162.5,-837.5,-837.5
super,威力彩,2011-W35,train,trained_blend,8,2,1000.0,175.0,175.0,-825.0,-825.0
super,威力彩,2011-W35,train,trained_family_ensemble,8,2,1000.0,162.5,162.5,-837.5,-837.5
super,威力彩,2011-W36,train,current_ensemble,8,2,1000.0,225.0,225.0,-775.0,-775.0
super,威力彩,2011-W36,train,random_5,8,2,1000.0,250.0,250.0,-750.0,-750.0
super,威力彩,2011-W36,train,trained_best_5,8,2,1000.0,87.5,87.5,-912.5,-912.5
super,威力彩,2011-W36,train,trained_blend,8,2,1000.0,175.0,175.0,-825.0,-825.0
super,威力彩,2011-W36,train,trained_family_ensemble,8,2,1000.0,200.0,200.0,-800.0,-800.0
super,威力彩,2011-W37,train,current_ensemble,8,2,1000.0,137.5,137.5,-862.5,-862.5
super,威力彩,2011-W37,train,random_5,8,2,1000.0,175.0,175.0,-825.0,-825.0
super,威力彩,2011-W37,train,trained_best_5,8,2,1000.0,62.5,62.5,-937.5,-937.5
super,威力彩,2011-W37,train,trained_blend,8,2,1000.0,162.5,162.5,-837.5,-837.5
super,威力彩,2011-W37,train,trained_family_ensemble,8,2,1000.0,100.0,100.0,-900.0,-900.0
super,威力彩,2011-W38,train,current_ensemble,8,2,1000.0,212.5,212.5,-787.5,-787.5
super,威力彩,2011-W38,train,random_5,8,2,1000.0,187.5,187.5,-812.5,-812.5
super,威力彩,2011-W38,train,trained_best_5,8,2,1000.0,250.0,250.0,-750.0,-750.0
super,威力彩,2011-W38,train,trained_blend,8,2,1000.0,162.5,162.5,-837.5,-837.5
super,威力彩,2011-W38,train,trained_family_ensemble,8,2,1000.0,225.0,225.0,-775.0,-775.0
super,威力彩,2011-W39,train,current_ensemble,8,2,1000.0,175.0,175.0,-825.0,-825.0
super,威力彩,2011-W39,train,random_5,8,2,1000.0,187.5,187.5,-812.5,-812.5
super,威力彩,2011-W39,train,trained_best_5,8,2,1000.0,287.5,287.5,-712.5,-712.5
super,威力彩,2011-W39,train,trained_blend,8,2,1000.0,200.0,200.0,-800.0,-800.0
super,威力彩,2011-W39,train,trained_family_ensemble,8,2,1000.0,275.0,275.0,-725.0,-725.0
super,威力彩,2011-W40,train,current_ensemble,8,2,1000.0,187.5,187.5,-812.5,-812.5
super,威力彩,2011-W40,train,random_5,8,2,1000.0,400.0,400.0,-600.0,-600.0
super,威力彩,2011-W40,train,trained_best_5,8,2,1000.0,87.5,87.5,-912.5,-912.5
super,威力彩,2011-W40,train,trained_blend,8,2,1000.0,225.0,225.0,-775.0,-775.0
super,威力彩,2011-W40,train,trained_family_ensemble,8,2,1000.0,225.0,225.0,-775.0,-775.0
super,威力彩,2011-W41,train,current_ensemble,8,2,1000.0,112.5,112.5,-887.5,-887.5
super,威力彩,2011-W41,train,random_5,8,2,1000.0,225.0,225.0,-775.0,-775.0
super,威力彩,2011-W41,train,trained_best_5,8,2,1000.0,50.0,50.0,-950.0,-950.0
super,威力彩,2011-W41,train,trained_blend,8,2,1000.0,125.0,125.0,-875.0,-875.0
super,威力彩,2011-W41,train,trained_family_ensemble,8,2,1000.0,87.5,87.5,-912.5,-912.5
super,威力彩,2011-W42,train,current_ensemble,8,2,1000.0,700.0,700.0,-300.0,-300.0
super,威力彩,2011-W42,train,random_5,8,2,1000.0,137.5,137.5,-862.5,-862.5
super,威力彩,2011-W42,train,trained_best_5,8,2,1000.0,225.0,225.0,-775.0,-775.0
super,威力彩,2011-W42,train,trained_blend,8,2,1000.0,125.0,125.0,-875.0,-875.0
super,威力彩,2011-W42,train,trained_family_ensemble,8,2,1000.0,112.5,112.5,-887.5,-887.5
super,威力彩,2011-W43,train,current_ensemble,8,2,1000.0,2737.5,2737.5,1737.5,1737.5
super,威力彩,2011-W43,train,random_5,8,2,1000.0,125.0,125.0,-875.0,-875.0
super,威力彩,2011-W43,train,trained_best_5,8,2,1000.0,237.5,237.5,-762.5,-762.5
super,威力彩,2011-W43,train,trained_blend,8,2,1000.0,187.5,187.5,-812.5,-812.5
super,威力彩,2011-W43,train,trained_family_ensemble,8,2,1000.0,237.5,237.5,-762.5,-762.5
super,威力彩,2011-W44,train,current_ensemble,8,2,1000.0,87.5,87.5,-912.5,-912.5
super,威力彩,2011-W44,train,random_5,8,2,1000.0,87.5,87.5,-912.5,-912.5
super,威力彩,2011-W44,train,trained_best_5,8,2,1000.0,212.5,212.5,-787.5,-787.5
super,威力彩,2011-W44,train,trained_blend,8,2,1000.0,112.5,112.5,-887.5,-887.5
super,威力彩,2011-W44,train,trained_family_ensemble,8,2,1000.0,162.5,162.5,-837.5,-837.5
super,威力彩,2011-W45,train,current_ensemble,8,2,1000.0,175.0,175.0,-825.0,-825.0
super,威力彩,2011-W45,train,random_5,8,2,1000.0,212.5,212.5,-787.5,-787.5
super,威力彩,2011-W45,train,trained_best_5,8,2,1000.0,150.0,150.0,-850.0,-850.0
super,威力彩,2011-W45,train,trained_blend,8,2,1000.0,137.5,137.5,-862.5,-862.5
super,威力彩,2011-W45,train,trained_family_ensemble,8,2,1000.0,237.5,237.5,-762.5,-762.5
super,威力彩,2011-W46,train,current_ensemble,8,2,1000.0,200.0,200.0,-800.0,-800.0
super,威力彩,2011-W46,train,random_5,8,2,1000.0,125.0,125.0,-875.0,-875.0
super,威力彩,2011-W46,train,trained_best_5,8,2,1000.0,275.0,275.0,-725.0,-725.0
super,威力彩,2011-W46,train,trained_blend,8,2,1000.0,112.5,112.5,-887.5,-887.5
super,威力彩,2011-W46,train,trained_family_ensemble,8,2,1000.0,100.0,100.0,-900.0,-900.0
super,威力彩,2011-W47,train,current_ensemble,8,2,1000.0,150.0,150.0,-850.0,-850.0
super,威力彩,2011-W47,train,random_5,8,2,1000.0,200.0,200.0,-800.0,-800.0
super,威力彩,2011-W47,train,trained_best_5,8,2,1000.0,87.5,87.5,-912.5,-912.5
super,威力彩,2011-W47,train,trained_blend,8,2,1000.0,137.5,137.5,-862.5,-862.5
super,威力彩,2011-W47,train,trained_family_ensemble,8,2,1000.0,187.5,187.5,-812.5,-812.5
super,威力彩,2011-W48,train,current_ensemble,8,2,1000.0,150.0,150.0,-850.0,-850.0
super,威力彩,2011-W48,train,random_5,8,2,1000.0,250.0,250.0,-750.0,-750.0
super,威力彩,2011-W48,train,trained_best_5,8,2,1000.0,150.0,150.0,-850.0,-850.0
super,威力彩,2011-W48,train,trained_blend,8,2,1000.0,262.5,262.5,-737.5,-737.5
super,威力彩,2011-W48,train,trained_family_ensemble,8,2,1000.0,200.0,200.0,-800.0,-800.0
super,威力彩,2011-W49,train,current_ensemble,8,2,1000.0,75.0,75.0,-925.0,-925.0
super,威力彩,2011-W49,train,random_5,8,2,1000.0,112.5,112.5,-887.5,-887.5
super,威力彩,2011-W49,train,trained_best_5,8,2,1000.0,125.0,125.0,-875.0,-875.0
super,威力彩,2011-W49,train,trained_blend,8,2,1000.0,137.5,137.5,-862.5,-862.5
super,威力彩,2011-W49,train,trained_family_ensemble,8,2,1000.0,100.0,100.0,-900.0,-900.0
super,威力彩,2011-W50,train,current_ensemble,8,2,1000.0,650.0,650.0,-350.0,-350.0
super,威力彩,2011-W50,train,random_5,8,2,1000.0,187.5,187.5,-812.5,-812.5
super,威力彩,2011-W50,train,trained_best_5,8,2,1000.0,687.5,687.5,-312.5,-312.5
super,威力彩,2011-W50,train,trained_blend,8,2,1000.0,237.5,237.5,-762.5,-762.5
super,威力彩,2011-W50,train,trained_family_ensemble,8,2,1000.0,637.5,637.5,-362.5,-362.5
super,威力彩,2011-W51,train,current_ensemble,8,2,1000.0,237.5,237.5,-762.5,-762.5
super,威力彩,2011-W51,train,random_5,8,2,1000.0,175.0,175.0,-825.0,-825.0
super,威力彩,2011-W51,train,trained_best_5,8,2,1000.0,125.0,125.0,-875.0,-875.0
super,威力彩,2011-W51,train,trained_blend,8,2,1000.0,150.0,150.0,-850.0,-850.0
super,威力彩,2011-W51,train,trained_family_ensemble,8,2,1000.0,250.0,250.0,-750.0,-750.0
super,威力彩,2011-W52,train,current_ensemble,8,2,1000.0,137.5,137.5,-862.5,-862.5
super,威力彩,2011-W52,train,random_5,8,2,1000.0,125.0,125.0,-875.0,-875.0
super,威力彩,2011-W52,train,trained_best_5,8,2,1000.0,150.0,150.0,-850.0,-850.0
super,威力彩,2011-W52,train,trained_blend,8,2,1000.0,187.5,187.5,-812.5,-812.5
super,威力彩,2011-W52,train,trained_family_ensemble,8,2,1000.0,100.0,100.0,-900.0,-900.0
super,威力彩,2012-W01,train,current_ensemble,8,2,1000.0,237.5,237.5,-762.5,-762.5
super,威力彩,2012-W01,train,random_5,8,2,1000.0,312.5,312.5,-687.5,-687.5
super,威力彩,2012-W01,train,trained_best_5,8,2,1000.0,162.5,162.5,-837.5,-837.5
super,威力彩,2012-W01,train,trained_blend,8,2,1000.0,150.0,150.0,-850.0,-850.0
super,威力彩,2012-W01,train,trained_family_ensemble,8,2,1000.0,637.5,637.5,-362.5,-362.5
super,威力彩,2012-W02,train,current_ensemble,8,2,1000.0,75.0,75.0,-925.0,-925.0
super,威力彩,2012-W02,train,random_5,8,2,1000.0,75.0,75.0,-925.0,-925.0
super,威力彩,2012-W02,train,trained_best_5,8,2,1000.0,200.0,200.0,-800.0,-800.0
super,威力彩,2012-W02,train,trained_blend,8,2,1000.0,137.5,137.5,-862.5,-862.5
super,威力彩,2012-W02,train,trained_family_ensemble,8,2,1000.0,37.5,37.5,-962.5,-962.5
super,威力彩,2012-W03,train,current_ensemble,8,2,1000.0,212.5,212.5,-787.5,-787.5
super,威力彩,2012-W03,train,random_5,8,2,1000.0,200.0,200.0,-800.0,-800.0
super,威力彩,2012-W03,train,trained_best_5,8,2,1000.0,312.5,312.5,-687.5,-687.5
super,威力彩,2012-W03,train,trained_blend,8,2,1000.0,212.5,212.5,-787.5,-787.5
super,威力彩,2012-W03,train,trained_family_ensemble,8,2,1000.0,162.5,162.5,-837.5,-837.5
super,威力彩,2012-W04,train,current_ensemble,8,2,1000.0,237.5,237.5,-762.5,-762.5
super,威力彩,2012-W04,train,random_5,8,2,1000.0,125.0,125.0,-875.0,-875.0
super,威力彩,2012-W04,train,trained_best_5,8,2,1000.0,337.5,337.5,-662.5,-662.5
super,威力彩,2012-W04,train,trained_blend,8,2,1000.0,187.5,187.5,-812.5,-812.5
super,威力彩,2012-W04,train,trained_family_ensemble,8,2,1000.0,175.0,175.0,-825.0,-825.0
super,威力彩,2012-W05,train,current_ensemble,8,2,1000.0,275.0,275.0,-725.0,-725.0
super,威力彩,2012-W05,train,random_5,8,2,1000.0,212.5,212.5,-787.5,-787.5
super,威力彩,2012-W05,train,trained_best_5,8,2,1000.0,150.0,150.0,-850.0,-850.0
super,威力彩,2012-W05,train,trained_blend,8,2,1000.0,225.0,225.0,-775.0,-775.0
super,威力彩,2012-W05,train,trained_family_ensemble,8,2,1000.0,262.5,262.5,-737.5,-737.5
super,威力彩,2012-W06,train,current_ensemble,8,2,1000.0,187.5,187.5,-812.5,-812.5
super,威力彩,2012-W06,train,random_5,8,2,1000.0,137.5,137.5,-862.5,-862.5
super,威力彩,2012-W06,train,trained_best_5,8,2,1000.0,100.0,100.0,-900.0,-900.0
super,威力彩,2012-W06,train,trained_blend,8,2,1000.0,87.5,87.5,-912.5,-912.5
super,威力彩,2012-W06,train,trained_family_ensemble,8,2,1000.0,125.0,125.0,-875.0,-875.0
super,威力彩,2012-W07,train,current_ensemble,8,2,1000.0,125.0,125.0,-875.0,-875.0
super,威力彩,2012-W07,train,random_5,8,2,1000.0,112.5,112.5,-887.5,-887.5
super,威力彩,2012-W07,train,trained_best_5,8,2,1000.0,112.5,112.5,-887.5,-887.5
super,威力彩,2012-W07,train,trained_blend,8,2,1000.0,137.5,137.5,-862.5,-862.5
super,威力彩,2012-W07,train,trained_family_ensemble,8,2,1000.0,100.0,100.0,-900.0,-900.0
super,威力彩,2012-W08,train,current_ensemble,8,2,1000.0,237.5,237.5,-762.5,-762.5
super,威力彩,2012-W08,train,random_5,8,2,1000.0,237.5,237.5,-762.5,-762.5
super,威力彩,2012-W08,train,trained_best_5,8,2,1000.0,175.0,175.0,-825.0,-825.0
super,威力彩,2012-W08,train,trained_blend,8,2,1000.0,137.5,137.5,-862.5,-862.5
super,威力彩,2012-W08,train,trained_family_ensemble,8,2,1000.0,287.5,287.5,-712.5,-712.5
super,威力彩,2012-W09,train,current_ensemble,8,2,1000.0,125.0,125.0,-875.0,-875.0
super,威力彩,2012-W09,train,random_5,8,2,1000.0,137.5,137.5,-862.5,-862.5
super,威力彩,2012-W09,train,trained_best_5,8,2,1000.0,200.0,200.0,-800.0,-800.0
super,威力彩,2012-W09,train,trained_blend,8,2,1000.0,275.0,275.0,-725.0,-725.0
super,威力彩,2012-W09,train,trained_family_ensemble,8,2,1000.0,162.5,162.5,-837.5,-837.5
super,威力彩,2012-W10,train,current_ensemble,8,2,1000.0,75.0,75.0,-925.0,-925.0
super,威力彩,2012-W10,train,random_5,8,2,1000.0,175.0,175.0,-825.0,-825.0
super,威力彩,2012-W10,train,trained_best_5,8,2,1000.0,150.0,150.0,-850.0,-850.0
super,威力彩,2012-W10,train,trained_blend,8,2,1000.0,150.0,150.0,-850.0,-850.0
super,威力彩,2012-W10,train,trained_family_ensemble,8,2,1000.0,150.0,150.0,-850.0,-850.0
super,威力彩,2012-W11,train,current_ensemble,8,2,1000.0,262.5,262.5,-737.5,-737.5
super,威力彩,2012-W11,train,random_5,8,2,1000.0,137.5,137.5,-862.5,-862.5
super,威力彩,2012-W11,train,trained_best_5,8,2,1000.0,50.0,50.0,-950.0,-950.0
super,威力彩,2012-W11,train,trained_blend,8,2,1000.0,600.0,600.0,-400.0,-400.0
super,威力彩,2012-W11,train,trained_family_ensemble,8,2,1000.0,212.5,212.5,-787.5,-787.5
super,威力彩,2012-W12,train,current_ensemble,8,2,1000.0,150.0,150.0,-850.0,-850.0
super,威力彩,2012-W12,train,random_5,8,2,1000.0,150.0,150.0,-850.0,-850.0
super,威力彩,2012-W12,train,trained_best_5,8,2,1000.0,62.5,62.5,-937.5,-937.5
super,威力彩,2012-W12,train,trained_blend,8,2,1000.0,187.5,187.5,-812.5,-812.5
super,威力彩,2012-W12,train,trained_family_ensemble,8,2,1000.0,87.5,87.5,-912.5,-912.5
super,威力彩,2012-W13,train,current_ensemble,8,2,1000.0,150.0,150.0,-850.0,-850.0
super,威力彩,2012-W13,train,random_5,8,2,1000.0,275.0,275.0,-725.0,-725.0
super,威力彩,2012-W13,train,trained_best_5,8,2,1000.0,137.5,137.5,-862.5,-862.5
super,威力彩,2012-W13,train,trained_blend,8,2,1000.0,175.0,175.0,-825.0,-825.0
super,威力彩,2012-W13,train,trained_family_ensemble,8,2,1000.0,212.5,212.5,-787.5,-787.5
super,威力彩,2012-W14,train,current_ensemble,8,2,1000.0,237.5,237.5,-762.5,-762.5
super,威力彩,2012-W14,train,random_5,8,2,1000.0,262.5,262.5,-737.5,-737.5
super,威力彩,2012-W14,train,trained_best_5,8,2,1000.0,100.0,100.0,-900.0,-900.0
super,威力彩,2012-W14,train,trained_blend,8,2,1000.0,237.5,237.5,-762.5,-762.5
super,威力彩,2012-W14,train,trained_family_ensemble,8,2,1000.0,200.0,200.0,-800.0,-800.0
super,威力彩,2012-W15,train,current_ensemble,8,2,1000.0,150.0,150.0,-850.0,-850.0
super,威力彩,2012-W15,train,random_5,8,2,1000.0,125.0,125.0,-875.0,-875.0
super,威力彩,2012-W15,train,trained_best_5,8,2,1000.0,87.5,87.5,-912.5,-912.5
super,威力彩,2012-W15,train,trained_blend,8,2,1000.0,112.5,112.5,-887.5,-887.5
super,威力彩,2012-W15,train,trained_family_ensemble,8,2,1000.0,112.5,112.5,-887.5,-887.5
super,威力彩,2012-W16,train,current_ensemble,8,2,1000.0,287.5,287.5,-712.5,-712.5
super,威力彩,2012-W16,train,random_5,8,2,1000.0,337.5,337.5,-662.5,-662.5
super,威力彩,2012-W16,train,trained_best_5,8,2,1000.0,137.5,137.5,-862.5,-862.5
super,威力彩,2012-W16,train,trained_blend,8,2,1000.0,187.5,187.5,-812.5,-812.5
super,威力彩,2012-W16,train,trained_family_ensemble,8,2,1000.0,262.5,262.5,-737.5,-737.5
super,威力彩,2012-W17,train,current_ensemble,8,2,1000.0,137.5,137.5,-862.5,-862.5
super,威力彩,2012-W17,train,random_5,8,2,1000.0,137.5,137.5,-862.5,-862.5
super,威力彩,2012-W17,train,trained_best_5,8,2,1000.0,62.5,62.5,-937.5,-937.5
super,威力彩,2012-W17,train,trained_blend,8,2,1000.0,100.0,100.0,-900.0,-900.0
super,威力彩,2012-W17,train,trained_family_ensemble,8,2,1000.0,100.0,100.0,-900.0,-900.0
super,威力彩,2012-W18,train,current_ensemble,8,2,1000.0,187.5,187.5,-812.5,-812.5
super,威力彩,2012-W18,train,random_5,8,2,1000.0,125.0,125.0,-875.0,-875.0
super,威力彩,2012-W18,train,trained_best_5,8,2,1000.0,112.5,112.5,-887.5,-887.5
super,威力彩,2012-W18,train,trained_blend,8,2,1000.0,212.5,212.5,-787.5,-787.5
super,威力彩,2012-W18,train,trained_family_ensemble,8,2,1000.0,187.5,187.5,-812.5,-812.5
super,威力彩,2012-W19,train,current_ensemble,8,2,1000.0,112.5,112.5,-887.5,-887.5
super,威力彩,2012-W19,train,random_5,8,2,1000.0,75.0,75.0,-925.0,-925.0
super,威力彩,2012-W19,train,trained_best_5,8,2,1000.0,612.5,612.5,-387.5,-387.5
super,威力彩,2012-W19,train,trained_blend,8,2,1000.0,587.5,587.5,-412.5,-412.5
super,威力彩,2012-W19,train,trained_family_ensemble,8,2,1000.0,75.0,75.0,-925.0,-925.0
super,威力彩,2012-W20,train,current_ensemble,8,2,1000.0,87.5,87.5,-912.5,-912.5
super,威力彩,2012-W20,train,random_5,8,2,1000.0,112.5,112.5,-887.5,-887.5
super,威力彩,2012-W20,train,trained_best_5,8,2,1000.0,75.0,75.0,-925.0,-925.0
super,威力彩,2012-W20,train,trained_blend,8,2,1000.0,75.0,75.0,-925.0,-925.0
super,威力彩,2012-W20,train,trained_family_ensemble,8,2,1000.0,50.0,50.0,-950.0,-950.0
super,威力彩,2012-W21,train,current_ensemble,8,2,1000.0,162.5,162.5,-837.5,-837.5
super,威力彩,2012-W21,train,random_5,8,2,1000.0,275.0,275.0,-725.0,-725.0
super,威力彩,2012-W21,train,trained_best_5,8,2,1000.0,25.0,25.0,-975.0,-975.0
super,威力彩,2012-W21,train,trained_blend,8,2,1000.0,200.0,200.0,-800.0,-800.0
super,威力彩,2012-W21,train,trained_family_ensemble,8,2,1000.0,187.5,187.5,-812.5,-812.5
super,威力彩,2012-W22,train,current_ensemble,8,2,1000.0,200.0,200.0,-800.0,-800.0
super,威力彩,2012-W22,train,random_5,8,2,1000.0,162.5,162.5,-837.5,-837.5
super,威力彩,2012-W22,train,trained_best_5,8,2,1000.0,650.0,650.0,-350.0,-350.0
super,威力彩,2012-W22,train,trained_blend,8,2,1000.0,262.5,262.5,-737.5,-737.5
super,威力彩,2012-W22,train,trained_family_ensemble,8,2,1000.0,187.5,187.5,-812.5,-812.5
super,威力彩,2012-W23,train,current_ensemble,8,2,1000.0,175.0,175.0,-825.0,-825.0
super,威力彩,2012-W23,train,random_5,8,2,1000.0,250.0,250.0,-750.0,-750.0
super,威力彩,2012-W23,train,trained_best_5,8,2,1000.0,325.0,325.0,-675.0,-675.0
super,威力彩,2012-W23,train,trained_blend,8,2,1000.0,350.0,350.0,-650.0,-650.0
super,威力彩,2012-W23,train,trained_family_ensemble,8,2,1000.0,225.0,225.0,-775.0,-775.0
super,威力彩,2012-W24,train,current_ensemble,8,2,1000.0,237.5,237.5,-762.5,-762.5
super,威力彩,2012-W24,train,random_5,8,2,1000.0,125.0,125.0,-875.0,-875.0
super,威力彩,2012-W24,train,trained_best_5,8,2,1000.0,262.5,262.5,-737.5,-737.5
super,威力彩,2012-W24,train,trained_blend,8,2,1000.0,112.5,112.5,-887.5,-887.5
super,威力彩,2012-W24,train,trained_family_ensemble,8,2,1000.0,225.0,225.0,-775.0,-775.0
super,威力彩,2012-W25,train,current_ensemble,8,2,1000.0,262.5,262.5,-737.5,-737.5
super,威力彩,2012-W25,train,random_5,8,2,1000.0,262.5,262.5,-737.5,-737.5
super,威力彩,2012-W25,train,trained_best_5,8,2,1000.0,312.5,312.5,-687.5,-687.5
super,威力彩,2012-W25,train,trained_blend,8,2,1000.0,162.5,162.5,-837.5,-837.5
super,威力彩,2012-W25,train,trained_family_ensemble,8,2,1000.0,287.5,287.5,-712.5,-712.5
super,威力彩,2012-W26,train,current_ensemble,8,2,1000.0,150.0,150.0,-850.0,-850.0
super,威力彩,2012-W26,train,random_5,8,2,1000.0,212.5,212.5,-787.5,-787.5
super,威力彩,2012-W26,train,trained_best_5,8,2,1000.0,75.0,75.0,-925.0,-925.0
super,威力彩,2012-W26,train,trained_blend,8,2,1000.0,137.5,137.5,-862.5,-862.5
super,威力彩,2012-W26,train,trained_family_ensemble,8,2,1000.0,62.5,62.5,-937.5,-937.5
super,威力彩,2012-W27,train,current_ensemble,8,2,1000.0,137.5,137.5,-862.5,-862.5
super,威力彩,2012-W27,train,random_5,8,2,1000.0,112.5,112.5,-887.5,-887.5
super,威力彩,2012-W27,train,trained_best_5,8,2,1000.0,137.5,137.5,-862.5,-862.5
super,威力彩,2012-W27,train,trained_blend,8,2,1000.0,75.0,75.0,-925.0,-925.0
super,威力彩,2012-W27,train,trained_family_ensemble,8,2,1000.0,587.5,587.5,-412.5,-412.5
super,威力彩,2012-W28,train,current_ensemble,8,2,1000.0,100.0,100.0,-900.0,-900.0
super,威力彩,2012-W28,train,random_5,8,2,1000.0,187.5,187.5,-812.5,-812.5
super,威力彩,2012-W28,train,trained_best_5,8,2,1000.0,175.0,175.0,-825.0,-825.0
super,威力彩,2012-W28,train,trained_blend,8,2,1000.0,150.0,150.0,-850.0,-850.0
super,威力彩,2012-W28,train,trained_family_ensemble,8,2,1000.0,100.0,100.0,-900.0,-900.0
super,威力彩,2012-W29,train,current_ensemble,8,2,1000.0,275.0,275.0,-725.0,-725.0
super,威力彩,2012-W29,train,random_5,8,2,1000.0,225.0,225.0,-775.0,-775.0
super,威力彩,2012-W29,train,trained_best_5,8,2,1000.0,187.5,187.5,-812.5,-812.5
super,威力彩,2012-W29,train,trained_blend,8,2,1000.0,225.0,225.0,-775.0,-775.0
super,威力彩,2012-W29,train,trained_family_ensemble,8,2,1000.0,212.5,212.5,-787.5,-787.5
super,威力彩,2012-W30,train,current_ensemble,8,2,1000.0,325.0,325.0,-675.0,-675.0
super,威力彩,2012-W30,train,random_5,8,2,1000.0,162.5,162.5,-837.5,-837.5
super,威力彩,2012-W30,train,trained_best_5,8,2,1000.0,325.0,325.0,-675.0,-675.0
super,威力彩,2012-W30,train,trained_blend,8,2,1000.0,187.5,187.5,-812.5,-812.5
super,威力彩,2012-W30,train,trained_family_ensemble,8,2,1000.0,275.0,275.0,-725.0,-725.0
super,威力彩,2012-W31,train,current_ensemble,8,2,1000.0,262.5,262.5,-737.5,-737.5
super,威力彩,2012-W31,train,random_5,8,2,1000.0,125.0,125.0,-875.0,-875.0
super,威力彩,2012-W31,train,trained_best_5,8,2,1000.0,125.0,125.0,-875.0,-875.0
super,威力彩,2012-W31,train,trained_blend,8,2,1000.0,125.0,125.0,-875.0,-875.0
super,威力彩,2012-W31,train,trained_family_ensemble,8,2,1000.0,187.5,187.5,-812.5,-812.5
super,威力彩,2012-W32,train,current_ensemble,8,2,1000.0,37.5,37.5,-962.5,-962.5
super,威力彩,2012-W32,train,random_5,8,2,1000.0,137.5,137.5,-862.5,-862.5
super,威力彩,2012-W32,train,trained_best_5,8,2,1000.0,137.5,137.5,-862.5,-862.5
super,威力彩,2012-W32,train,trained_blend,8,2,1000.0,150.0,150.0,-850.0,-850.0
super,威力彩,2012-W32,train,trained_family_ensemble,8,2,1000.0,87.5,87.5,-912.5,-912.5
super,威力彩,2012-W33,train,current_ensemble,8,2,1000.0,200.0,200.0,-800.0,-800.0
super,威力彩,2012-W33,train,random_5,8,2,1000.0,125.0,125.0,-875.0,-875.0
super,威力彩,2012-W33,train,trained_best_5,8,2,1000.0,87.5,87.5,-912.5,-912.5
super,威力彩,2012-W33,train,trained_blend,8,2,1000.0,25.0,25.0,-975.0,-975.0
super,威力彩,2012-W33,train,trained_family_ensemble,8,2,1000.0,212.5,212.5,-787.5,-787.5
super,威力彩,2012-W34,train,current_ensemble,8,2,1000.0,125.0,125.0,-875.0,-875.0
super,威力彩,2012-W34,train,random_5,8,2,1000.0,200.0,200.0,-800.0,-800.0
super,威力彩,2012-W34,train,trained_best_5,8,2,1000.0,150.0,150.0,-850.0,-850.0
super,威力彩,2012-W34,train,trained_blend,8,2,1000.0,112.5,112.5,-887.5,-887.5
super,威力彩,2012-W34,train,trained_family_ensemble,8,2,1000.0,175.0,175.0,-825.0,-825.0
super,威力彩,2012-W35,train,current_ensemble,8,2,1000.0,87.5,87.5,-912.5,-912.5
super,威力彩,2012-W35,train,random_5,8,2,1000.0,225.0,225.0,-775.0,-775.0
super,威力彩,2012-W35,train,trained_best_5,8,2,1000.0,150.0,150.0,-850.0,-850.0
super,威力彩,2012-W35,train,trained_blend,8,2,1000.0,175.0,175.0,-825.0,-825.0
super,威力彩,2012-W35,train,trained_family_ensemble,8,2,1000.0,137.5,137.5,-862.5,-862.5
super,威力彩,2012-W36,train,current_ensemble,8,2,1000.0,137.5,137.5,-862.5,-862.5
super,威力彩,2012-W36,train,random_5,8,2,1000.0,150.0,150.0,-850.0,-850.0
super,威力彩,2012-W36,train,trained_best_5,8,2,1000.0,262.5,262.5,-737.5,-737.5
super,威力彩,2012-W36,train,trained_blend,8,2,1000.0,87.5,87.5,-912.5,-912.5
super,威力彩,2012-W36,train,trained_family_ensemble,8,2,1000.0,112.5,112.5,-887.5,-887.5
super,威力彩,2012-W37,train,current_ensemble,8,2,1000.0,700.0,700.0,-300.0,-300.0
super,威力彩,2012-W37,train,random_5,8,2,1000.0,250.0,250.0,-750.0,-750.0
super,威力彩,2012-W37,train,trained_best_5,8,2,1000.0,62.5,62.5,-937.5,-937.5
super,威力彩,2012-W37,train,trained_blend,8,2,1000.0,150.0,150.0,-850.0,-850.0
super,威力彩,2012-W37,train,trained_family_ensemble,8,2,1000.0,287.5,287.5,-712.5,-712.5
super,威力彩,2012-W38,train,current_ensemble,8,2,1000.0,187.5,187.5,-812.5,-812.5
super,威力彩,2012-W38,train,random_5,8,2,1000.0,125.0,125.0,-875.0,-875.0
super,威力彩,2012-W38,train,trained_best_5,8,2,1000.0,237.5,237.5,-762.5,-762.5
super,威力彩,2012-W38,train,trained_blend,8,2,1000.0,200.0,200.0,-800.0,-800.0
super,威力彩,2012-W38,train,trained_family_ensemble,8,2,1000.0,200.0,200.0,-800.0,-800.0
super,威力彩,2012-W39,train,current_ensemble,8,2,1000.0,150.0,150.0,-850.0,-850.0
super,威力彩,2012-W39,train,random_5,8,2,1000.0,137.5,137.5,-862.5,-862.5
super,威力彩,2012-W39,train,trained_best_5,8,2,1000.0,200.0,200.0,-800.0,-800.0
super,威力彩,2012-W39,train,trained_blend,8,2,1000.0,125.0,125.0,-875.0,-875.0
super,威力彩,2012-W39,train,trained_family_ensemble,8,2,1000.0,150.0,150.0,-850.0,-850.0
super,威力彩,2012-W40,train,current_ensemble,8,2,1000.0,112.5,112.5,-887.5,-887.5
super,威力彩,2012-W40,train,random_5,8,2,1000.0,12.5,12.5,-987.5,-987.5
super,威力彩,2012-W40,train,trained_best_5,8,2,1000.0,275.0,275.0,-725.0,-725.0
super,威力彩,2012-W40,train,trained_blend,8,2,1000.0,175.0,175.0,-825.0,-825.0
super,威力彩,2012-W40,train,trained_family_ensemble,8,2,1000.0,112.5,112.5,-887.5,-887.5
super,威力彩,2012-W41,train,current_ensemble,8,2,1000.0,175.0,175.0,-825.0,-825.0
super,威力彩,2012-W41,train,random_5,8,2,1000.0,200.0,200.0,-800.0,-800.0
super,威力彩,2012-W41,train,trained_best_5,8,2,1000.0,100.0,100.0,-900.0,-900.0
super,威力彩,2012-W41,train,trained_blend,8,2,1000.0,137.5,137.5,-862.5,-862.5
super,威力彩,2012-W41,train,trained_family_ensemble,8,2,1000.0,262.5,262.5,-737.5,-737.5
super,威力彩,2012-W42,train,current_ensemble,8,2,1000.0,125.0,125.0,-875.0,-875.0
super,威力彩,2012-W42,train,random_5,8,2,1000.0,162.5,162.5,-837.5,-837.5
super,威力彩,2012-W42,train,trained_best_5,8,2,1000.0,125.0,125.0,-875.0,-875.0
super,威力彩,2012-W42,train,trained_blend,8,2,1000.0,175.0,175.0,-825.0,-825.0
super,威力彩,2012-W42,train,trained_family_ensemble,8,2,1000.0,100.0,100.0,-900.0,-900.0
super,威力彩,2012-W43,train,current_ensemble,8,2,1000.0,200.0,200.0,-800.0,-800.0
super,威力彩,2012-W43,train,random_5,8,2,1000.0,75.0,75.0,-925.0,-925.0
super,威力彩,2012-W43,train,trained_best_5,8,2,1000.0,187.5,187.5,-812.5,-812.5
super,威力彩,2012-W43,train,trained_blend,8,2,1000.0,125.0,125.0,-875.0,-875.0
super,威力彩,2012-W43,train,trained_family_ensemble,8,2,1000.0,162.5,162.5,-837.5,-837.5
super,威力彩,2012-W44,train,current_ensemble,8,2,1000.0,312.5,312.5,-687.5,-687.5
super,威力彩,2012-W44,train,random_5,8,2,1000.0,100.0,100.0,-900.0,-900.0
super,威力彩,2012-W44,train,trained_best_5,8,2,1000.0,237.5,237.5,-762.5,-762.5
super,威力彩,2012-W44,train,trained_blend,8,2,1000.0,150.0,150.0,-850.0,-850.0
super,威力彩,2012-W44,train,trained_family_ensemble,8,2,1000.0,125.0,125.0,-875.0,-875.0
super,威力彩,2012-W45,train,current_ensemble,8,2,1000.0,200.0,200.0,-800.0,-800.0
super,威力彩,2012-W45,train,random_5,8,2,1000.0,75.0,75.0,-925.0,-925.0
super,威力彩,2012-W45,train,trained_best_5,8,2,1000.0,212.5,212.5,-787.5,-787.5
super,威力彩,2012-W45,train,trained_blend,8,2,1000.0,100.0,100.0,-900.0,-900.0
super,威力彩,2012-W45,train,trained_family_ensemble,8,2,1000.0,87.5,87.5,-912.5,-912.5
super,威力彩,2012-W46,train,current_ensemble,8,2,1000.0,150.0,150.0,-850.0,-850.0
super,威力彩,2012-W46,train,random_5,8,2,1000.0,87.5,87.5,-912.5,-912.5
super,威力彩,2012-W46,train,trained_best_5,8,2,1000.0,325.0,325.0,-675.0,-675.0
super,威力彩,2012-W46,train,trained_blend,8,2,1000.0,212.5,212.5,-787.5,-787.5
super,威力彩,2012-W46,train,trained_family_ensemble,8,2,1000.0,162.5,162.5,-837.5,-837.5
super,威力彩,2012-W47,train,current_ensemble,8,2,1000.0,62.5,62.5,-937.5,-937.5
super,威力彩,2012-W47,train,random_5,8,2,1000.0,162.5,162.5,-837.5,-837.5
super,威力彩,2012-W47,train,trained_best_5,8,2,1000.0,50.0,50.0,-950.0,-950.0
super,威力彩,2012-W47,train,trained_blend,8,2,1000.0,200.0,200.0,-800.0,-800.0
super,威力彩,2012-W47,train,trained_family_ensemble,8,2,1000.0,100.0,100.0,-900.0,-900.0
super,威力彩,2012-W48,train,current_ensemble,8,2,1000.0,75.0,75.0,-925.0,-925.0
super,威力彩,2012-W48,train,random_5,8,2,1000.0,187.5,187.5,-812.5,-812.5
super,威力彩,2012-W48,train,trained_best_5,8,2,1000.0,162.5,162.5,-837.5,-837.5
super,威力彩,2012-W48,train,trained_blend,8,2,1000.0,600.0,600.0,-400.0,-400.0
super,威力彩,2012-W48,train,trained_family_ensemble,8,2,1000.0,87.5,87.5,-912.5,-912.5
super,威力彩,2012-W49,train,current_ensemble,8,2,1000.0,162.5,162.5,-837.5,-837.5
super,威力彩,2012-W49,train,random_5,8,2,1000.0,162.5,162.5,-837.5,-837.5
super,威力彩,2012-W49,train,trained_best_5,8,2,1000.0,62.5,62.5,-937.5,-937.5
super,威力彩,2012-W49,train,trained_blend,8,2,1000.0,212.5,212.5,-787.5,-787.5
super,威力彩,2012-W49,train,trained_family_ensemble,8,2,1000.0,150.0,150.0,-850.0,-850.0
super,威力彩,2012-W50,train,current_ensemble,8,2,1000.0,100.0,100.0,-900.0,-900.0
super,威力彩,2012-W50,train,random_5,8,2,1000.0,75.0,75.0,-925.0,-925.0
super,威力彩,2012-W50,train,trained_best_5,8,2,1000.0,250.0,250.0,-750.0,-750.0
super,威力彩,2012-W50,train,trained_blend,8,2,1000.0,100.0,100.0,-900.0,-900.0
super,威力彩,2012-W50,train,trained_family_ensemble,8,2,1000.0,112.5,112.5,-887.5,-887.5
super,威力彩,2012-W51,train,current_ensemble,8,2,1000.0,275.0,275.0,-725.0,-725.0
super,威力彩,2012-W51,train,random_5,8,2,1000.0,175.0,175.0,-825.0,-825.0
super,威力彩,2012-W51,train,trained_best_5,8,2,1000.0,137.5,137.5,-862.5,-862.5
super,威力彩,2012-W51,train,trained_blend,8,2,1000.0,187.5,187.5,-812.5,-812.5
super,威力彩,2012-W51,train,trained_family_ensemble,8,2,1000.0,625.0,625.0,-375.0,-375.0
super,威力彩,2012-W52,train,current_ensemble,8,2,1000.0,137.5,137.5,-862.5,-862.5
super,威力彩,2012-W52,train,random_5,8,2,1000.0,150.0,150.0,-850.0,-850.0
super,威力彩,2012-W52,train,trained_best_5,8,2,1000.0,100.0,100.0,-900.0,-900.0
super,威力彩,2012-W52,train,trained_blend,8,2,1000.0,162.5,162.5,-837.5,-837.5
super,威力彩,2012-W52,train,trained_family_ensemble,8,2,1000.0,112.5,112.5,-887.5,-887.5
super,威力彩,2013-W01,train,current_ensemble,8,2,1000.0,125.0,125.0,-875.0,-875.0
super,威力彩,2013-W01,train,random_5,8,2,1000.0,237.5,237.5,-762.5,-762.5
super,威力彩,2013-W01,train,trained_best_5,8,2,1000.0,87.5,87.5,-912.5,-912.5
super,威力彩,2013-W01,train,trained_blend,8,2,1000.0,187.5,187.5,-812.5,-812.5
super,威力彩,2013-W01,train,trained_family_ensemble,8,2,1000.0,175.0,175.0,-825.0,-825.0
super,威力彩,2013-W02,train,current_ensemble,8,2,1000.0,162.5,162.5,-837.5,-837.5
super,威力彩,2013-W02,train,random_5,8,2,1000.0,75.0,75.0,-925.0,-925.0
super,威力彩,2013-W02,train,trained_best_5,8,2,1000.0,125.0,125.0,-875.0,-875.0
super,威力彩,2013-W02,train,trained_blend,8,2,1000.0,162.5,162.5,-837.5,-837.5
super,威力彩,2013-W02,train,trained_family_ensemble,8,2,1000.0,100.0,100.0,-900.0,-900.0
super,威力彩,2013-W03,train,current_ensemble,8,2,1000.0,287.5,287.5,-712.5,-712.5
super,威力彩,2013-W03,train,random_5,8,2,1000.0,350.0,350.0,-650.0,-650.0
super,威力彩,2013-W03,train,trained_best_5,8,2,1000.0,162.5,162.5,-837.5,-837.5
super,威力彩,2013-W03,train,trained_blend,8,2,1000.0,362.5,362.5,-637.5,-637.5
super,威力彩,2013-W03,train,trained_family_ensemble,8,2,1000.0,312.5,312.5,-687.5,-687.5
super,威力彩,2013-W04,train,current_ensemble,8,2,1000.0,112.5,112.5,-887.5,-887.5
super,威力彩,2013-W04,train,random_5,8,2,1000.0,250.0,250.0,-750.0,-750.0
super,威力彩,2013-W04,train,trained_best_5,8,2,1000.0,112.5,112.5,-887.5,-887.5
super,威力彩,2013-W04,train,trained_blend,8,2,1000.0,150.0,150.0,-850.0,-850.0
super,威力彩,2013-W04,train,trained_family_ensemble,8,2,1000.0,112.5,112.5,-887.5,-887.5
super,威力彩,2013-W05,train,current_ensemble,8,2,1000.0,262.5,262.5,-737.5,-737.5
super,威力彩,2013-W05,train,random_5,8,2,1000.0,187.5,187.5,-812.5,-812.5
super,威力彩,2013-W05,train,trained_best_5,8,2,1000.0,87.5,87.5,-912.5,-912.5
super,威力彩,2013-W05,train,trained_blend,8,2,1000.0,187.5,187.5,-812.5,-812.5
super,威力彩,2013-W05,train,trained_family_ensemble,8,2,1000.0,150.0,150.0,-850.0,-850.0
super,威力彩,2013-W06,train,current_ensemble,8,2,1000.0,712.5,712.5,-287.5,-287.5
super,威力彩,2013-W06,train,random_5,8,2,1000.0,212.5,212.5,-787.5,-787.5
super,威力彩,2013-W06,train,trained_best_5,8,2,1000.0,87.5,87.5,-912.5,-912.5
super,威力彩,2013-W06,train,trained_blend,8,2,1000.0,637.5,637.5,-362.5,-362.5
super,威力彩,2013-W06,train,trained_family_ensemble,8,2,1000.0,625.0,625.0,-375.0,-375.0
super,威力彩,2013-W07,train,current_ensemble,8,2,1000.0,237.5,237.5,-762.5,-762.5
super,威力彩,2013-W07,train,random_5,8,2,1000.0,112.5,112.5,-887.5,-887.5
super,威力彩,2013-W07,train,trained_best_5,8,2,1000.0,237.5,237.5,-762.5,-762.5
super,威力彩,2013-W07,train,trained_blend,8,2,1000.0,200.0,200.0,-800.0,-800.0
super,威力彩,2013-W07,train,trained_family_ensemble,8,2,1000.0,262.5,262.5,-737.5,-737.5
super,威力彩,2013-W08,train,current_ensemble,8,2,1000.0,125.0,125.0,-875.0,-875.0
super,威力彩,2013-W08,train,random_5,8,2,1000.0,212.5,212.5,-787.5,-787.5
super,威力彩,2013-W08,train,trained_best_5,8,2,1000.0,250.0,250.0,-750.0,-750.0
super,威力彩,2013-W08,train,trained_blend,8,2,1000.0,162.5,162.5,-837.5,-837.5
super,威力彩,2013-W08,train,trained_family_ensemble,8,2,1000.0,625.0,625.0,-375.0,-375.0
super,威力彩,2013-W09,train,current_ensemble,8,2,1000.0,200.0,200.0,-800.0,-800.0
super,威力彩,2013-W09,train,random_5,8,2,1000.0,75.0,75.0,-925.0,-925.0
super,威力彩,2013-W09,train,trained_best_5,8,2,1000.0,50.0,50.0,-950.0,-950.0
super,威力彩,2013-W09,train,trained_blend,8,2,1000.0,187.5,187.5,-812.5,-812.5
super,威力彩,2013-W09,train,trained_family_ensemble,8,2,1000.0,162.5,162.5,-837.5,-837.5
super,威力彩,2013-W10,train,current_ensemble,8,2,1000.0,137.5,137.5,-862.5,-862.5
super,威力彩,2013-W10,train,random_5,8,2,1000.0,137.5,137.5,-862.5,-862.5
super,威力彩,2013-W10,train,trained_best_5,8,2,1000.0,50.0,50.0,-950.0,-950.0
super,威力彩,2013-W10,train,trained_blend,8,2,1000.0,125.0,125.0,-875.0,-875.0
super,威力彩,2013-W10,train,trained_family_ensemble,8,2,1000.0,87.5,87.5,-912.5,-912.5
super,威力彩,2013-W11,train,current_ensemble,8,2,1000.0,200.0,200.0,-800.0,-800.0
super,威力彩,2013-W11,train,random_5,8,2,1000.0,75.0,75.0,-925.0,-925.0
super,威力彩,2013-W11,train,trained_best_5,8,2,1000.0,162.5,162.5,-837.5,-837.5
super,威力彩,2013-W11,train,trained_blend,8,2,1000.0,162.5,162.5,-837.5,-837.5
super,威力彩,2013-W11,train,trained_family_ensemble,8,2,1000.0,325.0,325.0,-675.0,-675.0
super,威力彩,2013-W12,train,current_ensemble,8,2,1000.0,262.5,262.5,-737.5,-737.5
super,威力彩,2013-W12,train,random_5,8,2,1000.0,312.5,312.5,-687.5,-687.5
super,威力彩,2013-W12,train,trained_best_5,8,2,1000.0,625.0,625.0,-375.0,-375.0
super,威力彩,2013-W12,train,trained_blend,8,2,1000.0,275.0,275.0,-725.0,-725.0
super,威力彩,2013-W12,train,trained_family_ensemble,8,2,1000.0,325.0,325.0,-675.0,-675.0
super,威力彩,2013-W13,train,current_ensemble,8,2,1000.0,300.0,300.0,-700.0,-700.0
super,威力彩,2013-W13,train,random_5,8,2,1000.0,250.0,250.0,-750.0,-750.0
super,威力彩,2013-W13,train,trained_best_5,8,2,1000.0,187.5,187.5,-812.5,-812.5
super,威力彩,2013-W13,train,trained_blend,8,2,1000.0,187.5,187.5,-812.5,-812.5
super,威力彩,2013-W13,train,trained_family_ensemble,8,2,1000.0,262.5,262.5,-737.5,-737.5
super,威力彩,2013-W14,train,current_ensemble,8,2,1000.0,87.5,87.5,-912.5,-912.5
super,威力彩,2013-W14,train,random_5,8,2,1000.0,87.5,87.5,-912.5,-912.5
super,威力彩,2013-W14,train,trained_best_5,8,2,1000.0,175.0,175.0,-825.0,-825.0
super,威力彩,2013-W14,train,trained_blend,8,2,1000.0,137.5,137.5,-862.5,-862.5
super,威力彩,2013-W14,train,trained_family_ensemble,8,2,1000.0,87.5,87.5,-912.5,-912.5
super,威力彩,2013-W15,train,current_ensemble,8,2,1000.0,100.0,100.0,-900.0,-900.0
super,威力彩,2013-W15,train,random_5,8,2,1000.0,150.0,150.0,-850.0,-850.0
super,威力彩,2013-W15,train,trained_best_5,8,2,1000.0,150.0,150.0,-850.0,-850.0
super,威力彩,2013-W15,train,trained_blend,8,2,1000.0,87.5,87.5,-912.5,-912.5
super,威力彩,2013-W15,train,trained_family_ensemble,8,2,1000.0,162.5,162.5,-837.5,-837.5
super,威力彩,2013-W16,train,current_ensemble,8,2,1000.0,162.5,162.5,-837.5,-837.5
super,威力彩,2013-W16,train,random_5,8,2,1000.0,100.0,100.0,-900.0,-900.0
super,威力彩,2013-W16,train,trained_best_5,8,2,1000.0,212.5,212.5,-787.5,-787.5
super,威力彩,2013-W16,train,trained_blend,8,2,1000.0,150.0,150.0,-850.0,-850.0
super,威力彩,2013-W16,train,trained_family_ensemble,8,2,1000.0,187.5,187.5,-812.5,-812.5
super,威力彩,2013-W17,train,current_ensemble,8,2,1000.0,150.0,150.0,-850.0,-850.0
super,威力彩,2013-W17,train,random_5,8,2,1000.0,275.0,275.0,-725.0,-725.0
super,威力彩,2013-W17,train,trained_best_5,8,2,1000.0,387.5,387.5,-612.5,-612.5
super,威力彩,2013-W17,train,trained_blend,8,2,1000.0,300.0,300.0,-700.0,-700.0
super,威力彩,2013-W17,train,trained_family_ensemble,8,2,1000.0,137.5,137.5,-862.5,-862.5
super,威力彩,2013-W18,train,current_ensemble,8,2,1000.0,87.5,87.5,-912.5,-912.5
super,威力彩,2013-W18,train,random_5,8,2,1000.0,150.0,150.0,-850.0,-850.0
super,威力彩,2013-W18,train,trained_best_5,8,2,1000.0,250.0,250.0,-750.0,-750.0
super,威力彩,2013-W18,train,trained_blend,8,2,1000.0,150.0,150.0,-850.0,-850.0
super,威力彩,2013-W18,train,trained_family_ensemble,8,2,1000.0,100.0,100.0,-900.0,-900.0
super,威力彩,2013-W19,train,current_ensemble,8,2,1000.0,175.0,175.0,-825.0,-825.0
super,威力彩,2013-W19,train,random_5,8,2,1000.0,125.0,125.0,-875.0,-875.0
super,威力彩,2013-W19,train,trained_best_5,8,2,1000.0,212.5,212.5,-787.5,-787.5
super,威力彩,2013-W19,train,trained_blend,8,2,1000.0,250.0,250.0,-750.0,-750.0
super,威力彩,2013-W19,train,trained_family_ensemble,8,2,1000.0,225.0,225.0,-775.0,-775.0
super,威力彩,2013-W20,train,current_ensemble,8,2,1000.0,212.5,212.5,-787.5,-787.5
super,威力彩,2013-W20,train,random_5,8,2,1000.0,100.0,100.0,-900.0,-900.0
super,威力彩,2013-W20,train,trained_best_5,8,2,1000.0,200.0,200.0,-800.0,-800.0
super,威力彩,2013-W20,train,trained_blend,8,2,1000.0,225.0,225.0,-775.0,-775.0
super,威力彩,2013-W20,train,trained_family_ensemble,8,2,1000.0,150.0,150.0,-850.0,-850.0
super,威力彩,2013-W21,train,current_ensemble,8,2,1000.0,175.0,175.0,-825.0,-825.0
super,威力彩,2013-W21,train,random_5,8,2,1000.0,137.5,137.5,-862.5,-862.5
super,威力彩,2013-W21,train,trained_best_5,8,2,1000.0,612.5,612.5,-387.5,-387.5
super,威力彩,2013-W21,train,trained_blend,8,2,1000.0,725.0,725.0,-275.0,-275.0
super,威力彩,2013-W21,train,trained_family_ensemble,8,2,1000.0,212.5,212.5,-787.5,-787.5
super,威力彩,2013-W22,train,current_ensemble,8,2,1000.0,250.0,250.0,-750.0,-750.0
super,威力彩,2013-W22,train,random_5,8,2,1000.0,175.0,175.0,-825.0,-825.0
super,威力彩,2013-W22,train,trained_best_5,8,2,1000.0,225.0,225.0,-775.0,-775.0
super,威力彩,2013-W22,train,trained_blend,8,2,1000.0,62.5,62.5,-937.5,-937.5
super,威力彩,2013-W22,train,trained_family_ensemble,8,2,1000.0,200.0,200.0,-800.0,-800.0
super,威力彩,2013-W23,train,current_ensemble,8,2,1000.0,150.0,150.0,-850.0,-850.0
super,威力彩,2013-W23,train,random_5,8,2,1000.0,87.5,87.5,-912.5,-912.5
super,威力彩,2013-W23,train,trained_best_5,8,2,1000.0,125.0,125.0,-875.0,-875.0
super,威力彩,2013-W23,train,trained_blend,8,2,1000.0,175.0,175.0,-825.0,-825.0
super,威力彩,2013-W23,train,trained_family_ensemble,8,2,1000.0,225.0,225.0,-775.0,-775.0
super,威力彩,2013-W24,train,current_ensemble,8,2,1000.0,125.0,125.0,-875.0,-875.0
super,威力彩,2013-W24,train,random_5,8,2,1000.0,150.0,150.0,-850.0,-850.0
super,威力彩,2013-W24,train,trained_best_5,8,2,1000.0,137.5,137.5,-862.5,-862.5
super,威力彩,2013-W24,train,trained_blend,8,2,1000.0,312.5,312.5,-687.5,-687.5
super,威力彩,2013-W24,train,trained_family_ensemble,8,2,1000.0,225.0,225.0,-775.0,-775.0
super,威力彩,2013-W25,train,current_ensemble,8,2,1000.0,212.5,212.5,-787.5,-787.5
super,威力彩,2013-W25,train,random_5,8,2,1000.0,212.5,212.5,-787.5,-787.5
super,威力彩,2013-W25,train,trained_best_5,8,2,1000.0,237.5,237.5,-762.5,-762.5
super,威力彩,2013-W25,train,trained_blend,8,2,1000.0,300.0,300.0,-700.0,-700.0
super,威力彩,2013-W25,train,trained_family_ensemble,8,2,1000.0,150.0,150.0,-850.0,-850.0
super,威力彩,2013-W26,train,current_ensemble,8,2,1000.0,150.0,150.0,-850.0,-850.0
super,威力彩,2013-W26,train,random_5,8,2,1000.0,187.5,187.5,-812.5,-812.5
super,威力彩,2013-W26,train,trained_best_5,8,2,1000.0,162.5,162.5,-837.5,-837.5
super,威力彩,2013-W26,train,trained_blend,8,2,1000.0,162.5,162.5,-837.5,-837.5
super,威力彩,2013-W26,train,trained_family_ensemble,8,2,1000.0,162.5,162.5,-837.5,-837.5
super,威力彩,2013-W27,train,current_ensemble,8,2,1000.0,100.0,100.0,-900.0,-900.0
super,威力彩,2013-W27,train,random_5,8,2,1000.0,125.0,125.0,-875.0,-875.0
super,威力彩,2013-W27,train,trained_best_5,8,2,1000.0,200.0,200.0,-800.0,-800.0
super,威力彩,2013-W27,train,trained_blend,8,2,1000.0,125.0,125.0,-875.0,-875.0
super,威力彩,2013-W27,train,trained_family_ensemble,8,2,1000.0,87.5,87.5,-912.5,-912.5
super,威力彩,2013-W28,train,current_ensemble,8,2,1000.0,100.0,100.0,-900.0,-900.0
super,威力彩,2013-W28,train,random_5,8,2,1000.0,112.5,112.5,-887.5,-887.5
super,威力彩,2013-W28,train,trained_best_5,8,2,1000.0,175.0,175.0,-825.0,-825.0
super,威力彩,2013-W28,train,trained_blend,8,2,1000.0,87.5,87.5,-912.5,-912.5
super,威力彩,2013-W28,train,trained_family_ensemble,8,2,1000.0,112.5,112.5,-887.5,-887.5
super,威力彩,2013-W29,train,current_ensemble,8,2,1000.0,350.0,350.0,-650.0,-650.0
super,威力彩,2013-W29,train,random_5,8,2,1000.0,225.0,225.0,-775.0,-775.0
super,威力彩,2013-W29,train,trained_best_5,8,2,1000.0,250.0,250.0,-750.0,-750.0
super,威力彩,2013-W29,train,trained_blend,8,2,1000.0,362.5,362.5,-637.5,-637.5
super,威力彩,2013-W29,train,trained_family_ensemble,8,2,1000.0,325.0,325.0,-675.0,-675.0
super,威力彩,2013-W30,train,current_ensemble,8,2,1000.0,112.5,112.5,-887.5,-887.5
super,威力彩,2013-W30,train,random_5,8,2,1000.0,187.5,187.5,-812.5,-812.5
super,威力彩,2013-W30,train,trained_best_5,8,2,1000.0,212.5,212.5,-787.5,-787.5
super,威力彩,2013-W30,train,trained_blend,8,2,1000.0,175.0,175.0,-825.0,-825.0
super,威力彩,2013-W30,train,trained_family_ensemble,8,2,1000.0,175.0,175.0,-825.0,-825.0
super,威力彩,2013-W31,train,current_ensemble,8,2,1000.0,87.5,87.5,-912.5,-912.5
super,威力彩,2013-W31,train,random_5,8,2,1000.0,137.5,137.5,-862.5,-862.5
super,威力彩,2013-W31,train,trained_best_5,8,2,1000.0,87.5,87.5,-912.5,-912.5
super,威力彩,2013-W31,train,trained_blend,8,2,1000.0,112.5,112.5,-887.5,-887.5
super,威力彩,2013-W31,train,trained_family_ensemble,8,2,1000.0,100.0,100.0,-900.0,-900.0
super,威力彩,2013-W32,train,current_ensemble,8,2,1000.0,200.0,200.0,-800.0,-800.0
super,威力彩,2013-W32,train,random_5,8,2,1000.0,175.0,175.0,-825.0,-825.0
super,威力彩,2013-W32,train,trained_best_5,8,2,1000.0,312.5,312.5,-687.5,-687.5
super,威力彩,2013-W32,train,trained_blend,8,2,1000.0,250.0,250.0,-750.0,-750.0
super,威力彩,2013-W32,train,trained_family_ensemble,8,2,1000.0,162.5,162.5,-837.5,-837.5
super,威力彩,2013-W33,train,current_ensemble,8,2,1000.0,625.0,625.0,-375.0,-375.0
super,威力彩,2013-W33,train,random_5,8,2,1000.0,112.5,112.5,-887.5,-887.5
super,威力彩,2013-W33,train,trained_best_5,8,2,1000.0,18837.5,18837.5,17837.5,17837.5
super,威力彩,2013-W33,train,trained_blend,8,2,1000.0,18875.0,18875.0,17875.0,17875.0
super,威力彩,2013-W33,train,trained_family_ensemble,8,2,1000.0,75.0,75.0,-925.0,-925.0
super,威力彩,2013-W34,train,current_ensemble,8,2,1000.0,162.5,162.5,-837.5,-837.5
super,威力彩,2013-W34,train,random_5,8,2,1000.0,212.5,212.5,-787.5,-787.5
super,威力彩,2013-W34,train,trained_best_5,8,2,1000.0,125.0,125.0,-875.0,-875.0
super,威力彩,2013-W34,train,trained_blend,8,2,1000.0,112.5,112.5,-887.5,-887.5
super,威力彩,2013-W34,train,trained_family_ensemble,8,2,1000.0,150.0,150.0,-850.0,-850.0
super,威力彩,2013-W35,train,current_ensemble,8,2,1000.0,150.0,150.0,-850.0,-850.0
super,威力彩,2013-W35,train,random_5,8,2,1000.0,162.5,162.5,-837.5,-837.5
super,威力彩,2013-W35,train,trained_best_5,8,2,1000.0,150.0,150.0,-850.0,-850.0
super,威力彩,2013-W35,train,trained_blend,8,2,1000.0,175.0,175.0,-825.0,-825.0
super,威力彩,2013-W35,train,trained_family_ensemble,8,2,1000.0,225.0,225.0,-775.0,-775.0
super,威力彩,2013-W36,train,current_ensemble,8,2,1000.0,237.5,237.5,-762.5,-762.5
super,威力彩,2013-W36,train,random_5,8,2,1000.0,212.5,212.5,-787.5,-787.5
super,威力彩,2013-W36,train,trained_best_5,8,2,1000.0,237.5,237.5,-762.5,-762.5
super,威力彩,2013-W36,train,trained_blend,8,2,1000.0,175.0,175.0,-825.0,-825.0
super,威力彩,2013-W36,train,trained_family_ensemble,8,2,1000.0,237.5,237.5,-762.5,-762.5
super,威力彩,2013-W37,train,current_ensemble,8,2,1000.0,175.0,175.0,-825.0,-825.0
super,威力彩,2013-W37,train,random_5,8,2,1000.0,137.5,137.5,-862.5,-862.5
super,威力彩,2013-W37,train,trained_best_5,8,2,1000.0,87.5,87.5,-912.5,-912.5
super,威力彩,2013-W37,train,trained_blend,8,2,1000.0,175.0,175.0,-825.0,-825.0
super,威力彩,2013-W37,train,trained_family_ensemble,8,2,1000.0,187.5,187.5,-812.5,-812.5
super,威力彩,2013-W38,train,current_ensemble,8,2,1000.0,225.0,225.0,-775.0,-775.0
super,威力彩,2013-W38,train,random_5,8,2,1000.0,237.5,237.5,-762.5,-762.5
super,威力彩,2013-W38,train,trained_best_5,8,2,1000.0,150.0,150.0,-850.0,-850.0
super,威力彩,2013-W38,train,trained_blend,8,2,1000.0,212.5,212.5,-787.5,-787.5
super,威力彩,2013-W38,train,trained_family_ensemble,8,2,1000.0,175.0,175.0,-825.0,-825.0
super,威力彩,2013-W39,train,current_ensemble,8,2,1000.0,162.5,162.5,-837.5,-837.5
super,威力彩,2013-W39,train,random_5,8,2,1000.0,112.5,112.5,-887.5,-887.5
super,威力彩,2013-W39,train,trained_best_5,8,2,1000.0,162.5,162.5,-837.5,-837.5
super,威力彩,2013-W39,train,trained_blend,8,2,1000.0,112.5,112.5,-887.5,-887.5
super,威力彩,2013-W39,train,trained_family_ensemble,8,2,1000.0,112.5,112.5,-887.5,-887.5
super,威力彩,2013-W40,train,current_ensemble,8,2,1000.0,112.5,112.5,-887.5,-887.5
super,威力彩,2013-W40,train,random_5,8,2,1000.0,87.5,87.5,-912.5,-912.5
super,威力彩,2013-W40,train,trained_best_5,8,2,1000.0,112.5,112.5,-887.5,-887.5
super,威力彩,2013-W40,train,trained_blend,8,2,1000.0,112.5,112.5,-887.5,-887.5
super,威力彩,2013-W40,train,trained_family_ensemble,8,2,1000.0,150.0,150.0,-850.0,-850.0
super,威力彩,2013-W41,train,current_ensemble,8,2,1000.0,175.0,175.0,-825.0,-825.0
super,威力彩,2013-W41,train,random_5,8,2,1000.0,87.5,87.5,-912.5,-912.5
super,威力彩,2013-W41,train,trained_best_5,8,2,1000.0,150.0,150.0,-850.0,-850.0
super,威力彩,2013-W41,train,trained_blend,8,2,1000.0,200.0,200.0,-800.0,-800.0
super,威力彩,2013-W41,train,trained_family_ensemble,8,2,1000.0,112.5,112.5,-887.5,-887.5
super,威力彩,2013-W42,train,current_ensemble,8,2,1000.0,125.0,125.0,-875.0,-875.0
super,威力彩,2013-W42,train,random_5,8,2,1000.0,87.5,87.5,-912.5,-912.5
super,威力彩,2013-W42,train,trained_best_5,8,2,1000.0,187.5,187.5,-812.5,-812.5
super,威力彩,2013-W42,train,trained_blend,8,2,1000.0,137.5,137.5,-862.5,-862.5
super,威力彩,2013-W42,train,trained_family_ensemble,8,2,1000.0,87.5,87.5,-912.5,-912.5
super,威力彩,2013-W43,train,current_ensemble,8,2,1000.0,162.5,162.5,-837.5,-837.5
super,威力彩,2013-W43,train,random_5,8,2,1000.0,137.5,137.5,-862.5,-862.5
super,威力彩,2013-W43,train,trained_best_5,8,2,1000.0,212.5,212.5,-787.5,-787.5
super,威力彩,2013-W43,train,trained_blend,8,2,1000.0,125.0,125.0,-875.0,-875.0
super,威力彩,2013-W43,train,trained_family_ensemble,8,2,1000.0,150.0,150.0,-850.0,-850.0
super,威力彩,2013-W44,train,current_ensemble,8,2,1000.0,175.0,175.0,-825.0,-825.0
super,威力彩,2013-W44,train,random_5,8,2,1000.0,137.5,137.5,-862.5,-862.5
super,威力彩,2013-W44,train,trained_best_5,8,2,1000.0,37.5,37.5,-962.5,-962.5
super,威力彩,2013-W44,train,trained_blend,8,2,1000.0,212.5,212.5,-787.5,-787.5
super,威力彩,2013-W44,train,trained_family_ensemble,8,2,1000.0,187.5,187.5,-812.5,-812.5
super,威力彩,2013-W45,train,current_ensemble,8,2,1000.0,350.0,350.0,-650.0,-650.0
super,威力彩,2013-W45,train,random_5,8,2,1000.0,262.5,262.5,-737.5,-737.5
super,威力彩,2013-W45,train,trained_best_5,8,2,1000.0,112.5,112.5,-887.5,-887.5
super,威力彩,2013-W45,train,trained_blend,8,2,1000.0,175.0,175.0,-825.0,-825.0
super,威力彩,2013-W45,train,trained_family_ensemble,8,2,1000.0,275.0,275.0,-725.0,-725.0
super,威力彩,2013-W46,train,current_ensemble,8,2,1000.0,137.5,137.5,-862.5,-862.5
super,威力彩,2013-W46,train,random_5,8,2,1000.0,100.0,100.0,-900.0,-900.0
super,威力彩,2013-W46,train,trained_best_5,8,2,1000.0,275.0,275.0,-725.0,-725.0
super,威力彩,2013-W46,train,trained_blend,8,2,1000.0,275.0,275.0,-725.0,-725.0
super,威力彩,2013-W46,train,trained_family_ensemble,8,2,1000.0,137.5,137.5,-862.5,-862.5
super,威力彩,2013-W47,train,current_ensemble,8,2,1000.0,337.5,337.5,-662.5,-662.5
super,威力彩,2013-W47,train,random_5,8,2,1000.0,175.0,175.0,-825.0,-825.0
super,威力彩,2013-W47,train,trained_best_5,8,2,1000.0,137.5,137.5,-862.5,-862.5
super,威力彩,2013-W47,train,trained_blend,8,2,1000.0,187.5,187.5,-812.5,-812.5
super,威力彩,2013-W47,train,trained_family_ensemble,8,2,1000.0,187.5,187.5,-812.5,-812.5
super,威力彩,2013-W48,train,current_ensemble,8,2,1000.0,200.0,200.0,-800.0,-800.0
super,威力彩,2013-W48,train,random_5,8,2,1000.0,262.5,262.5,-737.5,-737.5
super,威力彩,2013-W48,train,trained_best_5,8,2,1000.0,300.0,300.0,-700.0,-700.0
super,威力彩,2013-W48,train,trained_blend,8,2,1000.0,150.0,150.0,-850.0,-850.0
super,威力彩,2013-W48,train,trained_family_ensemble,8,2,1000.0,250.0,250.0,-750.0,-750.0
super,威力彩,2013-W49,train,current_ensemble,8,2,1000.0,87.5,87.5,-912.5,-912.5
super,威力彩,2013-W49,train,random_5,8,2,1000.0,187.5,187.5,-812.5,-812.5
super,威力彩,2013-W49,train,trained_best_5,8,2,1000.0,150.0,150.0,-850.0,-850.0
super,威力彩,2013-W49,train,trained_blend,8,2,1000.0,137.5,137.5,-862.5,-862.5
super,威力彩,2013-W49,train,trained_family_ensemble,8,2,1000.0,100.0,100.0,-900.0,-900.0
super,威力彩,2013-W50,train,current_ensemble,8,2,1000.0,250.0,250.0,-750.0,-750.0
super,威力彩,2013-W50,train,random_5,8,2,1000.0,175.0,175.0,-825.0,-825.0
super,威力彩,2013-W50,train,trained_best_5,8,2,1000.0,212.5,212.5,-787.5,-787.5
super,威力彩,2013-W50,train,trained_blend,8,2,1000.0,300.0,300.0,-700.0,-700.0
super,威力彩,2013-W50,train,trained_family_ensemble,8,2,1000.0,200.0,200.0,-800.0,-800.0
super,威力彩,2013-W51,train,current_ensemble,8,2,1000.0,187.5,187.5,-812.5,-812.5
super,威力彩,2013-W51,train,random_5,8,2,1000.0,100.0,100.0,-900.0,-900.0
super,威力彩,2013-W51,train,trained_best_5,8,2,1000.0,187.5,187.5,-812.5,-812.5
super,威力彩,2013-W51,train,trained_blend,8,2,1000.0,75.0,75.0,-925.0,-925.0
super,威力彩,2013-W51,train,trained_family_ensemble,8,2,1000.0,87.5,87.5,-912.5,-912.5
super,威力彩,2013-W52,train,current_ensemble,8,2,1000.0,112.5,112.5,-887.5,-887.5
super,威力彩,2013-W52,train,random_5,8,2,1000.0,175.0,175.0,-825.0,-825.0
super,威力彩,2013-W52,train,trained_best_5,8,2,1000.0,262.5,262.5,-737.5,-737.5
super,威力彩,2013-W52,train,trained_blend,8,2,1000.0,175.0,175.0,-825.0,-825.0
super,威力彩,2013-W52,train,trained_family_ensemble,8,2,1000.0,137.5,137.5,-862.5,-862.5
super,威力彩,2014-W01,train,current_ensemble,8,2,1000.0,500.0,500.0,-500.0,-500.0
super,威力彩,2014-W01,train,random_5,8,2,1000.0,187.5,187.5,-812.5,-812.5
super,威力彩,2014-W01,train,trained_best_5,8,2,1000.0,137.5,137.5,-862.5,-862.5
super,威力彩,2014-W01,train,trained_blend,8,2,1000.0,237.5,237.5,-762.5,-762.5
super,威力彩,2014-W01,train,trained_family_ensemble,8,2,1000.0,262.5,262.5,-737.5,-737.5
super,威力彩,2014-W02,train,current_ensemble,8,2,1000.0,137.5,137.5,-862.5,-862.5
super,威力彩,2014-W02,train,random_5,8,2,1000.0,125.0,125.0,-875.0,-875.0
super,威力彩,2014-W02,train,trained_best_5,8,2,1000.0,150.0,150.0,-850.0,-850.0
super,威力彩,2014-W02,train,trained_blend,8,2,1000.0,187.5,187.5,-812.5,-812.5
super,威力彩,2014-W02,train,trained_family_ensemble,8,2,1000.0,287.5,287.5,-712.5,-712.5
super,威力彩,2014-W03,train,current_ensemble,8,2,1000.0,75.0,75.0,-925.0,-925.0
super,威力彩,2014-W03,train,random_5,8,2,1000.0,200.0,200.0,-800.0,-800.0
super,威力彩,2014-W03,train,trained_best_5,8,2,1000.0,37.5,37.5,-962.5,-962.5
super,威力彩,2014-W03,train,trained_blend,8,2,1000.0,137.5,137.5,-862.5,-862.5
super,威力彩,2014-W03,train,trained_family_ensemble,8,2,1000.0,100.0,100.0,-900.0,-900.0
super,威力彩,2014-W04,train,current_ensemble,8,2,1000.0,325.0,325.0,-675.0,-675.0
super,威力彩,2014-W04,train,random_5,8,2,1000.0,812.5,812.5,-187.5,-187.5
super,威力彩,2014-W04,train,trained_best_5,8,2,1000.0,137.5,137.5,-862.5,-862.5
super,威力彩,2014-W04,train,trained_blend,8,2,1000.0,187.5,187.5,-812.5,-812.5
super,威力彩,2014-W04,train,trained_family_ensemble,8,2,1000.0,762.5,762.5,-237.5,-237.5
super,威力彩,2014-W05,train,current_ensemble,8,2,1000.0,212.5,212.5,-787.5,-787.5
super,威力彩,2014-W05,train,random_5,8,2,1000.0,200.0,200.0,-800.0,-800.0
super,威力彩,2014-W05,train,trained_best_5,8,2,1000.0,250.0,250.0,-750.0,-750.0
super,威力彩,2014-W05,train,trained_blend,8,2,1000.0,225.0,225.0,-775.0,-775.0
super,威力彩,2014-W05,train,trained_family_ensemble,8,2,1000.0,225.0,225.0,-775.0,-775.0
super,威力彩,2014-W06,train,current_ensemble,8,2,1000.0,100.0,100.0,-900.0,-900.0
super,威力彩,2014-W06,train,random_5,8,2,1000.0,162.5,162.5,-837.5,-837.5
super,威力彩,2014-W06,train,trained_best_5,8,2,1000.0,175.0,175.0,-825.0,-825.0
super,威力彩,2014-W06,train,trained_blend,8,2,1000.0,187.5,187.5,-812.5,-812.5
super,威力彩,2014-W06,train,trained_family_ensemble,8,2,1000.0,62.5,62.5,-937.5,-937.5
super,威力彩,2014-W07,train,current_ensemble,8,2,1000.0,150.0,150.0,-850.0,-850.0
super,威力彩,2014-W07,train,random_5,8,2,1000.0,187.5,187.5,-812.5,-812.5
super,威力彩,2014-W07,train,trained_best_5,8,2,1000.0,25.0,25.0,-975.0,-975.0
super,威力彩,2014-W07,train,trained_blend,8,2,1000.0,137.5,137.5,-862.5,-862.5
super,威力彩,2014-W07,train,trained_family_ensemble,8,2,1000.0,112.5,112.5,-887.5,-887.5
super,威力彩,2014-W08,train,current_ensemble,8,2,1000.0,125.0,125.0,-875.0,-875.0
super,威力彩,2014-W08,train,random_5,8,2,1000.0,112.5,112.5,-887.5,-887.5
super,威力彩,2014-W08,train,trained_best_5,8,2,1000.0,162.5,162.5,-837.5,-837.5
super,威力彩,2014-W08,train,trained_blend,8,2,1000.0,237.5,237.5,-762.5,-762.5
super,威力彩,2014-W08,train,trained_family_ensemble,8,2,1000.0,237.5,237.5,-762.5,-762.5
super,威力彩,2014-W09,train,current_ensemble,8,2,1000.0,62.5,62.5,-937.5,-937.5
super,威力彩,2014-W09,train,random_5,8,2,1000.0,62.5,62.5,-937.5,-937.5
super,威力彩,2014-W09,train,trained_best_5,8,2,1000.0,300.0,300.0,-700.0,-700.0
super,威力彩,2014-W09,train,trained_blend,8,2,1000.0,200.0,200.0,-800.0,-800.0
super,威力彩,2014-W09,train,trained_family_ensemble,8,2,1000.0,75.0,75.0,-925.0,-925.0
super,威力彩,2014-W10,train,current_ensemble,8,2,1000.0,137.5,137.5,-862.5,-862.5
super,威力彩,2014-W10,train,random_5,8,2,1000.0,212.5,212.5,-787.5,-787.5
super,威力彩,2014-W10,train,trained_best_5,8,2,1000.0,150.0,150.0,-850.0,-850.0
super,威力彩,2014-W10,train,trained_blend,8,2,1000.0,2650.0,2650.0,1650.0,1650.0
super,威力彩,2014-W10,train,trained_family_ensemble,8,2,1000.0,200.0,200.0,-800.0,-800.0
super,威力彩,2014-W11,train,current_ensemble,8,2,1000.0,50.0,50.0,-950.0,-950.0
super,威力彩,2014-W11,train,random_5,8,2,1000.0,250.0,250.0,-750.0,-750.0
super,威力彩,2014-W11,train,trained_best_5,8,2,1000.0,62.5,62.5,-937.5,-937.5
super,威力彩,2014-W11,train,trained_blend,8,2,1000.0,225.0,225.0,-775.0,-775.0
super,威力彩,2014-W11,train,trained_family_ensemble,8,2,1000.0,162.5,162.5,-837.5,-837.5
super,威力彩,2014-W12,train,current_ensemble,8,2,1000.0,250.0,250.0,-750.0,-750.0
super,威力彩,2014-W12,train,random_5,8,2,1000.0,725.0,725.0,-275.0,-275.0
super,威力彩,2014-W12,train,trained_best_5,8,2,1000.0,37.5,37.5,-962.5,-962.5
super,威力彩,2014-W12,train,trained_blend,8,2,1000.0,162.5,162.5,-837.5,-837.5
super,威力彩,2014-W12,train,trained_family_ensemble,8,2,1000.0,262.5,262.5,-737.5,-737.5
super,威力彩,2014-W13,train,current_ensemble,8,2,1000.0,62.5,62.5,-937.5,-937.5
super,威力彩,2014-W13,train,random_5,8,2,1000.0,262.5,262.5,-737.5,-737.5
super,威力彩,2014-W13,train,trained_best_5,8,2,1000.0,162.5,162.5,-837.5,-837.5
super,威力彩,2014-W13,train,trained_blend,8,2,1000.0,237.5,237.5,-762.5,-762.5
super,威力彩,2014-W13,train,trained_family_ensemble,8,2,1000.0,150.0,150.0,-850.0,-850.0
super,威力彩,2014-W14,train,current_ensemble,8,2,1000.0,237.5,237.5,-762.5,-762.5
super,威力彩,2014-W14,train,random_5,8,2,1000.0,187.5,187.5,-812.5,-812.5
super,威力彩,2014-W14,train,trained_best_5,8,2,1000.0,187.5,187.5,-812.5,-812.5
super,威力彩,2014-W14,train,trained_blend,8,2,1000.0,187.5,187.5,-812.5,-812.5
super,威力彩,2014-W14,train,trained_family_ensemble,8,2,1000.0,225.0,225.0,-775.0,-775.0
super,威力彩,2014-W15,train,current_ensemble,8,2,1000.0,200.0,200.0,-800.0,-800.0
super,威力彩,2014-W15,train,random_5,8,2,1000.0,137.5,137.5,-862.5,-862.5
super,威力彩,2014-W15,train,trained_best_5,8,2,1000.0,87.5,87.5,-912.5,-912.5
super,威力彩,2014-W15,train,trained_blend,8,2,1000.0,200.0,200.0,-800.0,-800.0
super,威力彩,2014-W15,train,trained_family_ensemble,8,2,1000.0,137.5,137.5,-862.5,-862.5
super,威力彩,2014-W16,train,current_ensemble,8,2,1000.0,250.0,250.0,-750.0,-750.0
super,威力彩,2014-W16,train,random_5,8,2,1000.0,387.5,387.5,-612.5,-612.5
super,威力彩,2014-W16,train,trained_best_5,8,2,1000.0,75.0,75.0,-925.0,-925.0
super,威力彩,2014-W16,train,trained_blend,8,2,1000.0,350.0,350.0,-650.0,-650.0
super,威力彩,2014-W16,train,trained_family_ensemble,8,2,1000.0,237.5,237.5,-762.5,-762.5
super,威力彩,2014-W17,train,current_ensemble,8,2,1000.0,162.5,162.5,-837.5,-837.5
super,威力彩,2014-W17,train,random_5,8,2,1000.0,112.5,112.5,-887.5,-887.5
super,威力彩,2014-W17,train,trained_best_5,8,2,1000.0,350.0,350.0,-650.0,-650.0
super,威力彩,2014-W17,train,trained_blend,8,2,1000.0,237.5,237.5,-762.5,-762.5
super,威力彩,2014-W17,train,trained_family_ensemble,8,2,1000.0,137.5,137.5,-862.5,-862.5
super,威力彩,2014-W18,train,current_ensemble,8,2,1000.0,100.0,100.0,-900.0,-900.0
super,威力彩,2014-W18,train,random_5,8,2,1000.0,62.5,62.5,-937.5,-937.5
super,威力彩,2014-W18,train,trained_best_5,8,2,1000.0,200.0,200.0,-800.0,-800.0
super,威力彩,2014-W18,train,trained_blend,8,2,1000.0,150.0,150.0,-850.0,-850.0
super,威力彩,2014-W18,train,trained_family_ensemble,8,2,1000.0,100.0,100.0,-900.0,-900.0
super,威力彩,2014-W19,train,current_ensemble,8,2,1000.0,350.0,350.0,-650.0,-650.0
super,威力彩,2014-W19,train,random_5,8,2,1000.0,125.0,125.0,-875.0,-875.0
super,威力彩,2014-W19,train,trained_best_5,8,2,1000.0,62.5,62.5,-937.5,-937.5
super,威力彩,2014-W19,train,trained_blend,8,2,1000.0,137.5,137.5,-862.5,-862.5
super,威力彩,2014-W19,train,trained_family_ensemble,8,2,1000.0,75.0,75.0,-925.0,-925.0
super,威力彩,2014-W20,train,current_ensemble,8,2,1000.0,200.0,200.0,-800.0,-800.0
super,威力彩,2014-W20,train,random_5,8,2,1000.0,87.5,87.5,-912.5,-912.5
super,威力彩,2014-W20,train,trained_best_5,8,2,1000.0,50.0,50.0,-950.0,-950.0
super,威力彩,2014-W20,train,trained_blend,8,2,1000.0,87.5,87.5,-912.5,-912.5
super,威力彩,2014-W20,train,trained_family_ensemble,8,2,1000.0,275.0,275.0,-725.0,-725.0
super,威力彩,2014-W21,train,current_ensemble,8,2,1000.0,300.0,300.0,-700.0,-700.0
super,威力彩,2014-W21,train,random_5,8,2,1000.0,175.0,175.0,-825.0,-825.0
super,威力彩,2014-W21,train,trained_best_5,8,2,1000.0,287.5,287.5,-712.5,-712.5
super,威力彩,2014-W21,train,trained_blend,8,2,1000.0,150.0,150.0,-850.0,-850.0
super,威力彩,2014-W21,train,trained_family_ensemble,8,2,1000.0,237.5,237.5,-762.5,-762.5
super,威力彩,2014-W22,train,current_ensemble,8,2,1000.0,262.5,262.5,-737.5,-737.5
super,威力彩,2014-W22,train,random_5,8,2,1000.0,50.0,50.0,-950.0,-950.0
super,威力彩,2014-W22,train,trained_best_5,8,2,1000.0,200.0,200.0,-800.0,-800.0
super,威力彩,2014-W22,train,trained_blend,8,2,1000.0,225.0,225.0,-775.0,-775.0
super,威力彩,2014-W22,train,trained_family_ensemble,8,2,1000.0,775.0,775.0,-225.0,-225.0
super,威力彩,2014-W23,train,current_ensemble,8,2,1000.0,150.0,150.0,-850.0,-850.0
super,威力彩,2014-W23,train,random_5,8,2,1000.0,237.5,237.5,-762.5,-762.5
super,威力彩,2014-W23,train,trained_best_5,8,2,1000.0,150.0,150.0,-850.0,-850.0
super,威力彩,2014-W23,train,trained_blend,8,2,1000.0,200.0,200.0,-800.0,-800.0
super,威力彩,2014-W23,train,trained_family_ensemble,8,2,1000.0,187.5,187.5,-812.5,-812.5
super,威力彩,2014-W24,train,current_ensemble,8,2,1000.0,162.5,162.5,-837.5,-837.5
super,威力彩,2014-W24,train,random_5,8,2,1000.0,200.0,200.0,-800.0,-800.0
super,威力彩,2014-W24,train,trained_best_5,8,2,1000.0,50.0,50.0,-950.0,-950.0
super,威力彩,2014-W24,train,trained_blend,8,2,1000.0,262.5,262.5,-737.5,-737.5
super,威力彩,2014-W24,train,trained_family_ensemble,8,2,1000.0,187.5,187.5,-812.5,-812.5
super,威力彩,2014-W25,train,current_ensemble,8,2,1000.0,212.5,212.5,-787.5,-787.5
super,威力彩,2014-W25,train,random_5,8,2,1000.0,150.0,150.0,-850.0,-850.0
super,威力彩,2014-W25,train,trained_best_5,8,2,1000.0,650.0,650.0,-350.0,-350.0
super,威力彩,2014-W25,train,trained_blend,8,2,1000.0,150.0,150.0,-850.0,-850.0
super,威力彩,2014-W25,train,trained_family_ensemble,8,2,1000.0,125.0,125.0,-875.0,-875.0
super,威力彩,2014-W26,train,current_ensemble,8,2,1000.0,50.0,50.0,-950.0,-950.0
super,威力彩,2014-W26,train,random_5,8,2,1000.0,100.0,100.0,-900.0,-900.0
super,威力彩,2014-W26,train,trained_best_5,8,2,1000.0,75.0,75.0,-925.0,-925.0
super,威力彩,2014-W26,train,trained_blend,8,2,1000.0,112.5,112.5,-887.5,-887.5
super,威力彩,2014-W26,train,trained_family_ensemble,8,2,1000.0,62.5,62.5,-937.5,-937.5
super,威力彩,2014-W27,train,current_ensemble,8,2,1000.0,100.0,100.0,-900.0,-900.0
super,威力彩,2014-W27,train,random_5,8,2,1000.0,212.5,212.5,-787.5,-787.5
super,威力彩,2014-W27,train,trained_best_5,8,2,1000.0,87.5,87.5,-912.5,-912.5
super,威力彩,2014-W27,train,trained_blend,8,2,1000.0,137.5,137.5,-862.5,-862.5
super,威力彩,2014-W27,train,trained_family_ensemble,8,2,1000.0,212.5,212.5,-787.5,-787.5
super,威力彩,2014-W28,train,current_ensemble,8,2,1000.0,150.0,150.0,-850.0,-850.0
super,威力彩,2014-W28,train,random_5,8,2,1000.0,75.0,75.0,-925.0,-925.0
super,威力彩,2014-W28,train,trained_best_5,8,2,1000.0,225.0,225.0,-775.0,-775.0
super,威力彩,2014-W28,train,trained_blend,8,2,1000.0,175.0,175.0,-825.0,-825.0
super,威力彩,2014-W28,train,trained_family_ensemble,8,2,1000.0,150.0,150.0,-850.0,-850.0
super,威力彩,2014-W29,train,current_ensemble,8,2,1000.0,287.5,287.5,-712.5,-712.5
super,威力彩,2014-W29,train,random_5,8,2,1000.0,125.0,125.0,-875.0,-875.0
super,威力彩,2014-W29,train,trained_best_5,8,2,1000.0,150.0,150.0,-850.0,-850.0
super,威力彩,2014-W29,train,trained_blend,8,2,1000.0,137.5,137.5,-862.5,-862.5
super,威力彩,2014-W29,train,trained_family_ensemble,8,2,1000.0,175.0,175.0,-825.0,-825.0
super,威力彩,2014-W30,train,current_ensemble,8,2,1000.0,162.5,162.5,-837.5,-837.5
super,威力彩,2014-W30,train,random_5,8,2,1000.0,162.5,162.5,-837.5,-837.5
super,威力彩,2014-W30,train,trained_best_5,8,2,1000.0,325.0,325.0,-675.0,-675.0
super,威力彩,2014-W30,train,trained_blend,8,2,1000.0,287.5,287.5,-712.5,-712.5
super,威力彩,2014-W30,train,trained_family_ensemble,8,2,1000.0,187.5,187.5,-812.5,-812.5
super,威力彩,2014-W31,train,current_ensemble,8,2,1000.0,200.0,200.0,-800.0,-800.0
super,威力彩,2014-W31,train,random_5,8,2,1000.0,162.5,162.5,-837.5,-837.5
super,威力彩,2014-W31,train,trained_best_5,8,2,1000.0,350.0,350.0,-650.0,-650.0
super,威力彩,2014-W31,train,trained_blend,8,2,1000.0,300.0,300.0,-700.0,-700.0
super,威力彩,2014-W31,train,trained_family_ensemble,8,2,1000.0,262.5,262.5,-737.5,-737.5
super,威力彩,2014-W32,train,current_ensemble,8,2,1000.0,87.5,87.5,-912.5,-912.5
super,威力彩,2014-W32,train,random_5,8,2,1000.0,112.5,112.5,-887.5,-887.5
super,威力彩,2014-W32,train,trained_best_5,8,2,1000.0,75.0,75.0,-925.0,-925.0
super,威力彩,2014-W32,train,trained_blend,8,2,1000.0,37.5,37.5,-962.5,-962.5
super,威力彩,2014-W32,train,trained_family_ensemble,8,2,1000.0,100.0,100.0,-900.0,-900.0
super,威力彩,2014-W33,train,current_ensemble,8,2,1000.0,212.5,212.5,-787.5,-787.5
super,威力彩,2014-W33,train,random_5,8,2,1000.0,262.5,262.5,-737.5,-737.5
super,威力彩,2014-W33,train,trained_best_5,8,2,1000.0,175.0,175.0,-825.0,-825.0
super,威力彩,2014-W33,train,trained_blend,8,2,1000.0,250.0,250.0,-750.0,-750.0
super,威力彩,2014-W33,train,trained_family_ensemble,8,2,1000.0,150.0,150.0,-850.0,-850.0
super,威力彩,2014-W34,train,current_ensemble,8,2,1000.0,50.0,50.0,-950.0,-950.0
super,威力彩,2014-W34,train,random_5,8,2,1000.0,175.0,175.0,-825.0,-825.0
super,威力彩,2014-W34,train,trained_best_5,8,2,1000.0,37.5,37.5,-962.5,-962.5
super,威力彩,2014-W34,train,trained_blend,8,2,1000.0,50.0,50.0,-950.0,-950.0
super,威力彩,2014-W34,train,trained_family_ensemble,8,2,1000.0,62.5,62.5,-937.5,-937.5
super,威力彩,2014-W35,train,current_ensemble,8,2,1000.0,62.5,62.5,-937.5,-937.5
super,威力彩,2014-W35,train,random_5,8,2,1000.0,162.5,162.5,-837.5,-837.5
super,威力彩,2014-W35,train,trained_best_5,8,2,1000.0,212.5,212.5,-787.5,-787.5
super,威力彩,2014-W35,train,trained_blend,8,2,1000.0,100.0,100.0,-900.0,-900.0
super,威力彩,2014-W35,train,trained_family_ensemble,8,2,1000.0,62.5,62.5,-937.5,-937.5
super,威力彩,2014-W36,train,current_ensemble,8,2,1000.0,87.5,87.5,-912.5,-912.5
super,威力彩,2014-W36,train,random_5,8,2,1000.0,62.5,62.5,-937.5,-937.5
super,威力彩,2014-W36,train,trained_best_5,8,2,1000.0,112.5,112.5,-887.5,-887.5
super,威力彩,2014-W36,train,trained_blend,8,2,1000.0,75.0,75.0,-925.0,-925.0
super,威力彩,2014-W36,train,trained_family_ensemble,8,2,1000.0,50.0,50.0,-950.0,-950.0
super,威力彩,2014-W37,train,current_ensemble,8,2,1000.0,137.5,137.5,-862.5,-862.5
super,威力彩,2014-W37,train,random_5,8,2,1000.0,200.0,200.0,-800.0,-800.0
super,威力彩,2014-W37,train,trained_best_5,8,2,1000.0,50.0,50.0,-950.0,-950.0
super,威力彩,2014-W37,train,trained_blend,8,2,1000.0,125.0,125.0,-875.0,-875.0
super,威力彩,2014-W37,train,trained_family_ensemble,8,2,1000.0,125.0,125.0,-875.0,-875.0
super,威力彩,2014-W38,train,current_ensemble,8,2,1000.0,162.5,162.5,-837.5,-837.5
super,威力彩,2014-W38,train,random_5,8,2,1000.0,212.5,212.5,-787.5,-787.5
super,威力彩,2014-W38,train,trained_best_5,8,2,1000.0,25.0,25.0,-975.0,-975.0
super,威力彩,2014-W38,train,trained_blend,8,2,1000.0,162.5,162.5,-837.5,-837.5
super,威力彩,2014-W38,train,trained_family_ensemble,8,2,1000.0,150.0,150.0,-850.0,-850.0
super,威力彩,2014-W39,train,current_ensemble,8,2,1000.0,137.5,137.5,-862.5,-862.5
super,威力彩,2014-W39,train,random_5,8,2,1000.0,350.0,350.0,-650.0,-650.0
super,威力彩,2014-W39,train,trained_best_5,8,2,1000.0,12.5,12.5,-987.5,-987.5
super,威力彩,2014-W39,train,trained_blend,8,2,1000.0,250.0,250.0,-750.0,-750.0
super,威力彩,2014-W39,train,trained_family_ensemble,8,2,1000.0,300.0,300.0,-700.0,-700.0
super,威力彩,2014-W40,train,current_ensemble,8,2,1000.0,225.0,225.0,-775.0,-775.0
super,威力彩,2014-W40,train,random_5,8,2,1000.0,200.0,200.0,-800.0,-800.0
super,威力彩,2014-W40,train,trained_best_5,8,2,1000.0,212.5,212.5,-787.5,-787.5
super,威力彩,2014-W40,train,trained_blend,8,2,1000.0,187.5,187.5,-812.5,-812.5
super,威力彩,2014-W40,train,trained_family_ensemble,8,2,1000.0,18925.0,18925.0,17925.0,17925.0
super,威力彩,2014-W41,train,current_ensemble,8,2,1000.0,212.5,212.5,-787.5,-787.5
super,威力彩,2014-W41,train,random_5,8,2,1000.0,200.0,200.0,-800.0,-800.0
super,威力彩,2014-W41,train,trained_best_5,8,2,1000.0,112.5,112.5,-887.5,-887.5
super,威力彩,2014-W41,train,trained_blend,8,2,1000.0,162.5,162.5,-837.5,-837.5
super,威力彩,2014-W41,train,trained_family_ensemble,8,2,1000.0,125.0,125.0,-875.0,-875.0
super,威力彩,2014-W42,train,current_ensemble,8,2,1000.0,287.5,287.5,-712.5,-712.5
super,威力彩,2014-W42,train,random_5,8,2,1000.0,237.5,237.5,-762.5,-762.5
super,威力彩,2014-W42,train,trained_best_5,8,2,1000.0,137.5,137.5,-862.5,-862.5
super,威力彩,2014-W42,train,trained_blend,8,2,1000.0,162.5,162.5,-837.5,-837.5
super,威力彩,2014-W42,train,trained_family_ensemble,8,2,1000.0,275.0,275.0,-725.0,-725.0
super,威力彩,2014-W43,train,current_ensemble,8,2,1000.0,187.5,187.5,-812.5,-812.5
super,威力彩,2014-W43,train,random_5,8,2,1000.0,187.5,187.5,-812.5,-812.5
super,威力彩,2014-W43,train,trained_best_5,8,2,1000.0,100.0,100.0,-900.0,-900.0
super,威力彩,2014-W43,train,trained_blend,8,2,1000.0,100.0,100.0,-900.0,-900.0
super,威力彩,2014-W43,train,trained_family_ensemble,8,2,1000.0,162.5,162.5,-837.5,-837.5
super,威力彩,2014-W44,train,current_ensemble,8,2,1000.0,275.0,275.0,-725.0,-725.0
super,威力彩,2014-W44,train,random_5,8,2,1000.0,175.0,175.0,-825.0,-825.0
super,威力彩,2014-W44,train,trained_best_5,8,2,1000.0,87.5,87.5,-912.5,-912.5
super,威力彩,2014-W44,train,trained_blend,8,2,1000.0,175.0,175.0,-825.0,-825.0
super,威力彩,2014-W44,train,trained_family_ensemble,8,2,1000.0,787.5,787.5,-212.5,-212.5
super,威力彩,2014-W45,train,current_ensemble,8,2,1000.0,75.0,75.0,-925.0,-925.0
super,威力彩,2014-W45,train,random_5,8,2,1000.0,137.5,137.5,-862.5,-862.5
super,威力彩,2014-W45,train,trained_best_5,8,2,1000.0,237.5,237.5,-762.5,-762.5
super,威力彩,2014-W45,train,trained_blend,8,2,1000.0,100.0,100.0,-900.0,-900.0
super,威力彩,2014-W45,train,trained_family_ensemble,8,2,1000.0,100.0,100.0,-900.0,-900.0
super,威力彩,2014-W46,train,current_ensemble,8,2,1000.0,250.0,250.0,-750.0,-750.0
super,威力彩,2014-W46,train,random_5,8,2,1000.0,112.5,112.5,-887.5,-887.5
super,威力彩,2014-W46,train,trained_best_5,8,2,1000.0,150.0,150.0,-850.0,-850.0
super,威力彩,2014-W46,train,trained_blend,8,2,1000.0,150.0,150.0,-850.0,-850.0
super,威力彩,2014-W46,train,trained_family_ensemble,8,2,1000.0,150.0,150.0,-850.0,-850.0
super,威力彩,2014-W47,train,current_ensemble,8,2,1000.0,12.5,12.5,-987.5,-987.5
super,威力彩,2014-W47,train,random_5,8,2,1000.0,25.0,25.0,-975.0,-975.0
super,威力彩,2014-W47,train,trained_best_5,8,2,1000.0,237.5,237.5,-762.5,-762.5
super,威力彩,2014-W47,train,trained_blend,8,2,1000.0,100.0,100.0,-900.0,-900.0
super,威力彩,2014-W47,train,trained_family_ensemble,8,2,1000.0,62.5,62.5,-937.5,-937.5
super,威力彩,2014-W48,train,current_ensemble,8,2,1000.0,200.0,200.0,-800.0,-800.0
super,威力彩,2014-W48,train,random_5,8,2,1000.0,237.5,237.5,-762.5,-762.5
super,威力彩,2014-W48,train,trained_best_5,8,2,1000.0,237.5,237.5,-762.5,-762.5
super,威力彩,2014-W48,train,trained_blend,8,2,1000.0,125.0,125.0,-875.0,-875.0
super,威力彩,2014-W48,train,trained_family_ensemble,8,2,1000.0,212.5,212.5,-787.5,-787.5
super,威力彩,2014-W49,train,current_ensemble,8,2,1000.0,125.0,125.0,-875.0,-875.0
super,威力彩,2014-W49,train,random_5,8,2,1000.0,212.5,212.5,-787.5,-787.5
super,威力彩,2014-W49,train,trained_best_5,8,2,1000.0,137.5,137.5,-862.5,-862.5
super,威力彩,2014-W49,train,trained_blend,8,2,1000.0,150.0,150.0,-850.0,-850.0
super,威力彩,2014-W49,train,trained_family_ensemble,8,2,1000.0,162.5,162.5,-837.5,-837.5
super,威力彩,2014-W50,train,current_ensemble,8,2,1000.0,87.5,87.5,-912.5,-912.5
super,威力彩,2014-W50,train,random_5,8,2,1000.0,162.5,162.5,-837.5,-837.5
super,威力彩,2014-W50,train,trained_best_5,8,2,1000.0,50.0,50.0,-950.0,-950.0
super,威力彩,2014-W50,train,trained_blend,8,2,1000.0,162.5,162.5,-837.5,-837.5
super,威力彩,2014-W50,train,trained_family_ensemble,8,2,1000.0,150.0,150.0,-850.0,-850.0
super,威力彩,2014-W51,train,current_ensemble,8,2,1000.0,250.0,250.0,-750.0,-750.0
super,威力彩,2014-W51,train,random_5,8,2,1000.0,200.0,200.0,-800.0,-800.0
super,威力彩,2014-W51,train,trained_best_5,8,2,1000.0,250.0,250.0,-750.0,-750.0
super,威力彩,2014-W51,train,trained_blend,8,2,1000.0,200.0,200.0,-800.0,-800.0
super,威力彩,2014-W51,train,trained_family_ensemble,8,2,1000.0,225.0,225.0,-775.0,-775.0
super,威力彩,2014-W52,train,current_ensemble,8,2,1000.0,150.0,150.0,-850.0,-850.0
super,威力彩,2014-W52,train,random_5,8,2,1000.0,162.5,162.5,-837.5,-837.5
super,威力彩,2014-W52,train,trained_best_5,8,2,1000.0,200.0,200.0,-800.0,-800.0
super,威力彩,2014-W52,train,trained_blend,8,2,1000.0,150.0,150.0,-850.0,-850.0
super,威力彩,2014-W52,train,trained_family_ensemble,8,2,1000.0,262.5,262.5,-737.5,-737.5
super,威力彩,2015-W01,train,current_ensemble,8,2,1000.0,112.5,112.5,-887.5,-887.5
super,威力彩,2015-W01,train,random_5,8,2,1000.0,112.5,112.5,-887.5,-887.5
super,威力彩,2015-W01,train,trained_best_5,8,2,1000.0,62.5,62.5,-937.5,-937.5
super,威力彩,2015-W01,train,trained_blend,8,2,1000.0,100.0,100.0,-900.0,-900.0
super,威力彩,2015-W01,train,trained_family_ensemble,8,2,1000.0,75.0,75.0,-925.0,-925.0
super,威力彩,2015-W02,train,current_ensemble,8,2,1000.0,125.0,125.0,-875.0,-875.0
super,威力彩,2015-W02,train,random_5,8,2,1000.0,87.5,87.5,-912.5,-912.5
super,威力彩,2015-W02,train,trained_best_5,8,2,1000.0,87.5,87.5,-912.5,-912.5
super,威力彩,2015-W02,train,trained_blend,8,2,1000.0,175.0,175.0,-825.0,-825.0
super,威力彩,2015-W02,train,trained_family_ensemble,8,2,1000.0,100.0,100.0,-900.0,-900.0
super,威力彩,2015-W03,train,current_ensemble,8,2,1000.0,250.0,250.0,-750.0,-750.0
super,威力彩,2015-W03,train,random_5,8,2,1000.0,137.5,137.5,-862.5,-862.5
super,威力彩,2015-W03,train,trained_best_5,8,2,1000.0,212.5,212.5,-787.5,-787.5
super,威力彩,2015-W03,train,trained_blend,8,2,1000.0,175.0,175.0,-825.0,-825.0
super,威力彩,2015-W03,train,trained_family_ensemble,8,2,1000.0,225.0,225.0,-775.0,-775.0
super,威力彩,2015-W04,train,current_ensemble,8,2,1000.0,125.0,125.0,-875.0,-875.0
super,威力彩,2015-W04,train,random_5,8,2,1000.0,212.5,212.5,-787.5,-787.5
super,威力彩,2015-W04,train,trained_best_5,8,2,1000.0,225.0,225.0,-775.0,-775.0
super,威力彩,2015-W04,train,trained_blend,8,2,1000.0,287.5,287.5,-712.5,-712.5
super,威力彩,2015-W04,train,trained_family_ensemble,8,2,1000.0,100.0,100.0,-900.0,-900.0
super,威力彩,2015-W05,train,current_ensemble,8,2,1000.0,237.5,237.5,-762.5,-762.5
super,威力彩,2015-W05,train,random_5,8,2,1000.0,225.0,225.0,-775.0,-775.0
super,威力彩,2015-W05,train,trained_best_5,8,2,1000.0,175.0,175.0,-825.0,-825.0
super,威力彩,2015-W05,train,trained_blend,8,2,1000.0,175.0,175.0,-825.0,-825.0
super,威力彩,2015-W05,train,trained_family_ensemble,8,2,1000.0,200.0,200.0,-800.0,-800.0
super,威力彩,2015-W06,train,current_ensemble,8,2,1000.0,287.5,287.5,-712.5,-712.5
super,威力彩,2015-W06,train,random_5,8,2,1000.0,225.0,225.0,-775.0,-775.0
super,威力彩,2015-W06,train,trained_best_5,8,2,1000.0,125.0,125.0,-875.0,-875.0
super,威力彩,2015-W06,train,trained_blend,8,2,1000.0,175.0,175.0,-825.0,-825.0
super,威力彩,2015-W06,train,trained_family_ensemble,8,2,1000.0,162.5,162.5,-837.5,-837.5
super,威力彩,2015-W07,train,current_ensemble,8,2,1000.0,262.5,262.5,-737.5,-737.5
super,威力彩,2015-W07,train,random_5,8,2,1000.0,187.5,187.5,-812.5,-812.5
super,威力彩,2015-W07,train,trained_best_5,8,2,1000.0,250.0,250.0,-750.0,-750.0
super,威力彩,2015-W07,train,trained_blend,8,2,1000.0,237.5,237.5,-762.5,-762.5
super,威力彩,2015-W07,train,trained_family_ensemble,8,2,1000.0,350.0,350.0,-650.0,-650.0
super,威力彩,2015-W08,train,current_ensemble,8,2,1000.0,125.0,125.0,-875.0,-875.0
super,威力彩,2015-W08,train,random_5,8,2,1000.0,212.5,212.5,-787.5,-787.5
super,威力彩,2015-W08,train,trained_best_5,8,2,1000.0,62.5,62.5,-937.5,-937.5
super,威力彩,2015-W08,train,trained_blend,8,2,1000.0,225.0,225.0,-775.0,-775.0
super,威力彩,2015-W08,train,trained_family_ensemble,8,2,1000.0,87.5,87.5,-912.5,-912.5
super,威力彩,2015-W09,train,current_ensemble,8,2,1000.0,112.5,112.5,-887.5,-887.5
super,威力彩,2015-W09,train,random_5,8,2,1000.0,162.5,162.5,-837.5,-837.5
super,威力彩,2015-W09,train,trained_best_5,8,2,1000.0,50.0,50.0,-950.0,-950.0
super,威力彩,2015-W09,train,trained_blend,8,2,1000.0,100.0,100.0,-900.0,-900.0
super,威力彩,2015-W09,train,trained_family_ensemble,8,2,1000.0,62.5,62.5,-937.5,-937.5
super,威力彩,2015-W10,train,current_ensemble,8,2,1000.0,100.0,100.0,-900.0,-900.0
super,威力彩,2015-W10,train,random_5,8,2,1000.0,150.0,150.0,-850.0,-850.0
super,威力彩,2015-W10,train,trained_best_5,8,2,1000.0,200.0,200.0,-800.0,-800.0
super,威力彩,2015-W10,train,trained_blend,8,2,1000.0,150.0,150.0,-850.0,-850.0
super,威力彩,2015-W10,train,trained_family_ensemble,8,2,1000.0,162.5,162.5,-837.5,-837.5
super,威力彩,2015-W11,train,current_ensemble,8,2,1000.0,87.5,87.5,-912.5,-912.5
super,威力彩,2015-W11,train,random_5,8,2,1000.0,100.0,100.0,-900.0,-900.0
super,威力彩,2015-W11,train,trained_best_5,8,2,1000.0,112.5,112.5,-887.5,-887.5
super,威力彩,2015-W11,train,trained_blend,8,2,1000.0,50.0,50.0,-950.0,-950.0
super,威力彩,2015-W11,train,trained_family_ensemble,8,2,1000.0,87.5,87.5,-912.5,-912.5
super,威力彩,2015-W12,train,current_ensemble,8,2,1000.0,162.5,162.5,-837.5,-837.5
super,威力彩,2015-W12,train,random_5,8,2,1000.0,250.0,250.0,-750.0,-750.0
super,威力彩,2015-W12,train,trained_best_5,8,2,1000.0,362.5,362.5,-637.5,-637.5
super,威力彩,2015-W12,train,trained_blend,8,2,1000.0,175.0,175.0,-825.0,-825.0
super,威力彩,2015-W12,train,trained_family_ensemble,8,2,1000.0,250.0,250.0,-750.0,-750.0
super,威力彩,2015-W13,train,current_ensemble,8,2,1000.0,125.0,125.0,-875.0,-875.0
super,威力彩,2015-W13,train,random_5,8,2,1000.0,112.5,112.5,-887.5,-887.5
super,威力彩,2015-W13,train,trained_best_5,8,2,1000.0,112.5,112.5,-887.5,-887.5
super,威力彩,2015-W13,train,trained_blend,8,2,1000.0,600.0,600.0,-400.0,-400.0
super,威力彩,2015-W13,train,trained_family_ensemble,8,2,1000.0,100.0,100.0,-900.0,-900.0
super,威力彩,2015-W14,train,current_ensemble,8,2,1000.0,75.0,75.0,-925.0,-925.0
super,威力彩,2015-W14,train,random_5,8,2,1000.0,137.5,137.5,-862.5,-862.5
super,威力彩,2015-W14,train,trained_best_5,8,2,1000.0,62.5,62.5,-937.5,-937.5
super,威力彩,2015-W14,train,trained_blend,8,2,1000.0,37.5,37.5,-962.5,-962.5
super,威力彩,2015-W14,train,trained_family_ensemble,8,2,1000.0,187.5,187.5,-812.5,-812.5
super,威力彩,2015-W15,train,current_ensemble,8,2,1000.0,137.5,137.5,-862.5,-862.5
super,威力彩,2015-W15,train,random_5,8,2,1000.0,175.0,175.0,-825.0,-825.0
super,威力彩,2015-W15,train,trained_best_5,8,2,1000.0,125.0,125.0,-875.0,-875.0
super,威力彩,2015-W15,train,trained_blend,8,2,1000.0,175.0,175.0,-825.0,-825.0
super,威力彩,2015-W15,train,trained_family_ensemble,8,2,1000.0,62.5,62.5,-937.5,-937.5
super,威力彩,2015-W16,train,current_ensemble,8,2,1000.0,137.5,137.5,-862.5,-862.5
super,威力彩,2015-W16,train,random_5,8,2,1000.0,162.5,162.5,-837.5,-837.5
super,威力彩,2015-W16,train,trained_best_5,8,2,1000.0,87.5,87.5,-912.5,-912.5
super,威力彩,2015-W16,train,trained_blend,8,2,1000.0,212.5,212.5,-787.5,-787.5
super,威力彩,2015-W16,train,trained_family_ensemble,8,2,1000.0,162.5,162.5,-837.5,-837.5
super,威力彩,2015-W17,train,current_ensemble,8,2,1000.0,162.5,162.5,-837.5,-837.5
super,威力彩,2015-W17,train,random_5,8,2,1000.0,250.0,250.0,-750.0,-750.0
super,威力彩,2015-W17,train,trained_best_5,8,2,1000.0,312.5,312.5,-687.5,-687.5
super,威力彩,2015-W17,train,trained_blend,8,2,1000.0,325.0,325.0,-675.0,-675.0
super,威力彩,2015-W17,train,trained_family_ensemble,8,2,1000.0,175.0,175.0,-825.0,-825.0
super,威力彩,2015-W18,train,current_ensemble,8,2,1000.0,225.0,225.0,-775.0,-775.0
super,威力彩,2015-W18,train,random_5,8,2,1000.0,175.0,175.0,-825.0,-825.0
super,威力彩,2015-W18,train,trained_best_5,8,2,1000.0,187.5,187.5,-812.5,-812.5
super,威力彩,2015-W18,train,trained_blend,8,2,1000.0,200.0,200.0,-800.0,-800.0
super,威力彩,2015-W18,train,trained_family_ensemble,8,2,1000.0,125.0,125.0,-875.0,-875.0
super,威力彩,2015-W19,train,current_ensemble,8,2,1000.0,287.5,287.5,-712.5,-712.5
super,威力彩,2015-W19,train,random_5,8,2,1000.0,287.5,287.5,-712.5,-712.5
super,威力彩,2015-W19,train,trained_best_5,8,2,1000.0,87.5,87.5,-912.5,-912.5
super,威力彩,2015-W19,train,trained_blend,8,2,1000.0,262.5,262.5,-737.5,-737.5
super,威力彩,2015-W19,train,trained_family_ensemble,8,2,1000.0,262.5,262.5,-737.5,-737.5
super,威力彩,2015-W20,train,current_ensemble,8,2,1000.0,150.0,150.0,-850.0,-850.0
super,威力彩,2015-W20,train,random_5,8,2,1000.0,137.5,137.5,-862.5,-862.5
super,威力彩,2015-W20,train,trained_best_5,8,2,1000.0,162.5,162.5,-837.5,-837.5
super,威力彩,2015-W20,train,trained_blend,8,2,1000.0,100.0,100.0,-900.0,-900.0
super,威力彩,2015-W20,train,trained_family_ensemble,8,2,1000.0,137.5,137.5,-862.5,-862.5
super,威力彩,2015-W21,train,current_ensemble,8,2,1000.0,175.0,175.0,-825.0,-825.0
super,威力彩,2015-W21,train,random_5,8,2,1000.0,200.0,200.0,-800.0,-800.0
super,威力彩,2015-W21,train,trained_best_5,8,2,1000.0,212.5,212.5,-787.5,-787.5
super,威力彩,2015-W21,train,trained_blend,8,2,1000.0,162.5,162.5,-837.5,-837.5
super,威力彩,2015-W21,train,trained_family_ensemble,8,2,1000.0,112.5,112.5,-887.5,-887.5
super,威力彩,2015-W22,train,current_ensemble,8,2,1000.0,100.0,100.0,-900.0,-900.0
super,威力彩,2015-W22,train,random_5,8,2,1000.0,150.0,150.0,-850.0,-850.0
super,威力彩,2015-W22,train,trained_best_5,8,2,1000.0,187.5,187.5,-812.5,-812.5
super,威力彩,2015-W22,train,trained_blend,8,2,1000.0,87.5,87.5,-912.5,-912.5
super,威力彩,2015-W22,train,trained_family_ensemble,8,2,1000.0,125.0,125.0,-875.0,-875.0
super,威力彩,2015-W23,train,current_ensemble,8,2,1000.0,87.5,87.5,-912.5,-912.5
super,威力彩,2015-W23,train,random_5,8,2,1000.0,312.5,312.5,-687.5,-687.5
super,威力彩,2015-W23,train,trained_best_5,8,2,1000.0,87.5,87.5,-912.5,-912.5
super,威力彩,2015-W23,train,trained_blend,8,2,1000.0,225.0,225.0,-775.0,-775.0
super,威力彩,2015-W23,train,trained_family_ensemble,8,2,1000.0,162.5,162.5,-837.5,-837.5
super,威力彩,2015-W24,train,current_ensemble,8,2,1000.0,62.5,62.5,-937.5,-937.5
super,威力彩,2015-W24,train,random_5,8,2,1000.0,175.0,175.0,-825.0,-825.0
super,威力彩,2015-W24,train,trained_best_5,8,2,1000.0,25.0,25.0,-975.0,-975.0
super,威力彩,2015-W24,train,trained_blend,8,2,1000.0,62.5,62.5,-937.5,-937.5
super,威力彩,2015-W24,train,trained_family_ensemble,8,2,1000.0,75.0,75.0,-925.0,-925.0
super,威力彩,2015-W25,train,current_ensemble,8,2,1000.0,162.5,162.5,-837.5,-837.5
super,威力彩,2015-W25,train,random_5,8,2,1000.0,187.5,187.5,-812.5,-812.5
super,威力彩,2015-W25,train,trained_best_5,8,2,1000.0,150.0,150.0,-850.0,-850.0
super,威力彩,2015-W25,train,trained_blend,8,2,1000.0,75.0,75.0,-925.0,-925.0
super,威力彩,2015-W25,train,trained_family_ensemble,8,2,1000.0,125.0,125.0,-875.0,-875.0
super,威力彩,2015-W26,train,current_ensemble,8,2,1000.0,87.5,87.5,-912.5,-912.5
super,威力彩,2015-W26,train,random_5,8,2,1000.0,125.0,125.0,-875.0,-875.0
super,威力彩,2015-W26,train,trained_best_5,8,2,1000.0,25.0,25.0,-975.0,-975.0
super,威力彩,2015-W26,train,trained_blend,8,2,1000.0,212.5,212.5,-787.5,-787.5
super,威力彩,2015-W26,train,trained_family_ensemble,8,2,1000.0,87.5,87.5,-912.5,-912.5
super,威力彩,2015-W27,train,current_ensemble,8,2,1000.0,200.0,200.0,-800.0,-800.0
super,威力彩,2015-W27,train,random_5,8,2,1000.0,250.0,250.0,-750.0,-750.0
super,威力彩,2015-W27,train,trained_best_5,8,2,1000.0,275.0,275.0,-725.0,-725.0
super,威力彩,2015-W27,train,trained_blend,8,2,1000.0,187.5,187.5,-812.5,-812.5
super,威力彩,2015-W27,train,trained_family_ensemble,8,2,1000.0,225.0,225.0,-775.0,-775.0
super,威力彩,2015-W28,train,current_ensemble,8,2,1000.0,100.0,100.0,-900.0,-900.0
super,威力彩,2015-W28,train,random_5,8,2,1000.0,75.0,75.0,-925.0,-925.0
super,威力彩,2015-W28,train,trained_best_5,8,2,1000.0,250.0,250.0,-750.0,-750.0
super,威力彩,2015-W28,train,trained_blend,8,2,1000.0,150.0,150.0,-850.0,-850.0
super,威力彩,2015-W28,train,trained_family_ensemble,8,2,1000.0,187.5,187.5,-812.5,-812.5
super,威力彩,2015-W29,train,current_ensemble,8,2,1000.0,337.5,337.5,-662.5,-662.5
super,威力彩,2015-W29,train,random_5,8,2,1000.0,300.0,300.0,-700.0,-700.0
super,威力彩,2015-W29,train,trained_best_5,8,2,1000.0,150.0,150.0,-850.0,-850.0
super,威力彩,2015-W29,train,trained_blend,8,2,1000.0,150.0,150.0,-850.0,-850.0
super,威力彩,2015-W29,train,trained_family_ensemble,8,2,1000.0,287.5,287.5,-712.5,-712.5
super,威力彩,2015-W30,train,current_ensemble,8,2,1000.0,150.0,150.0,-850.0,-850.0
super,威力彩,2015-W30,train,random_5,8,2,1000.0,150.0,150.0,-850.0,-850.0
super,威力彩,2015-W30,train,trained_best_5,8,2,1000.0,212.5,212.5,-787.5,-787.5
super,威力彩,2015-W30,train,trained_blend,8,2,1000.0,200.0,200.0,-800.0,-800.0
super,威力彩,2015-W30,train,trained_family_ensemble,8,2,1000.0,75.0,75.0,-925.0,-925.0
super,威力彩,2015-W31,train,current_ensemble,8,2,1000.0,212.5,212.5,-787.5,-787.5
super,威力彩,2015-W31,train,random_5,8,2,1000.0,300.0,300.0,-700.0,-700.0
super,威力彩,2015-W31,train,trained_best_5,8,2,1000.0,137.5,137.5,-862.5,-862.5
super,威力彩,2015-W31,train,trained_blend,8,2,1000.0,200.0,200.0,-800.0,-800.0
super,威力彩,2015-W31,train,trained_family_ensemble,8,2,1000.0,237.5,237.5,-762.5,-762.5
super,威力彩,2015-W32,train,current_ensemble,8,2,1000.0,125.0,125.0,-875.0,-875.0
super,威力彩,2015-W32,train,random_5,8,2,1000.0,237.5,237.5,-762.5,-762.5
super,威力彩,2015-W32,train,trained_best_5,8,2,1000.0,125.0,125.0,-875.0,-875.0
super,威力彩,2015-W32,train,trained_blend,8,2,1000.0,175.0,175.0,-825.0,-825.0
super,威力彩,2015-W32,train,trained_family_ensemble,8,2,1000.0,137.5,137.5,-862.5,-862.5
super,威力彩,2015-W33,train,current_ensemble,8,2,1000.0,175.0,175.0,-825.0,-825.0
super,威力彩,2015-W33,train,random_5,8,2,1000.0,162.5,162.5,-837.5,-837.5
super,威力彩,2015-W33,train,trained_best_5,8,2,1000.0,162.5,162.5,-837.5,-837.5
super,威力彩,2015-W33,train,trained_blend,8,2,1000.0,75.0,75.0,-925.0,-925.0
super,威力彩,2015-W33,train,trained_family_ensemble,8,2,1000.0,200.0,200.0,-800.0,-800.0
super,威力彩,2015-W34,train,current_ensemble,8,2,1000.0,175.0,175.0,-825.0,-825.0
super,威力彩,2015-W34,train,random_5,8,2,1000.0,87.5,87.5,-912.5,-912.5
super,威力彩,2015-W34,train,trained_best_5,8,2,1000.0,262.5,262.5,-737.5,-737.5
super,威力彩,2015-W34,train,trained_blend,8,2,1000.0,200.0,200.0,-800.0,-800.0
super,威力彩,2015-W34,train,trained_family_ensemble,8,2,1000.0,150.0,150.0,-850.0,-850.0
super,威力彩,2015-W35,train,current_ensemble,8,2,1000.0,50.0,50.0,-950.0,-950.0
super,威力彩,2015-W35,train,random_5,8,2,1000.0,137.5,137.5,-862.5,-862.5
super,威力彩,2015-W35,train,trained_best_5,8,2,1000.0,100.0,100.0,-900.0,-900.0
super,威力彩,2015-W35,train,trained_blend,8,2,1000.0,125.0,125.0,-875.0,-875.0
super,威力彩,2015-W35,train,trained_family_ensemble,8,2,1000.0,62.5,62.5,-937.5,-937.5
super,威力彩,2015-W36,train,current_ensemble,8,2,1000.0,175.0,175.0,-825.0,-825.0
super,威力彩,2015-W36,train,random_5,8,2,1000.0,287.5,287.5,-712.5,-712.5
super,威力彩,2015-W36,train,trained_best_5,8,2,1000.0,287.5,287.5,-712.5,-712.5
super,威力彩,2015-W36,train,trained_blend,8,2,1000.0,200.0,200.0,-800.0,-800.0
super,威力彩,2015-W36,train,trained_family_ensemble,8,2,1000.0,187.5,187.5,-812.5,-812.5
super,威力彩,2015-W37,train,current_ensemble,8,2,1000.0,150.0,150.0,-850.0,-850.0
super,威力彩,2015-W37,train,random_5,8,2,1000.0,137.5,137.5,-862.5,-862.5
super,威力彩,2015-W37,train,trained_best_5,8,2,1000.0,162.5,162.5,-837.5,-837.5
super,威力彩,2015-W37,train,trained_blend,8,2,1000.0,100.0,100.0,-900.0,-900.0
super,威力彩,2015-W37,train,trained_family_ensemble,8,2,1000.0,175.0,175.0,-825.0,-825.0
super,威力彩,2015-W38,train,current_ensemble,8,2,1000.0,162.5,162.5,-837.5,-837.5
super,威力彩,2015-W38,train,random_5,8,2,1000.0,75.0,75.0,-925.0,-925.0
super,威力彩,2015-W38,train,trained_best_5,8,2,1000.0,237.5,237.5,-762.5,-762.5
super,威力彩,2015-W38,train,trained_blend,8,2,1000.0,200.0,200.0,-800.0,-800.0
super,威力彩,2015-W38,train,trained_family_ensemble,8,2,1000.0,175.0,175.0,-825.0,-825.0
super,威力彩,2015-W39,train,current_ensemble,8,2,1000.0,87.5,87.5,-912.5,-912.5
super,威力彩,2015-W39,train,random_5,8,2,1000.0,237.5,237.5,-762.5,-762.5
super,威力彩,2015-W39,train,trained_best_5,8,2,1000.0,75.0,75.0,-925.0,-925.0
super,威力彩,2015-W39,train,trained_blend,8,2,1000.0,62.5,62.5,-937.5,-937.5
super,威力彩,2015-W39,train,trained_family_ensemble,8,2,1000.0,100.0,100.0,-900.0,-900.0
super,威力彩,2015-W40,train,current_ensemble,8,2,1000.0,100.0,100.0,-900.0,-900.0
super,威力彩,2015-W40,train,random_5,8,2,1000.0,212.5,212.5,-787.5,-787.5
super,威力彩,2015-W40,train,trained_best_5,8,2,1000.0,87.5,87.5,-912.5,-912.5
super,威力彩,2015-W40,train,trained_blend,8,2,1000.0,75.0,75.0,-925.0,-925.0
super,威力彩,2015-W40,train,trained_family_ensemble,8,2,1000.0,137.5,137.5,-862.5,-862.5
super,威力彩,2015-W41,train,current_ensemble,8,2,1000.0,250.0,250.0,-750.0,-750.0
super,威力彩,2015-W41,train,random_5,8,2,1000.0,162.5,162.5,-837.5,-837.5
super,威力彩,2015-W41,train,trained_best_5,8,2,1000.0,175.0,175.0,-825.0,-825.0
super,威力彩,2015-W41,train,trained_blend,8,2,1000.0,287.5,287.5,-712.5,-712.5
super,威力彩,2015-W41,train,trained_family_ensemble,8,2,1000.0,237.5,237.5,-762.5,-762.5
super,威力彩,2015-W42,train,current_ensemble,8,2,1000.0,125.0,125.0,-875.0,-875.0
super,威力彩,2015-W42,train,random_5,8,2,1000.0,250.0,250.0,-750.0,-750.0
super,威力彩,2015-W42,train,trained_best_5,8,2,1000.0,225.0,225.0,-775.0,-775.0
super,威力彩,2015-W42,train,trained_blend,8,2,1000.0,175.0,175.0,-825.0,-825.0
super,威力彩,2015-W42,train,trained_family_ensemble,8,2,1000.0,137.5,137.5,-862.5,-862.5
super,威力彩,2015-W43,train,current_ensemble,8,2,1000.0,112.5,112.5,-887.5,-887.5
super,威力彩,2015-W43,train,random_5,8,2,1000.0,175.0,175.0,-825.0,-825.0
super,威力彩,2015-W43,train,trained_best_5,8,2,1000.0,112.5,112.5,-887.5,-887.5
super,威力彩,2015-W43,train,trained_blend,8,2,1000.0,250.0,250.0,-750.0,-750.0
super,威力彩,2015-W43,train,trained_family_ensemble,8,2,1000.0,125.0,125.0,-875.0,-875.0
super,威力彩,2015-W44,train,current_ensemble,8,2,1000.0,87.5,87.5,-912.5,-912.5
super,威力彩,2015-W44,train,random_5,8,2,1000.0,125.0,125.0,-875.0,-875.0
super,威力彩,2015-W44,train,trained_best_5,8,2,1000.0,150.0,150.0,-850.0,-850.0
super,威力彩,2015-W44,train,trained_blend,8,2,1000.0,75.0,75.0,-925.0,-925.0
super,威力彩,2015-W44,train,trained_family_ensemble,8,2,1000.0,200.0,200.0,-800.0,-800.0
super,威力彩,2015-W45,train,current_ensemble,8,2,1000.0,312.5,312.5,-687.5,-687.5
super,威力彩,2015-W45,train,random_5,8,2,1000.0,175.0,175.0,-825.0,-825.0
super,威力彩,2015-W45,train,trained_best_5,8,2,1000.0,200.0,200.0,-800.0,-800.0
super,威力彩,2015-W45,train,trained_blend,8,2,1000.0,300.0,300.0,-700.0,-700.0
super,威力彩,2015-W45,train,trained_family_ensemble,8,2,1000.0,150.0,150.0,-850.0,-850.0
super,威力彩,2015-W46,train,current_ensemble,8,2,1000.0,150.0,150.0,-850.0,-850.0
super,威力彩,2015-W46,train,random_5,8,2,1000.0,225.0,225.0,-775.0,-775.0
super,威力彩,2015-W46,train,trained_best_5,8,2,1000.0,262.5,262.5,-737.5,-737.5
super,威力彩,2015-W46,train,trained_blend,8,2,1000.0,200.0,200.0,-800.0,-800.0
super,威力彩,2015-W46,train,trained_family_ensemble,8,2,1000.0,187.5,187.5,-812.5,-812.5
super,威力彩,2015-W47,train,current_ensemble,8,2,1000.0,62.5,62.5,-937.5,-937.5
super,威力彩,2015-W47,train,random_5,8,2,1000.0,100.0,100.0,-900.0,-900.0
super,威力彩,2015-W47,train,trained_best_5,8,2,1000.0,87.5,87.5,-912.5,-912.5
super,威力彩,2015-W47,train,trained_blend,8,2,1000.0,62.5,62.5,-937.5,-937.5
super,威力彩,2015-W47,train,trained_family_ensemble,8,2,1000.0,50.0,50.0,-950.0,-950.0
super,威力彩,2015-W48,train,current_ensemble,8,2,1000.0,175.0,175.0,-825.0,-825.0
super,威力彩,2015-W48,train,random_5,8,2,1000.0,137.5,137.5,-862.5,-862.5
super,威力彩,2015-W48,train,trained_best_5,8,2,1000.0,162.5,162.5,-837.5,-837.5
super,威力彩,2015-W48,train,trained_blend,8,2,1000.0,100.0,100.0,-900.0,-900.0
super,威力彩,2015-W48,train,trained_family_ensemble,8,2,1000.0,325.0,325.0,-675.0,-675.0
super,威力彩,2015-W49,train,current_ensemble,8,2,1000.0,250.0,250.0,-750.0,-750.0
super,威力彩,2015-W49,train,random_5,8,2,1000.0,175.0,175.0,-825.0,-825.0
super,威力彩,2015-W49,train,trained_best_5,8,2,1000.0,175.0,175.0,-825.0,-825.0
super,威力彩,2015-W49,train,trained_blend,8,2,1000.0,125.0,125.0,-875.0,-875.0
super,威力彩,2015-W49,train,trained_family_ensemble,8,2,1000.0,137.5,137.5,-862.5,-862.5
super,威力彩,2015-W50,train,current_ensemble,8,2,1000.0,200.0,200.0,-800.0,-800.0
super,威力彩,2015-W50,train,random_5,8,2,1000.0,75.0,75.0,-925.0,-925.0
super,威力彩,2015-W50,train,trained_best_5,8,2,1000.0,662.5,662.5,-337.5,-337.5
super,威力彩,2015-W50,train,trained_blend,8,2,1000.0,125.0,125.0,-875.0,-875.0
super,威力彩,2015-W50,train,trained_family_ensemble,8,2,1000.0,175.0,175.0,-825.0,-825.0
super,威力彩,2015-W51,train,current_ensemble,8,2,1000.0,200.0,200.0,-800.0,-800.0
super,威力彩,2015-W51,train,random_5,8,2,1000.0,187.5,187.5,-812.5,-812.5
super,威力彩,2015-W51,train,trained_best_5,8,2,1000.0,175.0,175.0,-825.0,-825.0
super,威力彩,2015-W51,train,trained_blend,8,2,1000.0,175.0,175.0,-825.0,-825.0
super,威力彩,2015-W51,train,trained_family_ensemble,8,2,1000.0,200.0,200.0,-800.0,-800.0
super,威力彩,2015-W52,train,current_ensemble,8,2,1000.0,137.5,137.5,-862.5,-862.5
super,威力彩,2015-W52,train,random_5,8,2,1000.0,150.0,150.0,-850.0,-850.0
super,威力彩,2015-W52,train,trained_best_5,8,2,1000.0,50.0,50.0,-950.0,-950.0
super,威力彩,2015-W52,train,trained_blend,8,2,1000.0,100.0,100.0,-900.0,-900.0
super,威力彩,2015-W52,train,trained_family_ensemble,8,2,1000.0,137.5,137.5,-862.5,-862.5
super,威力彩,2015-W53,train,current_ensemble,8,2,1000.0,137.5,137.5,-862.5,-862.5
super,威力彩,2015-W53,train,random_5,8,2,1000.0,225.0,225.0,-775.0,-775.0
super,威力彩,2015-W53,train,trained_best_5,8,2,1000.0,300.0,300.0,-700.0,-700.0
super,威力彩,2015-W53,train,trained_blend,8,2,1000.0,200.0,200.0,-800.0,-800.0
super,威力彩,2015-W53,train,trained_family_ensemble,8,2,1000.0,187.5,187.5,-812.5,-812.5
super,威力彩,2016-W01,train,current_ensemble,8,2,1000.0,162.5,162.5,-837.5,-837.5
super,威力彩,2016-W01,train,random_5,8,2,1000.0,175.0,175.0,-825.0,-825.0
super,威力彩,2016-W01,train,trained_best_5,8,2,1000.0,137.5,137.5,-862.5,-862.5
super,威力彩,2016-W01,train,trained_blend,8,2,1000.0,200.0,200.0,-800.0,-800.0
super,威力彩,2016-W01,train,trained_family_ensemble,8,2,1000.0,175.0,175.0,-825.0,-825.0
super,威力彩,2016-W02,train,current_ensemble,8,2,1000.0,237.5,237.5,-762.5,-762.5
super,威力彩,2016-W02,train,random_5,8,2,1000.0,212.5,212.5,-787.5,-787.5
super,威力彩,2016-W02,train,trained_best_5,8,2,1000.0,137.5,137.5,-862.5,-862.5
super,威力彩,2016-W02,train,trained_blend,8,2,1000.0,237.5,237.5,-762.5,-762.5
super,威力彩,2016-W02,train,trained_family_ensemble,8,2,1000.0,312.5,312.5,-687.5,-687.5
super,威力彩,2016-W03,train,current_ensemble,8,2,1000.0,250.0,250.0,-750.0,-750.0
super,威力彩,2016-W03,train,random_5,8,2,1000.0,250.0,250.0,-750.0,-750.0
super,威力彩,2016-W03,train,trained_best_5,8,2,1000.0,187.5,187.5,-812.5,-812.5
super,威力彩,2016-W03,train,trained_blend,8,2,1000.0,212.5,212.5,-787.5,-787.5
super,威力彩,2016-W03,train,trained_family_ensemble,8,2,1000.0,275.0,275.0,-725.0,-725.0
super,威力彩,2016-W04,train,current_ensemble,8,2,1000.0,275.0,275.0,-725.0,-725.0
super,威力彩,2016-W04,train,random_5,8,2,1000.0,912.5,912.5,-87.5,-87.5
super,威力彩,2016-W04,train,trained_best_5,8,2,1000.0,137.5,137.5,-862.5,-862.5
super,威力彩,2016-W04,train,trained_blend,8,2,1000.0,700.0,700.0,-300.0,-300.0
super,威力彩,2016-W04,train,trained_family_ensemble,8,2,1000.0,150.0,150.0,-850.0,-850.0
super,威力彩,2016-W05,train,current_ensemble,8,2,1000.0,2600.0,2600.0,1600.0,1600.0
super,威力彩,2016-W05,train,random_5,8,2,1000.0,2687.5,2687.5,1687.5,1687.5
super,威力彩,2016-W05,train,trained_best_5,8,2,1000.0,62.5,62.5,-937.5,-937.5
super,威力彩,2016-W05,train,trained_blend,8,2,1000.0,87.5,87.5,-912.5,-912.5
super,威力彩,2016-W05,train,trained_family_ensemble,8,2,1000.0,2637.5,2637.5,1637.5,1637.5
super,威力彩,2016-W06,train,current_ensemble,8,2,1000.0,150.0,150.0,-850.0,-850.0
super,威力彩,2016-W06,train,random_5,8,2,1000.0,150.0,150.0,-850.0,-850.0
super,威力彩,2016-W06,train,trained_best_5,8,2,1000.0,300.0,300.0,-700.0,-700.0
super,威力彩,2016-W06,train,trained_blend,8,2,1000.0,175.0,175.0,-825.0,-825.0
super,威力彩,2016-W06,train,trained_family_ensemble,8,2,1000.0,212.5,212.5,-787.5,-787.5
super,威力彩,2016-W07,train,current_ensemble,8,2,1000.0,175.0,175.0,-825.0,-825.0
super,威力彩,2016-W07,train,random_5,8,2,1000.0,212.5,212.5,-787.5,-787.5
super,威力彩,2016-W07,train,trained_best_5,8,2,1000.0,50.0,50.0,-950.0,-950.0
super,威力彩,2016-W07,train,trained_blend,8,2,1000.0,225.0,225.0,-775.0,-775.0
super,威力彩,2016-W07,train,trained_family_ensemble,8,2,1000.0,137.5,137.5,-862.5,-862.5
super,威力彩,2016-W08,train,current_ensemble,8,2,1000.0,212.5,212.5,-787.5,-787.5
super,威力彩,2016-W08,train,random_5,8,2,1000.0,87.5,87.5,-912.5,-912.5
super,威力彩,2016-W08,train,trained_best_5,8,2,1000.0,37.5,37.5,-962.5,-962.5
super,威力彩,2016-W08,train,trained_blend,8,2,1000.0,212.5,212.5,-787.5,-787.5
super,威力彩,2016-W08,train,trained_family_ensemble,8,2,1000.0,100.0,100.0,-900.0,-900.0
super,威力彩,2016-W09,train,current_ensemble,8,2,1000.0,212.5,212.5,-787.5,-787.5
super,威力彩,2016-W09,train,random_5,8,2,1000.0,250.0,250.0,-750.0,-750.0
super,威力彩,2016-W09,train,trained_best_5,8,2,1000.0,175.0,175.0,-825.0,-825.0
super,威力彩,2016-W09,train,trained_blend,8,2,1000.0,125.0,125.0,-875.0,-875.0
super,威力彩,2016-W09,train,trained_family_ensemble,8,2,1000.0,200.0,200.0,-800.0,-800.0
super,威力彩,2016-W10,train,current_ensemble,8,2,1000.0,200.0,200.0,-800.0,-800.0
super,威力彩,2016-W10,train,random_5,8,2,1000.0,137.5,137.5,-862.5,-862.5
super,威力彩,2016-W10,train,trained_best_5,8,2,1000.0,287.5,287.5,-712.5,-712.5
super,威力彩,2016-W10,train,trained_blend,8,2,1000.0,175.0,175.0,-825.0,-825.0
super,威力彩,2016-W10,train,trained_family_ensemble,8,2,1000.0,112.5,112.5,-887.5,-887.5
super,威力彩,2016-W11,train,current_ensemble,8,2,1000.0,225.0,225.0,-775.0,-775.0
super,威力彩,2016-W11,train,random_5,8,2,1000.0,150.0,150.0,-850.0,-850.0
super,威力彩,2016-W11,train,trained_best_5,8,2,1000.0,137.5,137.5,-862.5,-862.5
super,威力彩,2016-W11,train,trained_blend,8,2,1000.0,150.0,150.0,-850.0,-850.0
super,威力彩,2016-W11,train,trained_family_ensemble,8,2,1000.0,237.5,237.5,-762.5,-762.5
super,威力彩,2016-W12,train,current_ensemble,8,2,1000.0,337.5,337.5,-662.5,-662.5
super,威力彩,2016-W12,train,random_5,8,2,1000.0,187.5,187.5,-812.5,-812.5
super,威力彩,2016-W12,train,trained_best_5,8,2,1000.0,112.5,112.5,-887.5,-887.5
super,威力彩,2016-W12,train,trained_blend,8,2,1000.0,262.5,262.5,-737.5,-737.5
super,威力彩,2016-W12,train,trained_family_ensemble,8,2,1000.0,162.5,162.5,-837.5,-837.5
super,威力彩,2016-W13,train,current_ensemble,8,2,1000.0,212.5,212.5,-787.5,-787.5
super,威力彩,2016-W13,train,random_5,8,2,1000.0,137.5,137.5,-862.5,-862.5
super,威力彩,2016-W13,train,trained_best_5,8,2,1000.0,225.0,225.0,-775.0,-775.0
super,威力彩,2016-W13,train,trained_blend,8,2,1000.0,200.0,200.0,-800.0,-800.0
super,威力彩,2016-W13,train,trained_family_ensemble,8,2,1000.0,212.5,212.5,-787.5,-787.5
super,威力彩,2016-W14,train,current_ensemble,8,2,1000.0,150.0,150.0,-850.0,-850.0
super,威力彩,2016-W14,train,random_5,8,2,1000.0,262.5,262.5,-737.5,-737.5
super,威力彩,2016-W14,train,trained_best_5,8,2,1000.0,50.0,50.0,-950.0,-950.0
super,威力彩,2016-W14,train,trained_blend,8,2,1000.0,262.5,262.5,-737.5,-737.5
super,威力彩,2016-W14,train,trained_family_ensemble,8,2,1000.0,200.0,200.0,-800.0,-800.0
super,威力彩,2016-W15,train,current_ensemble,8,2,1000.0,312.5,312.5,-687.5,-687.5
super,威力彩,2016-W15,train,random_5,8,2,1000.0,262.5,262.5,-737.5,-737.5
super,威力彩,2016-W15,train,trained_best_5,8,2,1000.0,337.5,337.5,-662.5,-662.5
super,威力彩,2016-W15,train,trained_blend,8,2,1000.0,187.5,187.5,-812.5,-812.5
super,威力彩,2016-W15,train,trained_family_ensemble,8,2,1000.0,187.5,187.5,-812.5,-812.5
super,威力彩,2016-W16,train,current_ensemble,8,2,1000.0,25.0,25.0,-975.0,-975.0
super,威力彩,2016-W16,train,random_5,8,2,1000.0,162.5,162.5,-837.5,-837.5
super,威力彩,2016-W16,train,trained_best_5,8,2,1000.0,337.5,337.5,-662.5,-662.5
super,威力彩,2016-W16,train,trained_blend,8,2,1000.0,237.5,237.5,-762.5,-762.5
super,威力彩,2016-W16,train,trained_family_ensemble,8,2,1000.0,150.0,150.0,-850.0,-850.0
super,威力彩,2016-W17,train,current_ensemble,8,2,1000.0,187.5,187.5,-812.5,-812.5
super,威力彩,2016-W17,train,random_5,8,2,1000.0,175.0,175.0,-825.0,-825.0
super,威力彩,2016-W17,train,trained_best_5,8,2,1000.0,112.5,112.5,-887.5,-887.5
super,威力彩,2016-W17,train,trained_blend,8,2,1000.0,100.0,100.0,-900.0,-900.0
super,威力彩,2016-W17,train,trained_family_ensemble,8,2,1000.0,150.0,150.0,-850.0,-850.0
super,威力彩,2016-W18,train,current_ensemble,8,2,1000.0,19200.0,19200.0,18200.0,18200.0
super,威力彩,2016-W18,train,random_5,8,2,1000.0,212.5,212.5,-787.5,-787.5
super,威力彩,2016-W18,train,trained_best_5,8,2,1000.0,950.0,950.0,-50.0,-50.0
super,威力彩,2016-W18,train,trained_blend,8,2,1000.0,275.0,275.0,-725.0,-725.0
super,威力彩,2016-W18,train,trained_family_ensemble,8,2,1000.0,587.5,587.5,-412.5,-412.5
super,威力彩,2016-W19,train,current_ensemble,8,2,1000.0,187.5,187.5,-812.5,-812.5
super,威力彩,2016-W19,train,random_5,8,2,1000.0,137.5,137.5,-862.5,-862.5
super,威力彩,2016-W19,train,trained_best_5,8,2,1000.0,100.0,100.0,-900.0,-900.0
super,威力彩,2016-W19,train,trained_blend,8,2,1000.0,112.5,112.5,-887.5,-887.5
super,威力彩,2016-W19,train,trained_family_ensemble,8,2,1000.0,225.0,225.0,-775.0,-775.0
super,威力彩,2016-W20,train,current_ensemble,8,2,1000.0,200.0,200.0,-800.0,-800.0
super,威力彩,2016-W20,train,random_5,8,2,1000.0,150.0,150.0,-850.0,-850.0
super,威力彩,2016-W20,train,trained_best_5,8,2,1000.0,87.5,87.5,-912.5,-912.5
super,威力彩,2016-W20,train,trained_blend,8,2,1000.0,187.5,187.5,-812.5,-812.5
super,威力彩,2016-W20,train,trained_family_ensemble,8,2,1000.0,612.5,612.5,-387.5,-387.5
super,威力彩,2016-W21,train,current_ensemble,8,2,1000.0,125.0,125.0,-875.0,-875.0
super,威力彩,2016-W21,train,random_5,8,2,1000.0,62.5,62.5,-937.5,-937.5
super,威力彩,2016-W21,train,trained_best_5,8,2,1000.0,250.0,250.0,-750.0,-750.0
super,威力彩,2016-W21,train,trained_blend,8,2,1000.0,150.0,150.0,-850.0,-850.0
super,威力彩,2016-W21,train,trained_family_ensemble,8,2,1000.0,100.0,100.0,-900.0,-900.0
super,威力彩,2016-W22,train,current_ensemble,8,2,1000.0,212.5,212.5,-787.5,-787.5
super,威力彩,2016-W22,train,random_5,8,2,1000.0,162.5,162.5,-837.5,-837.5
super,威力彩,2016-W22,train,trained_best_5,8,2,1000.0,162.5,162.5,-837.5,-837.5
super,威力彩,2016-W22,train,trained_blend,8,2,1000.0,225.0,225.0,-775.0,-775.0
super,威力彩,2016-W22,train,trained_family_ensemble,8,2,1000.0,175.0,175.0,-825.0,-825.0
super,威力彩,2016-W23,train,current_ensemble,8,2,1000.0,37.5,37.5,-962.5,-962.5
super,威力彩,2016-W23,train,random_5,8,2,1000.0,187.5,187.5,-812.5,-812.5
super,威力彩,2016-W23,train,trained_best_5,8,2,1000.0,75.0,75.0,-925.0,-925.0
super,威力彩,2016-W23,train,trained_blend,8,2,1000.0,37.5,37.5,-962.5,-962.5
super,威力彩,2016-W23,train,trained_family_ensemble,8,2,1000.0,75.0,75.0,-925.0,-925.0
super,威力彩,2016-W24,train,current_ensemble,8,2,1000.0,75.0,75.0,-925.0,-925.0
super,威力彩,2016-W24,train,random_5,8,2,1000.0,87.5,87.5,-912.5,-912.5
super,威力彩,2016-W24,train,trained_best_5,8,2,1000.0,337.5,337.5,-662.5,-662.5
super,威力彩,2016-W24,train,trained_blend,8,2,1000.0,150.0,150.0,-850.0,-850.0
super,威力彩,2016-W24,train,trained_family_ensemble,8,2,1000.0,225.0,225.0,-775.0,-775.0
super,威力彩,2016-W25,train,current_ensemble,8,2,1000.0,300.0,300.0,-700.0,-700.0
super,威力彩,2016-W25,train,random_5,8,2,1000.0,312.5,312.5,-687.5,-687.5
super,威力彩,2016-W25,train,trained_best_5,8,2,1000.0,75.0,75.0,-925.0,-925.0
super,威力彩,2016-W25,train,trained_blend,8,2,1000.0,212.5,212.5,-787.5,-787.5
super,威力彩,2016-W25,train,trained_family_ensemble,8,2,1000.0,275.0,275.0,-725.0,-725.0
super,威力彩,2016-W26,train,current_ensemble,8,2,1000.0,162.5,162.5,-837.5,-837.5
super,威力彩,2016-W26,train,random_5,8,2,1000.0,237.5,237.5,-762.5,-762.5
super,威力彩,2016-W26,train,trained_best_5,8,2,1000.0,237.5,237.5,-762.5,-762.5
super,威力彩,2016-W26,train,trained_blend,8,2,1000.0,212.5,212.5,-787.5,-787.5
super,威力彩,2016-W26,train,trained_family_ensemble,8,2,1000.0,175.0,175.0,-825.0,-825.0
super,威力彩,2016-W27,train,current_ensemble,8,2,1000.0,137.5,137.5,-862.5,-862.5
super,威力彩,2016-W27,train,random_5,8,2,1000.0,125.0,125.0,-875.0,-875.0
super,威力彩,2016-W27,train,trained_best_5,8,2,1000.0,187.5,187.5,-812.5,-812.5
super,威力彩,2016-W27,train,trained_blend,8,2,1000.0,275.0,275.0,-725.0,-725.0
super,威力彩,2016-W27,train,trained_family_ensemble,8,2,1000.0,175.0,175.0,-825.0,-825.0
super,威力彩,2016-W28,train,current_ensemble,8,2,1000.0,87.5,87.5,-912.5,-912.5
super,威力彩,2016-W28,train,random_5,8,2,1000.0,112.5,112.5,-887.5,-887.5
super,威力彩,2016-W28,train,trained_best_5,8,2,1000.0,100.0,100.0,-900.0,-900.0
super,威力彩,2016-W28,train,trained_blend,8,2,1000.0,225.0,225.0,-775.0,-775.0
super,威力彩,2016-W28,train,trained_family_ensemble,8,2,1000.0,37.5,37.5,-962.5,-962.5
super,威力彩,2016-W29,train,current_ensemble,8,2,1000.0,112.5,112.5,-887.5,-887.5
super,威力彩,2016-W29,train,random_5,8,2,1000.0,125.0,125.0,-875.0,-875.0
super,威力彩,2016-W29,train,trained_best_5,8,2,1000.0,212.5,212.5,-787.5,-787.5
super,威力彩,2016-W29,train,trained_blend,8,2,1000.0,187.5,187.5,-812.5,-812.5
super,威力彩,2016-W29,train,trained_family_ensemble,8,2,1000.0,162.5,162.5,-837.5,-837.5
super,威力彩,2016-W30,train,current_ensemble,8,2,1000.0,150.0,150.0,-850.0,-850.0
super,威力彩,2016-W30,train,random_5,8,2,1000.0,125.0,125.0,-875.0,-875.0
super,威力彩,2016-W30,train,trained_best_5,8,2,1000.0,212.5,212.5,-787.5,-787.5
super,威力彩,2016-W30,train,trained_blend,8,2,1000.0,212.5,212.5,-787.5,-787.5
super,威力彩,2016-W30,train,trained_family_ensemble,8,2,1000.0,175.0,175.0,-825.0,-825.0
super,威力彩,2016-W31,train,current_ensemble,8,2,1000.0,187.5,187.5,-812.5,-812.5
super,威力彩,2016-W31,train,random_5,8,2,1000.0,250.0,250.0,-750.0,-750.0
super,威力彩,2016-W31,train,trained_best_5,8,2,1000.0,137.5,137.5,-862.5,-862.5
super,威力彩,2016-W31,train,trained_blend,8,2,1000.0,150.0,150.0,-850.0,-850.0
super,威力彩,2016-W31,train,trained_family_ensemble,8,2,1000.0,225.0,225.0,-775.0,-775.0
super,威力彩,2016-W32,train,current_ensemble,8,2,1000.0,212.5,212.5,-787.5,-787.5
super,威力彩,2016-W32,train,random_5,8,2,1000.0,125.0,125.0,-875.0,-875.0
super,威力彩,2016-W32,train,trained_best_5,8,2,1000.0,137.5,137.5,-862.5,-862.5
super,威力彩,2016-W32,train,trained_blend,8,2,1000.0,162.5,162.5,-837.5,-837.5
super,威力彩,2016-W32,train,trained_family_ensemble,8,2,1000.0,200.0,200.0,-800.0,-800.0
super,威力彩,2016-W33,train,current_ensemble,8,2,1000.0,162.5,162.5,-837.5,-837.5
super,威力彩,2016-W33,train,random_5,8,2,1000.0,212.5,212.5,-787.5,-787.5
super,威力彩,2016-W33,train,trained_best_5,8,2,1000.0,125.0,125.0,-875.0,-875.0
super,威力彩,2016-W33,train,trained_blend,8,2,1000.0,187.5,187.5,-812.5,-812.5
super,威力彩,2016-W33,train,trained_family_ensemble,8,2,1000.0,150.0,150.0,-850.0,-850.0
super,威力彩,2016-W34,train,current_ensemble,8,2,1000.0,162.5,162.5,-837.5,-837.5
super,威力彩,2016-W34,train,random_5,8,2,1000.0,125.0,125.0,-875.0,-875.0
super,威力彩,2016-W34,train,trained_best_5,8,2,1000.0,162.5,162.5,-837.5,-837.5
super,威力彩,2016-W34,train,trained_blend,8,2,1000.0,137.5,137.5,-862.5,-862.5
super,威力彩,2016-W34,train,trained_family_ensemble,8,2,1000.0,137.5,137.5,-862.5,-862.5
super,威力彩,2016-W35,train,current_ensemble,8,2,1000.0,250.0,250.0,-750.0,-750.0
super,威力彩,2016-W35,train,random_5,8,2,1000.0,200.0,200.0,-800.0,-800.0
super,威力彩,2016-W35,train,trained_best_5,8,2,1000.0,0.0,0.0,-1000.0,-1000.0
super,威力彩,2016-W35,train,trained_blend,8,2,1000.0,112.5,112.5,-887.5,-887.5
super,威力彩,2016-W35,train,trained_family_ensemble,8,2,1000.0,212.5,212.5,-787.5,-787.5
super,威力彩,2016-W36,train,current_ensemble,8,2,1000.0,225.0,225.0,-775.0,-775.0
super,威力彩,2016-W36,train,random_5,8,2,1000.0,112.5,112.5,-887.5,-887.5
super,威力彩,2016-W36,train,trained_best_5,8,2,1000.0,212.5,212.5,-787.5,-787.5
super,威力彩,2016-W36,train,trained_blend,8,2,1000.0,175.0,175.0,-825.0,-825.0
super,威力彩,2016-W36,train,trained_family_ensemble,8,2,1000.0,162.5,162.5,-837.5,-837.5
super,威力彩,2016-W37,train,current_ensemble,8,2,1000.0,150.0,150.0,-850.0,-850.0
super,威力彩,2016-W37,train,random_5,8,2,1000.0,312.5,312.5,-687.5,-687.5
super,威力彩,2016-W37,train,trained_best_5,8,2,1000.0,37.5,37.5,-962.5,-962.5
super,威力彩,2016-W37,train,trained_blend,8,2,1000.0,150.0,150.0,-850.0,-850.0
super,威力彩,2016-W37,train,trained_family_ensemble,8,2,1000.0,250.0,250.0,-750.0,-750.0
super,威力彩,2016-W38,train,current_ensemble,8,2,1000.0,125.0,125.0,-875.0,-875.0
super,威力彩,2016-W38,train,random_5,8,2,1000.0,187.5,187.5,-812.5,-812.5
super,威力彩,2016-W38,train,trained_best_5,8,2,1000.0,87.5,87.5,-912.5,-912.5
super,威力彩,2016-W38,train,trained_blend,8,2,1000.0,175.0,175.0,-825.0,-825.0
super,威力彩,2016-W38,train,trained_family_ensemble,8,2,1000.0,100.0,100.0,-900.0,-900.0
super,威力彩,2016-W39,train,current_ensemble,8,2,1000.0,287.5,287.5,-712.5,-712.5
super,威力彩,2016-W39,train,random_5,8,2,1000.0,162.5,162.5,-837.5,-837.5
super,威力彩,2016-W39,train,trained_best_5,8,2,1000.0,387.5,387.5,-612.5,-612.5
super,威力彩,2016-W39,train,trained_blend,8,2,1000.0,225.0,225.0,-775.0,-775.0
super,威力彩,2016-W39,train,trained_family_ensemble,8,2,1000.0,187.5,187.5,-812.5,-812.5
super,威力彩,2016-W40,train,current_ensemble,8,2,1000.0,137.5,137.5,-862.5,-862.5
super,威力彩,2016-W40,train,random_5,8,2,1000.0,237.5,237.5,-762.5,-762.5
super,威力彩,2016-W40,train,trained_best_5,8,2,1000.0,287.5,287.5,-712.5,-712.5
super,威力彩,2016-W40,train,trained_blend,8,2,1000.0,150.0,150.0,-850.0,-850.0
super,威力彩,2016-W40,train,trained_family_ensemble,8,2,1000.0,262.5,262.5,-737.5,-737.5
super,威力彩,2016-W41,train,current_ensemble,8,2,1000.0,175.0,175.0,-825.0,-825.0
super,威力彩,2016-W41,train,random_5,8,2,1000.0,262.5,262.5,-737.5,-737.5
super,威力彩,2016-W41,train,trained_best_5,8,2,1000.0,125.0,125.0,-875.0,-875.0
super,威力彩,2016-W41,train,trained_blend,8,2,1000.0,162.5,162.5,-837.5,-837.5
super,威力彩,2016-W41,train,trained_family_ensemble,8,2,1000.0,187.5,187.5,-812.5,-812.5
super,威力彩,2016-W42,train,current_ensemble,8,2,1000.0,250.0,250.0,-750.0,-750.0
super,威力彩,2016-W42,train,random_5,8,2,1000.0,250.0,250.0,-750.0,-750.0
super,威力彩,2016-W42,train,trained_best_5,8,2,1000.0,75.0,75.0,-925.0,-925.0
super,威力彩,2016-W42,train,trained_blend,8,2,1000.0,112.5,112.5,-887.5,-887.5
super,威力彩,2016-W42,train,trained_family_ensemble,8,2,1000.0,262.5,262.5,-737.5,-737.5
super,威力彩,2016-W43,train,current_ensemble,8,2,1000.0,62.5,62.5,-937.5,-937.5
super,威力彩,2016-W43,train,random_5,8,2,1000.0,50.0,50.0,-950.0,-950.0
super,威力彩,2016-W43,train,trained_best_5,8,2,1000.0,87.5,87.5,-912.5,-912.5
super,威力彩,2016-W43,train,trained_blend,8,2,1000.0,25.0,25.0,-975.0,-975.0
super,威力彩,2016-W43,train,trained_family_ensemble,8,2,1000.0,112.5,112.5,-887.5,-887.5
super,威力彩,2016-W44,train,current_ensemble,8,2,1000.0,175.0,175.0,-825.0,-825.0
super,威力彩,2016-W44,train,random_5,8,2,1000.0,250.0,250.0,-750.0,-750.0
super,威力彩,2016-W44,train,trained_best_5,8,2,1000.0,612.5,612.5,-387.5,-387.5
super,威力彩,2016-W44,train,trained_blend,8,2,1000.0,212.5,212.5,-787.5,-787.5
super,威力彩,2016-W44,train,trained_family_ensemble,8,2,1000.0,237.5,237.5,-762.5,-762.5
super,威力彩,2016-W45,train,current_ensemble,8,2,1000.0,75.0,75.0,-925.0,-925.0
super,威力彩,2016-W45,train,random_5,8,2,1000.0,212.5,212.5,-787.5,-787.5
super,威力彩,2016-W45,train,trained_best_5,8,2,1000.0,112.5,112.5,-887.5,-887.5
super,威力彩,2016-W45,train,trained_blend,8,2,1000.0,275.0,275.0,-725.0,-725.0
super,威力彩,2016-W45,train,trained_family_ensemble,8,2,1000.0,112.5,112.5,-887.5,-887.5
super,威力彩,2016-W46,train,current_ensemble,8,2,1000.0,150.0,150.0,-850.0,-850.0
super,威力彩,2016-W46,train,random_5,8,2,1000.0,87.5,87.5,-912.5,-912.5
super,威力彩,2016-W46,train,trained_best_5,8,2,1000.0,975.0,975.0,-25.0,-25.0
super,威力彩,2016-W46,train,trained_blend,8,2,1000.0,125.0,125.0,-875.0,-875.0
super,威力彩,2016-W46,train,trained_family_ensemble,8,2,1000.0,137.5,137.5,-862.5,-862.5
super,威力彩,2016-W47,train,current_ensemble,8,2,1000.0,100.0,100.0,-900.0,-900.0
super,威力彩,2016-W47,train,random_5,8,2,1000.0,112.5,112.5,-887.5,-887.5
super,威力彩,2016-W47,train,trained_best_5,8,2,1000.0,162.5,162.5,-837.5,-837.5
super,威力彩,2016-W47,train,trained_blend,8,2,1000.0,250.0,250.0,-750.0,-750.0
super,威力彩,2016-W47,train,trained_family_ensemble,8,2,1000.0,150.0,150.0,-850.0,-850.0
super,威力彩,2016-W48,train,current_ensemble,8,2,1000.0,750.0,750.0,-250.0,-250.0
super,威力彩,2016-W48,train,random_5,8,2,1000.0,162.5,162.5,-837.5,-837.5
super,威力彩,2016-W48,train,trained_best_5,8,2,1000.0,275.0,275.0,-725.0,-725.0
super,威力彩,2016-W48,train,trained_blend,8,2,1000.0,250.0,250.0,-750.0,-750.0
super,威力彩,2016-W48,train,trained_family_ensemble,8,2,1000.0,312.5,312.5,-687.5,-687.5
super,威力彩,2016-W49,train,current_ensemble,8,2,1000.0,150.0,150.0,-850.0,-850.0
super,威力彩,2016-W49,train,random_5,8,2,1000.0,175.0,175.0,-825.0,-825.0
super,威力彩,2016-W49,train,trained_best_5,8,2,1000.0,200.0,200.0,-800.0,-800.0
super,威力彩,2016-W49,train,trained_blend,8,2,1000.0,662.5,662.5,-337.5,-337.5
super,威力彩,2016-W49,train,trained_family_ensemble,8,2,1000.0,175.0,175.0,-825.0,-825.0
super,威力彩,2016-W50,train,current_ensemble,8,2,1000.0,187.5,187.5,-812.5,-812.5
super,威力彩,2016-W50,train,random_5,8,2,1000.0,212.5,212.5,-787.5,-787.5
super,威力彩,2016-W50,train,trained_best_5,8,2,1000.0,125.0,125.0,-875.0,-875.0
super,威力彩,2016-W50,train,trained_blend,8,2,1000.0,137.5,137.5,-862.5,-862.5
super,威力彩,2016-W50,train,trained_family_ensemble,8,2,1000.0,137.5,137.5,-862.5,-862.5
super,威力彩,2016-W51,train,current_ensemble,8,2,1000.0,137.5,137.5,-862.5,-862.5
super,威力彩,2016-W51,train,random_5,8,2,1000.0,150.0,150.0,-850.0,-850.0
super,威力彩,2016-W51,train,trained_best_5,8,2,1000.0,87.5,87.5,-912.5,-912.5
super,威力彩,2016-W51,train,trained_blend,8,2,1000.0,200.0,200.0,-800.0,-800.0
super,威力彩,2016-W51,train,trained_family_ensemble,8,2,1000.0,137.5,137.5,-862.5,-862.5
super,威力彩,2016-W52,train,current_ensemble,8,2,1000.0,212.5,212.5,-787.5,-787.5
super,威力彩,2016-W52,train,random_5,8,2,1000.0,587.5,587.5,-412.5,-412.5
super,威力彩,2016-W52,train,trained_best_5,8,2,1000.0,225.0,225.0,-775.0,-775.0
super,威力彩,2016-W52,train,trained_blend,8,2,1000.0,575.0,575.0,-425.0,-425.0
super,威力彩,2016-W52,train,trained_family_ensemble,8,2,1000.0,112.5,112.5,-887.5,-887.5
super,威力彩,2017-W01,train,current_ensemble,8,2,1000.0,75.0,75.0,-925.0,-925.0
super,威力彩,2017-W01,train,random_5,8,2,1000.0,162.5,162.5,-837.5,-837.5
super,威力彩,2017-W01,train,trained_best_5,8,2,1000.0,62.5,62.5,-937.5,-937.5
super,威力彩,2017-W01,train,trained_blend,8,2,1000.0,112.5,112.5,-887.5,-887.5
super,威力彩,2017-W01,train,trained_family_ensemble,8,2,1000.0,87.5,87.5,-912.5,-912.5
super,威力彩,2017-W02,train,current_ensemble,8,2,1000.0,100.0,100.0,-900.0,-900.0
super,威力彩,2017-W02,train,random_5,8,2,1000.0,187.5,187.5,-812.5,-812.5
super,威力彩,2017-W02,train,trained_best_5,8,2,1000.0,112.5,112.5,-887.5,-887.5
super,威力彩,2017-W02,train,trained_blend,8,2,1000.0,175.0,175.0,-825.0,-825.0
super,威力彩,2017-W02,train,trained_family_ensemble,8,2,1000.0,162.5,162.5,-837.5,-837.5
super,威力彩,2017-W03,train,current_ensemble,8,2,1000.0,150.0,150.0,-850.0,-850.0
super,威力彩,2017-W03,train,random_5,8,2,1000.0,212.5,212.5,-787.5,-787.5
super,威力彩,2017-W03,train,trained_best_5,8,2,1000.0,212.5,212.5,-787.5,-787.5
super,威力彩,2017-W03,train,trained_blend,8,2,1000.0,212.5,212.5,-787.5,-787.5
super,威力彩,2017-W03,train,trained_family_ensemble,8,2,1000.0,375.0,375.0,-625.0,-625.0
super,威力彩,2017-W04,train,current_ensemble,8,2,1000.0,87.5,87.5,-912.5,-912.5
super,威力彩,2017-W04,train,random_5,8,2,1000.0,150.0,150.0,-850.0,-850.0
super,威力彩,2017-W04,train,trained_best_5,8,2,1000.0,50.0,50.0,-950.0,-950.0
super,威力彩,2017-W04,train,trained_blend,8,2,1000.0,200.0,200.0,-800.0,-800.0
super,威力彩,2017-W04,train,trained_family_ensemble,8,2,1000.0,87.5,87.5,-912.5,-912.5
super,威力彩,2017-W05,train,current_ensemble,8,2,1000.0,150.0,150.0,-850.0,-850.0
super,威力彩,2017-W05,train,random_5,8,2,1000.0,187.5,187.5,-812.5,-812.5
super,威力彩,2017-W05,train,trained_best_5,8,2,1000.0,200.0,200.0,-800.0,-800.0
super,威力彩,2017-W05,train,trained_blend,8,2,1000.0,237.5,237.5,-762.5,-762.5
super,威力彩,2017-W05,train,trained_family_ensemble,8,2,1000.0,187.5,187.5,-812.5,-812.5
super,威力彩,2017-W06,train,current_ensemble,8,2,1000.0,175.0,175.0,-825.0,-825.0
super,威力彩,2017-W06,train,random_5,8,2,1000.0,200.0,200.0,-800.0,-800.0
super,威力彩,2017-W06,train,trained_best_5,8,2,1000.0,100.0,100.0,-900.0,-900.0
super,威力彩,2017-W06,train,trained_blend,8,2,1000.0,237.5,237.5,-762.5,-762.5
super,威力彩,2017-W06,train,trained_family_ensemble,8,2,1000.0,175.0,175.0,-825.0,-825.0
super,威力彩,2017-W07,train,current_ensemble,8,2,1000.0,75.0,75.0,-925.0,-925.0
super,威力彩,2017-W07,train,random_5,8,2,1000.0,100.0,100.0,-900.0,-900.0
super,威力彩,2017-W07,train,trained_best_5,8,2,1000.0,200.0,200.0,-800.0,-800.0
super,威力彩,2017-W07,train,trained_blend,8,2,1000.0,125.0,125.0,-875.0,-875.0
super,威力彩,2017-W07,train,trained_family_ensemble,8,2,1000.0,75.0,75.0,-925.0,-925.0
super,威力彩,2017-W08,train,current_ensemble,8,2,1000.0,162.5,162.5,-837.5,-837.5
super,威力彩,2017-W08,train,random_5,8,2,1000.0,125.0,125.0,-875.0,-875.0
super,威力彩,2017-W08,train,trained_best_5,8,2,1000.0,62.5,62.5,-937.5,-937.5
super,威力彩,2017-W08,train,trained_blend,8,2,1000.0,187.5,187.5,-812.5,-812.5
super,威力彩,2017-W08,train,trained_family_ensemble,8,2,1000.0,175.0,175.0,-825.0,-825.0
super,威力彩,2017-W09,train,current_ensemble,8,2,1000.0,125.0,125.0,-875.0,-875.0
super,威力彩,2017-W09,train,random_5,8,2,1000.0,125.0,125.0,-875.0,-875.0
super,威力彩,2017-W09,train,trained_best_5,8,2,1000.0,175.0,175.0,-825.0,-825.0
super,威力彩,2017-W09,train,trained_blend,8,2,1000.0,112.5,112.5,-887.5,-887.5
super,威力彩,2017-W09,train,trained_family_ensemble,8,2,1000.0,62.5,62.5,-937.5,-937.5
super,威力彩,2017-W10,train,current_ensemble,8,2,1000.0,187.5,187.5,-812.5,-812.5
super,威力彩,2017-W10,train,random_5,8,2,1000.0,287.5,287.5,-712.5,-712.5
super,威力彩,2017-W10,train,trained_best_5,8,2,1000.0,150.0,150.0,-850.0,-850.0
super,威力彩,2017-W10,train,trained_blend,8,2,1000.0,262.5,262.5,-737.5,-737.5
super,威力彩,2017-W10,train,trained_family_ensemble,8,2,1000.0,237.5,237.5,-762.5,-762.5
super,威力彩,2017-W11,train,current_ensemble,8,2,1000.0,175.0,175.0,-825.0,-825.0
super,威力彩,2017-W11,train,random_5,8,2,1000.0,162.5,162.5,-837.5,-837.5
super,威力彩,2017-W11,train,trained_best_5,8,2,1000.0,225.0,225.0,-775.0,-775.0
super,威力彩,2017-W11,train,trained_blend,8,2,1000.0,287.5,287.5,-712.5,-712.5
super,威力彩,2017-W11,train,trained_family_ensemble,8,2,1000.0,200.0,200.0,-800.0,-800.0
super,威力彩,2017-W12,train,current_ensemble,8,2,1000.0,125.0,125.0,-875.0,-875.0
super,威力彩,2017-W12,train,random_5,8,2,1000.0,225.0,225.0,-775.0,-775.0
super,威力彩,2017-W12,train,trained_best_5,8,2,1000.0,125.0,125.0,-875.0,-875.0
super,威力彩,2017-W12,train,trained_blend,8,2,1000.0,237.5,237.5,-762.5,-762.5
super,威力彩,2017-W12,train,trained_family_ensemble,8,2,1000.0,162.5,162.5,-837.5,-837.5
super,威力彩,2017-W13,train,current_ensemble,8,2,1000.0,150.0,150.0,-850.0,-850.0
super,威力彩,2017-W13,train,random_5,8,2,1000.0,287.5,287.5,-712.5,-712.5
super,威力彩,2017-W13,train,trained_best_5,8,2,1000.0,2675.0,2675.0,1675.0,1675.0
super,威力彩,2017-W13,train,trained_blend,8,2,1000.0,200.0,200.0,-800.0,-800.0
super,威力彩,2017-W13,train,trained_family_ensemble,8,2,1000.0,125.0,125.0,-875.0,-875.0
super,威力彩,2017-W14,train,current_ensemble,8,2,1000.0,162.5,162.5,-837.5,-837.5
super,威力彩,2017-W14,train,random_5,8,2,1000.0,112.5,112.5,-887.5,-887.5
super,威力彩,2017-W14,train,trained_best_5,8,2,1000.0,312.5,312.5,-687.5,-687.5
super,威力彩,2017-W14,train,trained_blend,8,2,1000.0,125.0,125.0,-875.0,-875.0
super,威力彩,2017-W14,train,trained_family_ensemble,8,2,1000.0,675.0,675.0,-325.0,-325.0
super,威力彩,2017-W15,train,current_ensemble,8,2,1000.0,212.5,212.5,-787.5,-787.5
super,威力彩,2017-W15,train,random_5,8,2,1000.0,187.5,187.5,-812.5,-812.5
super,威力彩,2017-W15,train,trained_best_5,8,2,1000.0,187.5,187.5,-812.5,-812.5
super,威力彩,2017-W15,train,trained_blend,8,2,1000.0,150.0,150.0,-850.0,-850.0
super,威力彩,2017-W15,train,trained_family_ensemble,8,2,1000.0,212.5,212.5,-787.5,-787.5
super,威力彩,2017-W16,validation,current_ensemble,8,2,1000.0,150.0,150.0,-850.0,-850.0
super,威力彩,2017-W16,validation,random_5,8,2,1000.0,125.0,125.0,-875.0,-875.0
super,威力彩,2017-W16,validation,trained_best_5,8,2,1000.0,387.5,387.5,-612.5,-612.5
super,威力彩,2017-W16,validation,trained_blend,8,2,1000.0,300.0,300.0,-700.0,-700.0
super,威力彩,2017-W16,validation,trained_family_ensemble,8,2,1000.0,250.0,250.0,-750.0,-750.0
super,威力彩,2017-W17,validation,current_ensemble,8,2,1000.0,100.0,100.0,-900.0,-900.0
super,威力彩,2017-W17,validation,random_5,8,2,1000.0,637.5,637.5,-362.5,-362.5
super,威力彩,2017-W17,validation,trained_best_5,8,2,1000.0,62.5,62.5,-937.5,-937.5
super,威力彩,2017-W17,validation,trained_blend,8,2,1000.0,50.0,50.0,-950.0,-950.0
super,威力彩,2017-W17,validation,trained_family_ensemble,8,2,1000.0,125.0,125.0,-875.0,-875.0
super,威力彩,2017-W18,validation,current_ensemble,8,2,1000.0,225.0,225.0,-775.0,-775.0
super,威力彩,2017-W18,validation,random_5,8,2,1000.0,150.0,150.0,-850.0,-850.0
super,威力彩,2017-W18,validation,trained_best_5,8,2,1000.0,150.0,150.0,-850.0,-850.0
super,威力彩,2017-W18,validation,trained_blend,8,2,1000.0,75.0,75.0,-925.0,-925.0
super,威力彩,2017-W18,validation,trained_family_ensemble,8,2,1000.0,112.5,112.5,-887.5,-887.5
super,威力彩,2017-W19,validation,current_ensemble,8,2,1000.0,275.0,275.0,-725.0,-725.0
super,威力彩,2017-W19,validation,random_5,8,2,1000.0,175.0,175.0,-825.0,-825.0
super,威力彩,2017-W19,validation,trained_best_5,8,2,1000.0,200.0,200.0,-800.0,-800.0
super,威力彩,2017-W19,validation,trained_blend,8,2,1000.0,175.0,175.0,-825.0,-825.0
super,威力彩,2017-W19,validation,trained_family_ensemble,8,2,1000.0,225.0,225.0,-775.0,-775.0
super,威力彩,2017-W20,validation,current_ensemble,8,2,1000.0,100.0,100.0,-900.0,-900.0
super,威力彩,2017-W20,validation,random_5,8,2,1000.0,100.0,100.0,-900.0,-900.0
super,威力彩,2017-W20,validation,trained_best_5,8,2,1000.0,162.5,162.5,-837.5,-837.5
super,威力彩,2017-W20,validation,trained_blend,8,2,1000.0,162.5,162.5,-837.5,-837.5
super,威力彩,2017-W20,validation,trained_family_ensemble,8,2,1000.0,100.0,100.0,-900.0,-900.0
super,威力彩,2017-W21,validation,current_ensemble,8,2,1000.0,150.0,150.0,-850.0,-850.0
super,威力彩,2017-W21,validation,random_5,8,2,1000.0,137.5,137.5,-862.5,-862.5
super,威力彩,2017-W21,validation,trained_best_5,8,2,1000.0,175.0,175.0,-825.0,-825.0
super,威力彩,2017-W21,validation,trained_blend,8,2,1000.0,162.5,162.5,-837.5,-837.5
super,威力彩,2017-W21,validation,trained_family_ensemble,8,2,1000.0,175.0,175.0,-825.0,-825.0
super,威力彩,2017-W22,validation,current_ensemble,8,2,1000.0,237.5,237.5,-762.5,-762.5
super,威力彩,2017-W22,validation,random_5,8,2,1000.0,262.5,262.5,-737.5,-737.5
super,威力彩,2017-W22,validation,trained_best_5,8,2,1000.0,262.5,262.5,-737.5,-737.5
super,威力彩,2017-W22,validation,trained_blend,8,2,1000.0,187.5,187.5,-812.5,-812.5
super,威力彩,2017-W22,validation,trained_family_ensemble,8,2,1000.0,225.0,225.0,-775.0,-775.0
super,威力彩,2017-W23,validation,current_ensemble,8,2,1000.0,112.5,112.5,-887.5,-887.5
super,威力彩,2017-W23,validation,random_5,8,2,1000.0,125.0,125.0,-875.0,-875.0
super,威力彩,2017-W23,validation,trained_best_5,8,2,1000.0,125.0,125.0,-875.0,-875.0
super,威力彩,2017-W23,validation,trained_blend,8,2,1000.0,87.5,87.5,-912.5,-912.5
super,威力彩,2017-W23,validation,trained_family_ensemble,8,2,1000.0,212.5,212.5,-787.5,-787.5
super,威力彩,2017-W24,validation,current_ensemble,8,2,1000.0,150.0,150.0,-850.0,-850.0
super,威力彩,2017-W24,validation,random_5,8,2,1000.0,112.5,112.5,-887.5,-887.5
super,威力彩,2017-W24,validation,trained_best_5,8,2,1000.0,112.5,112.5,-887.5,-887.5
super,威力彩,2017-W24,validation,trained_blend,8,2,1000.0,75.0,75.0,-925.0,-925.0
super,威力彩,2017-W24,validation,trained_family_ensemble,8,2,1000.0,125.0,125.0,-875.0,-875.0
super,威力彩,2017-W25,validation,current_ensemble,8,2,1000.0,62.5,62.5,-937.5,-937.5
super,威力彩,2017-W25,validation,random_5,8,2,1000.0,200.0,200.0,-800.0,-800.0
super,威力彩,2017-W25,validation,trained_best_5,8,2,1000.0,87.5,87.5,-912.5,-912.5
super,威力彩,2017-W25,validation,trained_blend,8,2,1000.0,162.5,162.5,-837.5,-837.5
super,威力彩,2017-W25,validation,trained_family_ensemble,8,2,1000.0,100.0,100.0,-900.0,-900.0
super,威力彩,2017-W26,validation,current_ensemble,8,2,1000.0,175.0,175.0,-825.0,-825.0
super,威力彩,2017-W26,validation,random_5,8,2,1000.0,162.5,162.5,-837.5,-837.5
super,威力彩,2017-W26,validation,trained_best_5,8,2,1000.0,250.0,250.0,-750.0,-750.0
super,威力彩,2017-W26,validation,trained_blend,8,2,1000.0,125.0,125.0,-875.0,-875.0
super,威力彩,2017-W26,validation,trained_family_ensemble,8,2,1000.0,262.5,262.5,-737.5,-737.5
super,威力彩,2017-W27,validation,current_ensemble,8,2,1000.0,87.5,87.5,-912.5,-912.5
super,威力彩,2017-W27,validation,random_5,8,2,1000.0,137.5,137.5,-862.5,-862.5
super,威力彩,2017-W27,validation,trained_best_5,8,2,1000.0,75.0,75.0,-925.0,-925.0
super,威力彩,2017-W27,validation,trained_blend,8,2,1000.0,75.0,75.0,-925.0,-925.0
super,威力彩,2017-W27,validation,trained_family_ensemble,8,2,1000.0,125.0,125.0,-875.0,-875.0
super,威力彩,2017-W28,validation,current_ensemble,8,2,1000.0,37.5,37.5,-962.5,-962.5
super,威力彩,2017-W28,validation,random_5,8,2,1000.0,200.0,200.0,-800.0,-800.0
super,威力彩,2017-W28,validation,trained_best_5,8,2,1000.0,187.5,187.5,-812.5,-812.5
super,威力彩,2017-W28,validation,trained_blend,8,2,1000.0,237.5,237.5,-762.5,-762.5
super,威力彩,2017-W28,validation,trained_family_ensemble,8,2,1000.0,137.5,137.5,-862.5,-862.5
super,威力彩,2017-W29,validation,current_ensemble,8,2,1000.0,175.0,175.0,-825.0,-825.0
super,威力彩,2017-W29,validation,random_5,8,2,1000.0,212.5,212.5,-787.5,-787.5
super,威力彩,2017-W29,validation,trained_best_5,8,2,1000.0,137.5,137.5,-862.5,-862.5
super,威力彩,2017-W29,validation,trained_blend,8,2,1000.0,287.5,287.5,-712.5,-712.5
super,威力彩,2017-W29,validation,trained_family_ensemble,8,2,1000.0,212.5,212.5,-787.5,-787.5
super,威力彩,2017-W30,validation,current_ensemble,8,2,1000.0,162.5,162.5,-837.5,-837.5
super,威力彩,2017-W30,validation,random_5,8,2,1000.0,250.0,250.0,-750.0,-750.0
super,威力彩,2017-W30,validation,trained_best_5,8,2,1000.0,175.0,175.0,-825.0,-825.0
super,威力彩,2017-W30,validation,trained_blend,8,2,1000.0,237.5,237.5,-762.5,-762.5
super,威力彩,2017-W30,validation,trained_family_ensemble,8,2,1000.0,275.0,275.0,-725.0,-725.0
super,威力彩,2017-W31,validation,current_ensemble,8,2,1000.0,125.0,125.0,-875.0,-875.0
super,威力彩,2017-W31,validation,random_5,8,2,1000.0,125.0,125.0,-875.0,-875.0
super,威力彩,2017-W31,validation,trained_best_5,8,2,1000.0,62.5,62.5,-937.5,-937.5
super,威力彩,2017-W31,validation,trained_blend,8,2,1000.0,75.0,75.0,-925.0,-925.0
super,威力彩,2017-W31,validation,trained_family_ensemble,8,2,1000.0,137.5,137.5,-862.5,-862.5
super,威力彩,2017-W32,validation,current_ensemble,8,2,1000.0,50.0,50.0,-950.0,-950.0
super,威力彩,2017-W32,validation,random_5,8,2,1000.0,175.0,175.0,-825.0,-825.0
super,威力彩,2017-W32,validation,trained_best_5,8,2,1000.0,100.0,100.0,-900.0,-900.0
super,威力彩,2017-W32,validation,trained_blend,8,2,1000.0,87.5,87.5,-912.5,-912.5
super,威力彩,2017-W32,validation,trained_family_ensemble,8,2,1000.0,75.0,75.0,-925.0,-925.0
super,威力彩,2017-W33,validation,current_ensemble,8,2,1000.0,112.5,112.5,-887.5,-887.5
super,威力彩,2017-W33,validation,random_5,8,2,1000.0,100.0,100.0,-900.0,-900.0
super,威力彩,2017-W33,validation,trained_best_5,8,2,1000.0,62.5,62.5,-937.5,-937.5
super,威力彩,2017-W33,validation,trained_blend,8,2,1000.0,125.0,125.0,-875.0,-875.0
super,威力彩,2017-W33,validation,trained_family_ensemble,8,2,1000.0,137.5,137.5,-862.5,-862.5
super,威力彩,2017-W34,validation,current_ensemble,8,2,1000.0,237.5,237.5,-762.5,-762.5
super,威力彩,2017-W34,validation,random_5,8,2,1000.0,262.5,262.5,-737.5,-737.5
super,威力彩,2017-W34,validation,trained_best_5,8,2,1000.0,87.5,87.5,-912.5,-912.5
super,威力彩,2017-W34,validation,trained_blend,8,2,1000.0,200.0,200.0,-800.0,-800.0
super,威力彩,2017-W34,validation,trained_family_ensemble,8,2,1000.0,262.5,262.5,-737.5,-737.5
super,威力彩,2017-W35,validation,current_ensemble,8,2,1000.0,200.0,200.0,-800.0,-800.0
super,威力彩,2017-W35,validation,random_5,8,2,1000.0,250.0,250.0,-750.0,-750.0
super,威力彩,2017-W35,validation,trained_best_5,8,2,1000.0,125.0,125.0,-875.0,-875.0
super,威力彩,2017-W35,validation,trained_blend,8,2,1000.0,162.5,162.5,-837.5,-837.5
super,威力彩,2017-W35,validation,trained_family_ensemble,8,2,1000.0,162.5,162.5,-837.5,-837.5
super,威力彩,2017-W36,validation,current_ensemble,8,2,1000.0,75.0,75.0,-925.0,-925.0
super,威力彩,2017-W36,validation,random_5,8,2,1000.0,125.0,125.0,-875.0,-875.0
super,威力彩,2017-W36,validation,trained_best_5,8,2,1000.0,25.0,25.0,-975.0,-975.0
super,威力彩,2017-W36,validation,trained_blend,8,2,1000.0,162.5,162.5,-837.5,-837.5
super,威力彩,2017-W36,validation,trained_family_ensemble,8,2,1000.0,112.5,112.5,-887.5,-887.5
super,威力彩,2017-W37,validation,current_ensemble,8,2,1000.0,187.5,187.5,-812.5,-812.5
super,威力彩,2017-W37,validation,random_5,8,2,1000.0,237.5,237.5,-762.5,-762.5
super,威力彩,2017-W37,validation,trained_best_5,8,2,1000.0,137.5,137.5,-862.5,-862.5
super,威力彩,2017-W37,validation,trained_blend,8,2,1000.0,187.5,187.5,-812.5,-812.5
super,威力彩,2017-W37,validation,trained_family_ensemble,8,2,1000.0,150.0,150.0,-850.0,-850.0
super,威力彩,2017-W38,validation,current_ensemble,8,2,1000.0,137.5,137.5,-862.5,-862.5
super,威力彩,2017-W38,validation,random_5,8,2,1000.0,162.5,162.5,-837.5,-837.5
super,威力彩,2017-W38,validation,trained_best_5,8,2,1000.0,112.5,112.5,-887.5,-887.5
super,威力彩,2017-W38,validation,trained_blend,8,2,1000.0,62.5,62.5,-937.5,-937.5
super,威力彩,2017-W38,validation,trained_family_ensemble,8,2,1000.0,100.0,100.0,-900.0,-900.0
super,威力彩,2017-W39,validation,current_ensemble,8,2,1000.0,162.5,162.5,-837.5,-837.5
super,威力彩,2017-W39,validation,random_5,8,2,1000.0,112.5,112.5,-887.5,-887.5
super,威力彩,2017-W39,validation,trained_best_5,8,2,1000.0,162.5,162.5,-837.5,-837.5
super,威力彩,2017-W39,validation,trained_blend,8,2,1000.0,150.0,150.0,-850.0,-850.0
super,威力彩,2017-W39,validation,trained_family_ensemble,8,2,1000.0,150.0,150.0,-850.0,-850.0
super,威力彩,2017-W40,validation,current_ensemble,8,2,1000.0,175.0,175.0,-825.0,-825.0
super,威力彩,2017-W40,validation,random_5,8,2,1000.0,125.0,125.0,-875.0,-875.0
super,威力彩,2017-W40,validation,trained_best_5,8,2,1000.0,75.0,75.0,-925.0,-925.0
super,威力彩,2017-W40,validation,trained_blend,8,2,1000.0,225.0,225.0,-775.0,-775.0
super,威力彩,2017-W40,validation,trained_family_ensemble,8,2,1000.0,150.0,150.0,-850.0,-850.0
super,威力彩,2017-W41,validation,current_ensemble,8,2,1000.0,112.5,112.5,-887.5,-887.5
super,威力彩,2017-W41,validation,random_5,8,2,1000.0,137.5,137.5,-862.5,-862.5
super,威力彩,2017-W41,validation,trained_best_5,8,2,1000.0,462.5,462.5,-537.5,-537.5
super,威力彩,2017-W41,validation,trained_blend,8,2,1000.0,225.0,225.0,-775.0,-775.0
super,威力彩,2017-W41,validation,trained_family_ensemble,8,2,1000.0,187.5,187.5,-812.5,-812.5
super,威力彩,2017-W42,validation,current_ensemble,8,2,1000.0,112.5,112.5,-887.5,-887.5
super,威力彩,2017-W42,validation,random_5,8,2,1000.0,112.5,112.5,-887.5,-887.5
super,威力彩,2017-W42,validation,trained_best_5,8,2,1000.0,175.0,175.0,-825.0,-825.0
super,威力彩,2017-W42,validation,trained_blend,8,2,1000.0,112.5,112.5,-887.5,-887.5
super,威力彩,2017-W42,validation,trained_family_ensemble,8,2,1000.0,175.0,175.0,-825.0,-825.0
super,威力彩,2017-W43,validation,current_ensemble,8,2,1000.0,225.0,225.0,-775.0,-775.0
super,威力彩,2017-W43,validation,random_5,8,2,1000.0,162.5,162.5,-837.5,-837.5
super,威力彩,2017-W43,validation,trained_best_5,8,2,1000.0,125.0,125.0,-875.0,-875.0
super,威力彩,2017-W43,validation,trained_blend,8,2,1000.0,112.5,112.5,-887.5,-887.5
super,威力彩,2017-W43,validation,trained_family_ensemble,8,2,1000.0,125.0,125.0,-875.0,-875.0
super,威力彩,2017-W44,validation,current_ensemble,8,2,1000.0,75.0,75.0,-925.0,-925.0
super,威力彩,2017-W44,validation,random_5,8,2,1000.0,112.5,112.5,-887.5,-887.5
super,威力彩,2017-W44,validation,trained_best_5,8,2,1000.0,87.5,87.5,-912.5,-912.5
super,威力彩,2017-W44,validation,trained_blend,8,2,1000.0,87.5,87.5,-912.5,-912.5
super,威力彩,2017-W44,validation,trained_family_ensemble,8,2,1000.0,150.0,150.0,-850.0,-850.0
super,威力彩,2017-W45,validation,current_ensemble,8,2,1000.0,337.5,337.5,-662.5,-662.5
super,威力彩,2017-W45,validation,random_5,8,2,1000.0,275.0,275.0,-725.0,-725.0
super,威力彩,2017-W45,validation,trained_best_5,8,2,1000.0,137.5,137.5,-862.5,-862.5
super,威力彩,2017-W45,validation,trained_blend,8,2,1000.0,2650.0,2650.0,1650.0,1650.0
super,威力彩,2017-W45,validation,trained_family_ensemble,8,2,1000.0,125.0,125.0,-875.0,-875.0
super,威力彩,2017-W46,validation,current_ensemble,8,2,1000.0,200.0,200.0,-800.0,-800.0
super,威力彩,2017-W46,validation,random_5,8,2,1000.0,175.0,175.0,-825.0,-825.0
super,威力彩,2017-W46,validation,trained_best_5,8,2,1000.0,212.5,212.5,-787.5,-787.5
super,威力彩,2017-W46,validation,trained_blend,8,2,1000.0,225.0,225.0,-775.0,-775.0
super,威力彩,2017-W46,validation,trained_family_ensemble,8,2,1000.0,200.0,200.0,-800.0,-800.0
super,威力彩,2017-W47,validation,current_ensemble,8,2,1000.0,75.0,75.0,-925.0,-925.0
super,威力彩,2017-W47,validation,random_5,8,2,1000.0,125.0,125.0,-875.0,-875.0
super,威力彩,2017-W47,validation,trained_best_5,8,2,1000.0,225.0,225.0,-775.0,-775.0
super,威力彩,2017-W47,validation,trained_blend,8,2,1000.0,162.5,162.5,-837.5,-837.5
super,威力彩,2017-W47,validation,trained_family_ensemble,8,2,1000.0,62.5,62.5,-937.5,-937.5
super,威力彩,2017-W48,validation,current_ensemble,8,2,1000.0,212.5,212.5,-787.5,-787.5
super,威力彩,2017-W48,validation,random_5,8,2,1000.0,175.0,175.0,-825.0,-825.0
super,威力彩,2017-W48,validation,trained_best_5,8,2,1000.0,50.0,50.0,-950.0,-950.0
super,威力彩,2017-W48,validation,trained_blend,8,2,1000.0,175.0,175.0,-825.0,-825.0
super,威力彩,2017-W48,validation,trained_family_ensemble,8,2,1000.0,112.5,112.5,-887.5,-887.5
super,威力彩,2017-W49,validation,current_ensemble,8,2,1000.0,150.0,150.0,-850.0,-850.0
super,威力彩,2017-W49,validation,random_5,8,2,1000.0,137.5,137.5,-862.5,-862.5
super,威力彩,2017-W49,validation,trained_best_5,8,2,1000.0,187.5,187.5,-812.5,-812.5
super,威力彩,2017-W49,validation,trained_blend,8,2,1000.0,200.0,200.0,-800.0,-800.0
super,威力彩,2017-W49,validation,trained_family_ensemble,8,2,1000.0,200.0,200.0,-800.0,-800.0
super,威力彩,2017-W50,validation,current_ensemble,8,2,1000.0,162.5,162.5,-837.5,-837.5
super,威力彩,2017-W50,validation,random_5,8,2,1000.0,100.0,100.0,-900.0,-900.0
super,威力彩,2017-W50,validation,trained_best_5,8,2,1000.0,150.0,150.0,-850.0,-850.0
super,威力彩,2017-W50,validation,trained_blend,8,2,1000.0,150.0,150.0,-850.0,-850.0
super,威力彩,2017-W50,validation,trained_family_ensemble,8,2,1000.0,87.5,87.5,-912.5,-912.5
super,威力彩,2017-W51,validation,current_ensemble,8,2,1000.0,212.5,212.5,-787.5,-787.5
super,威力彩,2017-W51,validation,random_5,8,2,1000.0,75.0,75.0,-925.0,-925.0
super,威力彩,2017-W51,validation,trained_best_5,8,2,1000.0,75.0,75.0,-925.0,-925.0
super,威力彩,2017-W51,validation,trained_blend,8,2,1000.0,212.5,212.5,-787.5,-787.5
super,威力彩,2017-W51,validation,trained_family_ensemble,8,2,1000.0,112.5,112.5,-887.5,-887.5
super,威力彩,2017-W52,validation,current_ensemble,8,2,1000.0,175.0,175.0,-825.0,-825.0
super,威力彩,2017-W52,validation,random_5,8,2,1000.0,237.5,237.5,-762.5,-762.5
super,威力彩,2017-W52,validation,trained_best_5,8,2,1000.0,100.0,100.0,-900.0,-900.0
super,威力彩,2017-W52,validation,trained_blend,8,2,1000.0,175.0,175.0,-825.0,-825.0
super,威力彩,2017-W52,validation,trained_family_ensemble,8,2,1000.0,175.0,175.0,-825.0,-825.0
super,威力彩,2018-W01,validation,current_ensemble,8,2,1000.0,150.0,150.0,-850.0,-850.0
super,威力彩,2018-W01,validation,random_5,8,2,1000.0,125.0,125.0,-875.0,-875.0
super,威力彩,2018-W01,validation,trained_best_5,8,2,1000.0,237.5,237.5,-762.5,-762.5
super,威力彩,2018-W01,validation,trained_blend,8,2,1000.0,137.5,137.5,-862.5,-862.5
super,威力彩,2018-W01,validation,trained_family_ensemble,8,2,1000.0,150.0,150.0,-850.0,-850.0
super,威力彩,2018-W02,validation,current_ensemble,8,2,1000.0,62.5,62.5,-937.5,-937.5
super,威力彩,2018-W02,validation,random_5,8,2,1000.0,75.0,75.0,-925.0,-925.0
super,威力彩,2018-W02,validation,trained_best_5,8,2,1000.0,62.5,62.5,-937.5,-937.5
super,威力彩,2018-W02,validation,trained_blend,8,2,1000.0,112.5,112.5,-887.5,-887.5
super,威力彩,2018-W02,validation,trained_family_ensemble,8,2,1000.0,75.0,75.0,-925.0,-925.0
super,威力彩,2018-W03,validation,current_ensemble,8,2,1000.0,25.0,25.0,-975.0,-975.0
super,威力彩,2018-W03,validation,random_5,8,2,1000.0,137.5,137.5,-862.5,-862.5
super,威力彩,2018-W03,validation,trained_best_5,8,2,1000.0,112.5,112.5,-887.5,-887.5
super,威力彩,2018-W03,validation,trained_blend,8,2,1000.0,112.5,112.5,-887.5,-887.5
super,威力彩,2018-W03,validation,trained_family_ensemble,8,2,1000.0,75.0,75.0,-925.0,-925.0
super,威力彩,2018-W04,validation,current_ensemble,8,2,1000.0,187.5,187.5,-812.5,-812.5
super,威力彩,2018-W04,validation,random_5,8,2,1000.0,250.0,250.0,-750.0,-750.0
super,威力彩,2018-W04,validation,trained_best_5,8,2,1000.0,187.5,187.5,-812.5,-812.5
super,威力彩,2018-W04,validation,trained_blend,8,2,1000.0,275.0,275.0,-725.0,-725.0
super,威力彩,2018-W04,validation,trained_family_ensemble,8,2,1000.0,187.5,187.5,-812.5,-812.5
super,威力彩,2018-W05,validation,current_ensemble,8,2,1000.0,337.5,337.5,-662.5,-662.5
super,威力彩,2018-W05,validation,random_5,8,2,1000.0,125.0,125.0,-875.0,-875.0
super,威力彩,2018-W05,validation,trained_best_5,8,2,1000.0,75.0,75.0,-925.0,-925.0
super,威力彩,2018-W05,validation,trained_blend,8,2,1000.0,150.0,150.0,-850.0,-850.0
super,威力彩,2018-W05,validation,trained_family_ensemble,8,2,1000.0,162.5,162.5,-837.5,-837.5
super,威力彩,2018-W06,validation,current_ensemble,8,2,1000.0,250.0,250.0,-750.0,-750.0
super,威力彩,2018-W06,validation,random_5,8,2,1000.0,162.5,162.5,-837.5,-837.5
super,威力彩,2018-W06,validation,trained_best_5,8,2,1000.0,225.0,225.0,-775.0,-775.0
super,威力彩,2018-W06,validation,trained_blend,8,2,1000.0,212.5,212.5,-787.5,-787.5
super,威力彩,2018-W06,validation,trained_family_ensemble,8,2,1000.0,212.5,212.5,-787.5,-787.5
super,威力彩,2018-W07,validation,current_ensemble,8,2,1000.0,100.0,100.0,-900.0,-900.0
super,威力彩,2018-W07,validation,random_5,8,2,1000.0,237.5,237.5,-762.5,-762.5
super,威力彩,2018-W07,validation,trained_best_5,8,2,1000.0,162.5,162.5,-837.5,-837.5
super,威力彩,2018-W07,validation,trained_blend,8,2,1000.0,187.5,187.5,-812.5,-812.5
super,威力彩,2018-W07,validation,trained_family_ensemble,8,2,1000.0,75.0,75.0,-925.0,-925.0
super,威力彩,2018-W08,validation,current_ensemble,8,2,1000.0,725.0,725.0,-275.0,-275.0
super,威力彩,2018-W08,validation,random_5,8,2,1000.0,187.5,187.5,-812.5,-812.5
super,威力彩,2018-W08,validation,trained_best_5,8,2,1000.0,2750.0,2750.0,1750.0,1750.0
super,威力彩,2018-W08,validation,trained_blend,8,2,1000.0,150.0,150.0,-850.0,-850.0
super,威力彩,2018-W08,validation,trained_family_ensemble,8,2,1000.0,225.0,225.0,-775.0,-775.0
super,威力彩,2018-W09,validation,current_ensemble,8,2,1000.0,175.0,175.0,-825.0,-825.0
super,威力彩,2018-W09,validation,random_5,8,2,1000.0,75.0,75.0,-925.0,-925.0
super,威力彩,2018-W09,validation,trained_best_5,8,2,1000.0,225.0,225.0,-775.0,-775.0
super,威力彩,2018-W09,validation,trained_blend,8,2,1000.0,175.0,175.0,-825.0,-825.0
super,威力彩,2018-W09,validation,trained_family_ensemble,8,2,1000.0,262.5,262.5,-737.5,-737.5
super,威力彩,2018-W10,validation,current_ensemble,8,2,1000.0,62.5,62.5,-937.5,-937.5
super,威力彩,2018-W10,validation,random_5,8,2,1000.0,237.5,237.5,-762.5,-762.5
super,威力彩,2018-W10,validation,trained_best_5,8,2,1000.0,62.5,62.5,-937.5,-937.5
super,威力彩,2018-W10,validation,trained_blend,8,2,1000.0,175.0,175.0,-825.0,-825.0
super,威力彩,2018-W10,validation,trained_family_ensemble,8,2,1000.0,100.0,100.0,-900.0,-900.0
super,威力彩,2018-W11,validation,current_ensemble,8,2,1000.0,225.0,225.0,-775.0,-775.0
super,威力彩,2018-W11,validation,random_5,8,2,1000.0,237.5,237.5,-762.5,-762.5
super,威力彩,2018-W11,validation,trained_best_5,8,2,1000.0,112.5,112.5,-887.5,-887.5
super,威力彩,2018-W11,validation,trained_blend,8,2,1000.0,262.5,262.5,-737.5,-737.5
super,威力彩,2018-W11,validation,trained_family_ensemble,8,2,1000.0,300.0,300.0,-700.0,-700.0
super,威力彩,2018-W12,validation,current_ensemble,8,2,1000.0,187.5,187.5,-812.5,-812.5
super,威力彩,2018-W12,validation,random_5,8,2,1000.0,87.5,87.5,-912.5,-912.5
super,威力彩,2018-W12,validation,trained_best_5,8,2,1000.0,175.0,175.0,-825.0,-825.0
super,威力彩,2018-W12,validation,trained_blend,8,2,1000.0,75.0,75.0,-925.0,-925.0
super,威力彩,2018-W12,validation,trained_family_ensemble,8,2,1000.0,137.5,137.5,-862.5,-862.5
super,威力彩,2018-W13,validation,current_ensemble,8,2,1000.0,137.5,137.5,-862.5,-862.5
super,威力彩,2018-W13,validation,random_5,8,2,1000.0,137.5,137.5,-862.5,-862.5
super,威力彩,2018-W13,validation,trained_best_5,8,2,1000.0,50.0,50.0,-950.0,-950.0
super,威力彩,2018-W13,validation,trained_blend,8,2,1000.0,275.0,275.0,-725.0,-725.0
super,威力彩,2018-W13,validation,trained_family_ensemble,8,2,1000.0,325.0,325.0,-675.0,-675.0
super,威力彩,2018-W14,validation,current_ensemble,8,2,1000.0,187.5,187.5,-812.5,-812.5
super,威力彩,2018-W14,validation,random_5,8,2,1000.0,162.5,162.5,-837.5,-837.5
super,威力彩,2018-W14,validation,trained_best_5,8,2,1000.0,237.5,237.5,-762.5,-762.5
super,威力彩,2018-W14,validation,trained_blend,8,2,1000.0,87.5,87.5,-912.5,-912.5
super,威力彩,2018-W14,validation,trained_family_ensemble,8,2,1000.0,237.5,237.5,-762.5,-762.5
super,威力彩,2018-W15,validation,current_ensemble,8,2,1000.0,200.0,200.0,-800.0,-800.0
super,威力彩,2018-W15,validation,random_5,8,2,1000.0,187.5,187.5,-812.5,-812.5
super,威力彩,2018-W15,validation,trained_best_5,8,2,1000.0,100.0,100.0,-900.0,-900.0
super,威力彩,2018-W15,validation,trained_blend,8,2,1000.0,175.0,175.0,-825.0,-825.0
super,威力彩,2018-W15,validation,trained_family_ensemble,8,2,1000.0,237.5,237.5,-762.5,-762.5
super,威力彩,2018-W16,validation,current_ensemble,8,2,1000.0,112.5,112.5,-887.5,-887.5
super,威力彩,2018-W16,validation,random_5,8,2,1000.0,237.5,237.5,-762.5,-762.5
super,威力彩,2018-W16,validation,trained_best_5,8,2,1000.0,212.5,212.5,-787.5,-787.5
super,威力彩,2018-W16,validation,trained_blend,8,2,1000.0,112.5,112.5,-887.5,-887.5
super,威力彩,2018-W16,validation,trained_family_ensemble,8,2,1000.0,162.5,162.5,-837.5,-837.5
super,威力彩,2018-W17,validation,current_ensemble,8,2,1000.0,175.0,175.0,-825.0,-825.0
super,威力彩,2018-W17,validation,random_5,8,2,1000.0,112.5,112.5,-887.5,-887.5
super,威力彩,2018-W17,validation,trained_best_5,8,2,1000.0,62.5,62.5,-937.5,-937.5
super,威力彩,2018-W17,validation,trained_blend,8,2,1000.0,137.5,137.5,-862.5,-862.5
super,威力彩,2018-W17,validation,trained_family_ensemble,8,2,1000.0,200.0,200.0,-800.0,-800.0
super,威力彩,2018-W18,validation,current_ensemble,8,2,1000.0,237.5,237.5,-762.5,-762.5
super,威力彩,2018-W18,validation,random_5,8,2,1000.0,337.5,337.5,-662.5,-662.5
super,威力彩,2018-W18,validation,trained_best_5,8,2,1000.0,100.0,100.0,-900.0,-900.0
super,威力彩,2018-W18,validation,trained_blend,8,2,1000.0,212.5,212.5,-787.5,-787.5
super,威力彩,2018-W18,validation,trained_family_ensemble,8,2,1000.0,700.0,700.0,-300.0,-300.0
super,威力彩,2018-W19,validation,current_ensemble,8,2,1000.0,162.5,162.5,-837.5,-837.5
super,威力彩,2018-W19,validation,random_5,8,2,1000.0,362.5,362.5,-637.5,-637.5
super,威力彩,2018-W19,validation,trained_best_5,8,2,1000.0,87.5,87.5,-912.5,-912.5
super,威力彩,2018-W19,validation,trained_blend,8,2,1000.0,225.0,225.0,-775.0,-775.0
super,威力彩,2018-W19,validation,trained_family_ensemble,8,2,1000.0,125.0,125.0,-875.0,-875.0
super,威力彩,2018-W20,validation,current_ensemble,8,2,1000.0,262.5,262.5,-737.5,-737.5
super,威力彩,2018-W20,validation,random_5,8,2,1000.0,162.5,162.5,-837.5,-837.5
super,威力彩,2018-W20,validation,trained_best_5,8,2,1000.0,250.0,250.0,-750.0,-750.0
super,威力彩,2018-W20,validation,trained_blend,8,2,1000.0,162.5,162.5,-837.5,-837.5
super,威力彩,2018-W20,validation,trained_family_ensemble,8,2,1000.0,212.5,212.5,-787.5,-787.5
super,威力彩,2018-W21,validation,current_ensemble,8,2,1000.0,200.0,200.0,-800.0,-800.0
super,威力彩,2018-W21,validation,random_5,8,2,1000.0,300.0,300.0,-700.0,-700.0
super,威力彩,2018-W21,validation,trained_best_5,8,2,1000.0,250.0,250.0,-750.0,-750.0
super,威力彩,2018-W21,validation,trained_blend,8,2,1000.0,200.0,200.0,-800.0,-800.0
super,威力彩,2018-W21,validation,trained_family_ensemble,8,2,1000.0,237.5,237.5,-762.5,-762.5
super,威力彩,2018-W22,validation,current_ensemble,8,2,1000.0,287.5,287.5,-712.5,-712.5
super,威力彩,2018-W22,validation,random_5,8,2,1000.0,175.0,175.0,-825.0,-825.0
super,威力彩,2018-W22,validation,trained_best_5,8,2,1000.0,150.0,150.0,-850.0,-850.0
super,威力彩,2018-W22,validation,trained_blend,8,2,1000.0,200.0,200.0,-800.0,-800.0
super,威力彩,2018-W22,validation,trained_family_ensemble,8,2,1000.0,162.5,162.5,-837.5,-837.5
super,威力彩,2018-W23,validation,current_ensemble,8,2,1000.0,312.5,312.5,-687.5,-687.5
super,威力彩,2018-W23,validation,random_5,8,2,1000.0,150.0,150.0,-850.0,-850.0
super,威力彩,2018-W23,validation,trained_best_5,8,2,1000.0,587.5,587.5,-412.5,-412.5
super,威力彩,2018-W23,validation,trained_blend,8,2,1000.0,187.5,187.5,-812.5,-812.5
super,威力彩,2018-W23,validation,trained_family_ensemble,8,2,1000.0,212.5,212.5,-787.5,-787.5
super,威力彩,2018-W24,validation,current_ensemble,8,2,1000.0,250.0,250.0,-750.0,-750.0
super,威力彩,2018-W24,validation,random_5,8,2,1000.0,250.0,250.0,-750.0,-750.0
super,威力彩,2018-W24,validation,trained_best_5,8,2,1000.0,62.5,62.5,-937.5,-937.5
super,威力彩,2018-W24,validation,trained_blend,8,2,1000.0,237.5,237.5,-762.5,-762.5
super,威力彩,2018-W24,validation,trained_family_ensemble,8,2,1000.0,262.5,262.5,-737.5,-737.5
super,威力彩,2018-W25,validation,current_ensemble,8,2,1000.0,237.5,237.5,-762.5,-762.5
super,威力彩,2018-W25,validation,random_5,8,2,1000.0,112.5,112.5,-887.5,-887.5
super,威力彩,2018-W25,validation,trained_best_5,8,2,1000.0,262.5,262.5,-737.5,-737.5
super,威力彩,2018-W25,validation,trained_blend,8,2,1000.0,237.5,237.5,-762.5,-762.5
super,威力彩,2018-W25,validation,trained_family_ensemble,8,2,1000.0,650.0,650.0,-350.0,-350.0
super,威力彩,2018-W26,validation,current_ensemble,8,2,1000.0,137.5,137.5,-862.5,-862.5
super,威力彩,2018-W26,validation,random_5,8,2,1000.0,87.5,87.5,-912.5,-912.5
super,威力彩,2018-W26,validation,trained_best_5,8,2,1000.0,150.0,150.0,-850.0,-850.0
super,威力彩,2018-W26,validation,trained_blend,8,2,1000.0,162.5,162.5,-837.5,-837.5
super,威力彩,2018-W26,validation,trained_family_ensemble,8,2,1000.0,100.0,100.0,-900.0,-900.0
super,威力彩,2018-W27,validation,current_ensemble,8,2,1000.0,287.5,287.5,-712.5,-712.5
super,威力彩,2018-W27,validation,random_5,8,2,1000.0,137.5,137.5,-862.5,-862.5
super,威力彩,2018-W27,validation,trained_best_5,8,2,1000.0,25.0,25.0,-975.0,-975.0
super,威力彩,2018-W27,validation,trained_blend,8,2,1000.0,137.5,137.5,-862.5,-862.5
super,威力彩,2018-W27,validation,trained_family_ensemble,8,2,1000.0,225.0,225.0,-775.0,-775.0
super,威力彩,2018-W28,validation,current_ensemble,8,2,1000.0,275.0,275.0,-725.0,-725.0
super,威力彩,2018-W28,validation,random_5,8,2,1000.0,287.5,287.5,-712.5,-712.5
super,威力彩,2018-W28,validation,trained_best_5,8,2,1000.0,137.5,137.5,-862.5,-862.5
super,威力彩,2018-W28,validation,trained_blend,8,2,1000.0,212.5,212.5,-787.5,-787.5
super,威力彩,2018-W28,validation,trained_family_ensemble,8,2,1000.0,225.0,225.0,-775.0,-775.0
super,威力彩,2018-W29,validation,current_ensemble,8,2,1000.0,225.0,225.0,-775.0,-775.0
super,威力彩,2018-W29,validation,random_5,8,2,1000.0,287.5,287.5,-712.5,-712.5
super,威力彩,2018-W29,validation,trained_best_5,8,2,1000.0,125.0,125.0,-875.0,-875.0
super,威力彩,2018-W29,validation,trained_blend,8,2,1000.0,162.5,162.5,-837.5,-837.5
super,威力彩,2018-W29,validation,trained_family_ensemble,8,2,1000.0,200.0,200.0,-800.0,-800.0
super,威力彩,2018-W30,validation,current_ensemble,8,2,1000.0,562.5,562.5,-437.5,-437.5
super,威力彩,2018-W30,validation,random_5,8,2,1000.0,300.0,300.0,-700.0,-700.0
super,威力彩,2018-W30,validation,trained_best_5,8,2,1000.0,150.0,150.0,-850.0,-850.0
super,威力彩,2018-W30,validation,trained_blend,8,2,1000.0,125.0,125.0,-875.0,-875.0
super,威力彩,2018-W30,validation,trained_family_ensemble,8,2,1000.0,275.0,275.0,-725.0,-725.0
super,威力彩,2018-W31,validation,current_ensemble,8,2,1000.0,225.0,225.0,-775.0,-775.0
super,威力彩,2018-W31,validation,random_5,8,2,1000.0,212.5,212.5,-787.5,-787.5
super,威力彩,2018-W31,validation,trained_best_5,8,2,1000.0,137.5,137.5,-862.5,-862.5
super,威力彩,2018-W31,validation,trained_blend,8,2,1000.0,125.0,125.0,-875.0,-875.0
super,威力彩,2018-W31,validation,trained_family_ensemble,8,2,1000.0,162.5,162.5,-837.5,-837.5
super,威力彩,2018-W32,validation,current_ensemble,8,2,1000.0,100.0,100.0,-900.0,-900.0
super,威力彩,2018-W32,validation,random_5,8,2,1000.0,175.0,175.0,-825.0,-825.0
super,威力彩,2018-W32,validation,trained_best_5,8,2,1000.0,112.5,112.5,-887.5,-887.5
super,威力彩,2018-W32,validation,trained_blend,8,2,1000.0,100.0,100.0,-900.0,-900.0
super,威力彩,2018-W32,validation,trained_family_ensemble,8,2,1000.0,100.0,100.0,-900.0,-900.0
super,威力彩,2018-W33,validation,current_ensemble,8,2,1000.0,262.5,262.5,-737.5,-737.5
super,威力彩,2018-W33,validation,random_5,8,2,1000.0,112.5,112.5,-887.5,-887.5
super,威力彩,2018-W33,validation,trained_best_5,8,2,1000.0,37.5,37.5,-962.5,-962.5
super,威力彩,2018-W33,validation,trained_blend,8,2,1000.0,150.0,150.0,-850.0,-850.0
super,威力彩,2018-W33,validation,trained_family_ensemble,8,2,1000.0,100.0,100.0,-900.0,-900.0
super,威力彩,2018-W34,validation,current_ensemble,8,2,1000.0,175.0,175.0,-825.0,-825.0
super,威力彩,2018-W34,validation,random_5,8,2,1000.0,50.0,50.0,-950.0,-950.0
super,威力彩,2018-W34,validation,trained_best_5,8,2,1000.0,150.0,150.0,-850.0,-850.0
super,威力彩,2018-W34,validation,trained_blend,8,2,1000.0,112.5,112.5,-887.5,-887.5
super,威力彩,2018-W34,validation,trained_family_ensemble,8,2,1000.0,100.0,100.0,-900.0,-900.0
super,威力彩,2018-W35,validation,current_ensemble,8,2,1000.0,712.5,712.5,-287.5,-287.5
super,威力彩,2018-W35,validation,random_5,8,2,1000.0,700.0,700.0,-300.0,-300.0
super,威力彩,2018-W35,validation,trained_best_5,8,2,1000.0,50.0,50.0,-950.0,-950.0
super,威力彩,2018-W35,validation,trained_blend,8,2,1000.0,712.5,712.5,-287.5,-287.5
super,威力彩,2018-W35,validation,trained_family_ensemble,8,2,1000.0,725.0,725.0,-275.0,-275.0
super,威力彩,2018-W36,validation,current_ensemble,8,2,1000.0,150.0,150.0,-850.0,-850.0
super,威力彩,2018-W36,validation,random_5,8,2,1000.0,662.5,662.5,-337.5,-337.5
super,威力彩,2018-W36,validation,trained_best_5,8,2,1000.0,237.5,237.5,-762.5,-762.5
super,威力彩,2018-W36,validation,trained_blend,8,2,1000.0,600.0,600.0,-400.0,-400.0
super,威力彩,2018-W36,validation,trained_family_ensemble,8,2,1000.0,175.0,175.0,-825.0,-825.0
super,威力彩,2018-W37,validation,current_ensemble,8,2,1000.0,150.0,150.0,-850.0,-850.0
super,威力彩,2018-W37,validation,random_5,8,2,1000.0,137.5,137.5,-862.5,-862.5
super,威力彩,2018-W37,validation,trained_best_5,8,2,1000.0,25.0,25.0,-975.0,-975.0
super,威力彩,2018-W37,validation,trained_blend,8,2,1000.0,112.5,112.5,-887.5,-887.5
super,威力彩,2018-W37,validation,trained_family_ensemble,8,2,1000.0,112.5,112.5,-887.5,-887.5
super,威力彩,2018-W38,validation,current_ensemble,8,2,1000.0,637.5,637.5,-362.5,-362.5
super,威力彩,2018-W38,validation,random_5,8,2,1000.0,737.5,737.5,-262.5,-262.5
super,威力彩,2018-W38,validation,trained_best_5,8,2,1000.0,12.5,12.5,-987.5,-987.5
super,威力彩,2018-W38,validation,trained_blend,8,2,1000.0,662.5,662.5,-337.5,-337.5
super,威力彩,2018-W38,validation,trained_family_ensemble,8,2,1000.0,750.0,750.0,-250.0,-250.0
super,威力彩,2018-W39,validation,current_ensemble,8,2,1000.0,200.0,200.0,-800.0,-800.0
super,威力彩,2018-W39,validation,random_5,8,2,1000.0,112.5,112.5,-887.5,-887.5
super,威力彩,2018-W39,validation,trained_best_5,8,2,1000.0,725.0,725.0,-275.0,-275.0
super,威力彩,2018-W39,validation,trained_blend,8,2,1000.0,175.0,175.0,-825.0,-825.0
super,威力彩,2018-W39,validation,trained_family_ensemble,8,2,1000.0,200.0,200.0,-800.0,-800.0
super,威力彩,2018-W40,validation,current_ensemble,8,2,1000.0,237.5,237.5,-762.5,-762.5
super,威力彩,2018-W40,validation,random_5,8,2,1000.0,112.5,112.5,-887.5,-887.5
super,威力彩,2018-W40,validation,trained_best_5,8,2,1000.0,225.0,225.0,-775.0,-775.0
super,威力彩,2018-W40,validation,trained_blend,8,2,1000.0,100.0,100.0,-900.0,-900.0
super,威力彩,2018-W40,validation,trained_family_ensemble,8,2,1000.0,112.5,112.5,-887.5,-887.5
super,威力彩,2018-W41,validation,current_ensemble,8,2,1000.0,62.5,62.5,-937.5,-937.5
super,威力彩,2018-W41,validation,random_5,8,2,1000.0,125.0,125.0,-875.0,-875.0
super,威力彩,2018-W41,validation,trained_best_5,8,2,1000.0,162.5,162.5,-837.5,-837.5
super,威力彩,2018-W41,validation,trained_blend,8,2,1000.0,112.5,112.5,-887.5,-887.5
super,威力彩,2018-W41,validation,trained_family_ensemble,8,2,1000.0,75.0,75.0,-925.0,-925.0
super,威力彩,2018-W42,validation,current_ensemble,8,2,1000.0,150.0,150.0,-850.0,-850.0
super,威力彩,2018-W42,validation,random_5,8,2,1000.0,50.0,50.0,-950.0,-950.0
super,威力彩,2018-W42,validation,trained_best_5,8,2,1000.0,475.0,475.0,-525.0,-525.0
super,威力彩,2018-W42,validation,trained_blend,8,2,1000.0,175.0,175.0,-825.0,-825.0
super,威力彩,2018-W42,validation,trained_family_ensemble,8,2,1000.0,187.5,187.5,-812.5,-812.5
super,威力彩,2018-W43,validation,current_ensemble,8,2,1000.0,137.5,137.5,-862.5,-862.5
super,威力彩,2018-W43,validation,random_5,8,2,1000.0,162.5,162.5,-837.5,-837.5
super,威力彩,2018-W43,validation,trained_best_5,8,2,1000.0,137.5,137.5,-862.5,-862.5
super,威力彩,2018-W43,validation,trained_blend,8,2,1000.0,225.0,225.0,-775.0,-775.0
super,威力彩,2018-W43,validation,trained_family_ensemble,8,2,1000.0,287.5,287.5,-712.5,-712.5
super,威力彩,2018-W44,validation,current_ensemble,8,2,1000.0,150.0,150.0,-850.0,-850.0
super,威力彩,2018-W44,validation,random_5,8,2,1000.0,150.0,150.0,-850.0,-850.0
super,威力彩,2018-W44,validation,trained_best_5,8,2,1000.0,112.5,112.5,-887.5,-887.5
super,威力彩,2018-W44,validation,trained_blend,8,2,1000.0,162.5,162.5,-837.5,-837.5
super,威力彩,2018-W44,validation,trained_family_ensemble,8,2,1000.0,125.0,125.0,-875.0,-875.0
super,威力彩,2018-W45,validation,current_ensemble,8,2,1000.0,100.0,100.0,-900.0,-900.0
super,威力彩,2018-W45,validation,random_5,8,2,1000.0,125.0,125.0,-875.0,-875.0
super,威力彩,2018-W45,validation,trained_best_5,8,2,1000.0,137.5,137.5,-862.5,-862.5
super,威力彩,2018-W45,validation,trained_blend,8,2,1000.0,112.5,112.5,-887.5,-887.5
super,威力彩,2018-W45,validation,trained_family_ensemble,8,2,1000.0,112.5,112.5,-887.5,-887.5
super,威力彩,2018-W46,validation,current_ensemble,8,2,1000.0,275.0,275.0,-725.0,-725.0
super,威力彩,2018-W46,validation,random_5,8,2,1000.0,275.0,275.0,-725.0,-725.0
super,威力彩,2018-W46,validation,trained_best_5,8,2,1000.0,325.0,325.0,-675.0,-675.0
super,威力彩,2018-W46,validation,trained_blend,8,2,1000.0,362.5,362.5,-637.5,-637.5
super,威力彩,2018-W46,validation,trained_family_ensemble,8,2,1000.0,312.5,312.5,-687.5,-687.5
super,威力彩,2018-W47,validation,current_ensemble,8,2,1000.0,62.5,62.5,-937.5,-937.5
super,威力彩,2018-W47,validation,random_5,8,2,1000.0,137.5,137.5,-862.5,-862.5
super,威力彩,2018-W47,validation,trained_best_5,8,2,1000.0,312.5,312.5,-687.5,-687.5
super,威力彩,2018-W47,validation,trained_blend,8,2,1000.0,137.5,137.5,-862.5,-862.5
super,威力彩,2018-W47,validation,trained_family_ensemble,8,2,1000.0,137.5,137.5,-862.5,-862.5
super,威力彩,2018-W48,validation,current_ensemble,8,2,1000.0,175.0,175.0,-825.0,-825.0
super,威力彩,2018-W48,validation,random_5,8,2,1000.0,262.5,262.5,-737.5,-737.5
super,威力彩,2018-W48,validation,trained_best_5,8,2,1000.0,137.5,137.5,-862.5,-862.5
super,威力彩,2018-W48,validation,trained_blend,8,2,1000.0,237.5,237.5,-762.5,-762.5
super,威力彩,2018-W48,validation,trained_family_ensemble,8,2,1000.0,2700.0,2700.0,1700.0,1700.0
super,威力彩,2018-W49,validation,current_ensemble,8,2,1000.0,175.0,175.0,-825.0,-825.0
super,威力彩,2018-W49,validation,random_5,8,2,1000.0,75.0,75.0,-925.0,-925.0
super,威力彩,2018-W49,validation,trained_best_5,8,2,1000.0,337.5,337.5,-662.5,-662.5
super,威力彩,2018-W49,validation,trained_blend,8,2,1000.0,100.0,100.0,-900.0,-900.0
super,威力彩,2018-W49,validation,trained_family_ensemble,8,2,1000.0,212.5,212.5,-787.5,-787.5
super,威力彩,2018-W50,validation,current_ensemble,8,2,1000.0,100.0,100.0,-900.0,-900.0
super,威力彩,2018-W50,validation,random_5,8,2,1000.0,175.0,175.0,-825.0,-825.0
super,威力彩,2018-W50,validation,trained_best_5,8,2,1000.0,162.5,162.5,-837.5,-837.5
super,威力彩,2018-W50,validation,trained_blend,8,2,1000.0,212.5,212.5,-787.5,-787.5
super,威力彩,2018-W50,validation,trained_family_ensemble,8,2,1000.0,150.0,150.0,-850.0,-850.0
super,威力彩,2018-W51,validation,current_ensemble,8,2,1000.0,200.0,200.0,-800.0,-800.0
super,威力彩,2018-W51,validation,random_5,8,2,1000.0,175.0,175.0,-825.0,-825.0
super,威力彩,2018-W51,validation,trained_best_5,8,2,1000.0,500.0,500.0,-500.0,-500.0
super,威力彩,2018-W51,validation,trained_blend,8,2,1000.0,200.0,200.0,-800.0,-800.0
super,威力彩,2018-W51,validation,trained_family_ensemble,8,2,1000.0,237.5,237.5,-762.5,-762.5
super,威力彩,2018-W52,validation,current_ensemble,8,2,1000.0,162.5,162.5,-837.5,-837.5
super,威力彩,2018-W52,validation,random_5,8,2,1000.0,162.5,162.5,-837.5,-837.5
super,威力彩,2018-W52,validation,trained_best_5,8,2,1000.0,137.5,137.5,-862.5,-862.5
super,威力彩,2018-W52,validation,trained_blend,8,2,1000.0,125.0,125.0,-875.0,-875.0
super,威力彩,2018-W52,validation,trained_family_ensemble,8,2,1000.0,175.0,175.0,-825.0,-825.0
super,威力彩,2019-W01,validation,current_ensemble,8,2,1000.0,300.0,300.0,-700.0,-700.0
super,威力彩,2019-W01,validation,random_5,8,2,1000.0,137.5,137.5,-862.5,-862.5
super,威力彩,2019-W01,validation,trained_best_5,8,2,1000.0,262.5,262.5,-737.5,-737.5
super,威力彩,2019-W01,validation,trained_blend,8,2,1000.0,150.0,150.0,-850.0,-850.0
super,威力彩,2019-W01,validation,trained_family_ensemble,8,2,1000.0,237.5,237.5,-762.5,-762.5
super,威力彩,2019-W02,validation,current_ensemble,8,2,1000.0,125.0,125.0,-875.0,-875.0
super,威力彩,2019-W02,validation,random_5,8,2,1000.0,175.0,175.0,-825.0,-825.0
super,威力彩,2019-W02,validation,trained_best_5,8,2,1000.0,150.0,150.0,-850.0,-850.0
super,威力彩,2019-W02,validation,trained_blend,8,2,1000.0,125.0,125.0,-875.0,-875.0
super,威力彩,2019-W02,validation,trained_family_ensemble,8,2,1000.0,162.5,162.5,-837.5,-837.5
super,威力彩,2019-W03,validation,current_ensemble,8,2,1000.0,162.5,162.5,-837.5,-837.5
super,威力彩,2019-W03,validation,random_5,8,2,1000.0,125.0,125.0,-875.0,-875.0
super,威力彩,2019-W03,validation,trained_best_5,8,2,1000.0,250.0,250.0,-750.0,-750.0
super,威力彩,2019-W03,validation,trained_blend,8,2,1000.0,175.0,175.0,-825.0,-825.0
super,威力彩,2019-W03,validation,trained_family_ensemble,8,2,1000.0,225.0,225.0,-775.0,-775.0
super,威力彩,2019-W04,validation,current_ensemble,8,2,1000.0,100.0,100.0,-900.0,-900.0
super,威力彩,2019-W04,validation,random_5,8,2,1000.0,187.5,187.5,-812.5,-812.5
super,威力彩,2019-W04,validation,trained_best_5,8,2,1000.0,662.5,662.5,-337.5,-337.5
super,威力彩,2019-W04,validation,trained_blend,8,2,1000.0,150.0,150.0,-850.0,-850.0
super,威力彩,2019-W04,validation,trained_family_ensemble,8,2,1000.0,162.5,162.5,-837.5,-837.5
super,威力彩,2019-W05,validation,current_ensemble,8,2,1000.0,712.5,712.5,-287.5,-287.5
super,威力彩,2019-W05,validation,random_5,8,2,1000.0,825.0,825.0,-175.0,-175.0
super,威力彩,2019-W05,validation,trained_best_5,8,2,1000.0,112.5,112.5,-887.5,-887.5
super,威力彩,2019-W05,validation,trained_blend,8,2,1000.0,287.5,287.5,-712.5,-712.5
super,威力彩,2019-W05,validation,trained_family_ensemble,8,2,1000.0,787.5,787.5,-212.5,-212.5
super,威力彩,2019-W06,validation,current_ensemble,8,2,1000.0,162.5,162.5,-837.5,-837.5
super,威力彩,2019-W06,validation,random_5,8,2,1000.0,162.5,162.5,-837.5,-837.5
super,威力彩,2019-W06,validation,trained_best_5,8,2,1000.0,150.0,150.0,-850.0,-850.0
super,威力彩,2019-W06,validation,trained_blend,8,2,1000.0,125.0,125.0,-875.0,-875.0
super,威力彩,2019-W06,validation,trained_family_ensemble,8,2,1000.0,100.0,100.0,-900.0,-900.0
super,威力彩,2019-W07,validation,current_ensemble,8,2,1000.0,125.0,125.0,-875.0,-875.0
super,威力彩,2019-W07,validation,random_5,8,2,1000.0,125.0,125.0,-875.0,-875.0
super,威力彩,2019-W07,validation,trained_best_5,8,2,1000.0,50.0,50.0,-950.0,-950.0
super,威力彩,2019-W07,validation,trained_blend,8,2,1000.0,137.5,137.5,-862.5,-862.5
super,威力彩,2019-W07,validation,trained_family_ensemble,8,2,1000.0,150.0,150.0,-850.0,-850.0
super,威力彩,2019-W08,validation,current_ensemble,8,2,1000.0,250.0,250.0,-750.0,-750.0
super,威力彩,2019-W08,validation,random_5,8,2,1000.0,50.0,50.0,-950.0,-950.0
super,威力彩,2019-W08,validation,trained_best_5,8,2,1000.0,2700.0,2700.0,1700.0,1700.0
super,威力彩,2019-W08,validation,trained_blend,8,2,1000.0,175.0,175.0,-825.0,-825.0
super,威力彩,2019-W08,validation,trained_family_ensemble,8,2,1000.0,62.5,62.5,-937.5,-937.5
super,威力彩,2019-W09,validation,current_ensemble,8,2,1000.0,75.0,75.0,-925.0,-925.0
super,威力彩,2019-W09,validation,random_5,8,2,1000.0,175.0,175.0,-825.0,-825.0
super,威力彩,2019-W09,validation,trained_best_5,8,2,1000.0,87.5,87.5,-912.5,-912.5
super,威力彩,2019-W09,validation,trained_blend,8,2,1000.0,375.0,375.0,-625.0,-625.0
super,威力彩,2019-W09,validation,trained_family_ensemble,8,2,1000.0,200.0,200.0,-800.0,-800.0
super,威力彩,2019-W10,validation,current_ensemble,8,2,1000.0,162.5,162.5,-837.5,-837.5
super,威力彩,2019-W10,validation,random_5,8,2,1000.0,187.5,187.5,-812.5,-812.5
super,威力彩,2019-W10,validation,trained_best_5,8,2,1000.0,150.0,150.0,-850.0,-850.0
super,威力彩,2019-W10,validation,trained_blend,8,2,1000.0,175.0,175.0,-825.0,-825.0
super,威力彩,2019-W10,validation,trained_family_ensemble,8,2,1000.0,162.5,162.5,-837.5,-837.5
super,威力彩,2019-W11,validation,current_ensemble,8,2,1000.0,62.5,62.5,-937.5,-937.5
super,威力彩,2019-W11,validation,random_5,8,2,1000.0,212.5,212.5,-787.5,-787.5
super,威力彩,2019-W11,validation,trained_best_5,8,2,1000.0,137.5,137.5,-862.5,-862.5
super,威力彩,2019-W11,validation,trained_blend,8,2,1000.0,200.0,200.0,-800.0,-800.0
super,威力彩,2019-W11,validation,trained_family_ensemble,8,2,1000.0,75.0,75.0,-925.0,-925.0
super,威力彩,2019-W12,validation,current_ensemble,8,2,1000.0,150.0,150.0,-850.0,-850.0
super,威力彩,2019-W12,validation,random_5,8,2,1000.0,150.0,150.0,-850.0,-850.0
super,威力彩,2019-W12,validation,trained_best_5,8,2,1000.0,125.0,125.0,-875.0,-875.0
super,威力彩,2019-W12,validation,trained_blend,8,2,1000.0,150.0,150.0,-850.0,-850.0
super,威力彩,2019-W12,validation,trained_family_ensemble,8,2,1000.0,200.0,200.0,-800.0,-800.0
super,威力彩,2019-W13,validation,current_ensemble,8,2,1000.0,137.5,137.5,-862.5,-862.5
super,威力彩,2019-W13,validation,random_5,8,2,1000.0,200.0,200.0,-800.0,-800.0
super,威力彩,2019-W13,validation,trained_best_5,8,2,1000.0,100.0,100.0,-900.0,-900.0
super,威力彩,2019-W13,validation,trained_blend,8,2,1000.0,262.5,262.5,-737.5,-737.5
super,威力彩,2019-W13,validation,trained_family_ensemble,8,2,1000.0,175.0,175.0,-825.0,-825.0
super,威力彩,2019-W14,validation,current_ensemble,8,2,1000.0,237.5,237.5,-762.5,-762.5
super,威力彩,2019-W14,validation,random_5,8,2,1000.0,137.5,137.5,-862.5,-862.5
super,威力彩,2019-W14,validation,trained_best_5,8,2,1000.0,212.5,212.5,-787.5,-787.5
super,威力彩,2019-W14,validation,trained_blend,8,2,1000.0,150.0,150.0,-850.0,-850.0
super,威力彩,2019-W14,validation,trained_family_ensemble,8,2,1000.0,275.0,275.0,-725.0,-725.0
super,威力彩,2019-W15,validation,current_ensemble,8,2,1000.0,250.0,250.0,-750.0,-750.0
super,威力彩,2019-W15,validation,random_5,8,2,1000.0,37.5,37.5,-962.5,-962.5
super,威力彩,2019-W15,validation,trained_best_5,8,2,1000.0,237.5,237.5,-762.5,-762.5
super,威力彩,2019-W15,validation,trained_blend,8,2,1000.0,175.0,175.0,-825.0,-825.0
super,威力彩,2019-W15,validation,trained_family_ensemble,8,2,1000.0,137.5,137.5,-862.5,-862.5
super,威力彩,2019-W16,validation,current_ensemble,8,2,1000.0,175.0,175.0,-825.0,-825.0
super,威力彩,2019-W16,validation,random_5,8,2,1000.0,175.0,175.0,-825.0,-825.0
super,威力彩,2019-W16,validation,trained_best_5,8,2,1000.0,125.0,125.0,-875.0,-875.0
super,威力彩,2019-W16,validation,trained_blend,8,2,1000.0,287.5,287.5,-712.5,-712.5
super,威力彩,2019-W16,validation,trained_family_ensemble,8,2,1000.0,212.5,212.5,-787.5,-787.5
super,威力彩,2019-W17,validation,current_ensemble,8,2,1000.0,237.5,237.5,-762.5,-762.5
super,威力彩,2019-W17,validation,random_5,8,2,1000.0,237.5,237.5,-762.5,-762.5
super,威力彩,2019-W17,validation,trained_best_5,8,2,1000.0,125.0,125.0,-875.0,-875.0
super,威力彩,2019-W17,validation,trained_blend,8,2,1000.0,137.5,137.5,-862.5,-862.5
super,威力彩,2019-W17,validation,trained_family_ensemble,8,2,1000.0,350.0,350.0,-650.0,-650.0
super,威力彩,2019-W18,validation,current_ensemble,8,2,1000.0,237.5,237.5,-762.5,-762.5
super,威力彩,2019-W18,validation,random_5,8,2,1000.0,250.0,250.0,-750.0,-750.0
super,威力彩,2019-W18,validation,trained_best_5,8,2,1000.0,87.5,87.5,-912.5,-912.5
super,威力彩,2019-W18,validation,trained_blend,8,2,1000.0,137.5,137.5,-862.5,-862.5
super,威力彩,2019-W18,validation,trained_family_ensemble,8,2,1000.0,137.5,137.5,-862.5,-862.5
super,威力彩,2019-W19,validation,current_ensemble,8,2,1000.0,162.5,162.5,-837.5,-837.5
super,威力彩,2019-W19,validation,random_5,8,2,1000.0,300.0,300.0,-700.0,-700.0
super,威力彩,2019-W19,validation,trained_best_5,8,2,1000.0,225.0,225.0,-775.0,-775.0
super,威力彩,2019-W19,validation,trained_blend,8,2,1000.0,125.0,125.0,-875.0,-875.0
super,威力彩,2019-W19,validation,trained_family_ensemble,8,2,1000.0,162.5,162.5,-837.5,-837.5
super,威力彩,2019-W20,validation,current_ensemble,8,2,1000.0,150.0,150.0,-850.0,-850.0
super,威力彩,2019-W20,validation,random_5,8,2,1000.0,187.5,187.5,-812.5,-812.5
super,威力彩,2019-W20,validation,trained_best_5,8,2,1000.0,237.5,237.5,-762.5,-762.5
super,威力彩,2019-W20,validation,trained_blend,8,2,1000.0,100.0,100.0,-900.0,-900.0
super,威力彩,2019-W20,validation,trained_family_ensemble,8,2,1000.0,262.5,262.5,-737.5,-737.5
super,威力彩,2019-W21,validation,current_ensemble,8,2,1000.0,212.5,212.5,-787.5,-787.5
super,威力彩,2019-W21,validation,random_5,8,2,1000.0,200.0,200.0,-800.0,-800.0
super,威力彩,2019-W21,validation,trained_best_5,8,2,1000.0,50.0,50.0,-950.0,-950.0
super,威力彩,2019-W21,validation,trained_blend,8,2,1000.0,237.5,237.5,-762.5,-762.5
super,威力彩,2019-W21,validation,trained_family_ensemble,8,2,1000.0,237.5,237.5,-762.5,-762.5
super,威力彩,2019-W22,validation,current_ensemble,8,2,1000.0,25.0,25.0,-975.0,-975.0
super,威力彩,2019-W22,validation,random_5,8,2,1000.0,112.5,112.5,-887.5,-887.5
super,威力彩,2019-W22,validation,trained_best_5,8,2,1000.0,112.5,112.5,-887.5,-887.5
super,威力彩,2019-W22,validation,trained_blend,8,2,1000.0,87.5,87.5,-912.5,-912.5
super,威力彩,2019-W22,validation,trained_family_ensemble,8,2,1000.0,87.5,87.5,-912.5,-912.5
super,威力彩,2019-W23,validation,current_ensemble,8,2,1000.0,437.5,437.5,-562.5,-562.5
super,威力彩,2019-W23,validation,random_5,8,2,1000.0,187.5,187.5,-812.5,-812.5
super,威力彩,2019-W23,validation,trained_best_5,8,2,1000.0,325.0,325.0,-675.0,-675.0
super,威力彩,2019-W23,validation,trained_blend,8,2,1000.0,262.5,262.5,-737.5,-737.5
super,威力彩,2019-W23,validation,trained_family_ensemble,8,2,1000.0,250.0,250.0,-750.0,-750.0
super,威力彩,2019-W24,validation,current_ensemble,8,2,1000.0,125.0,125.0,-875.0,-875.0
super,威力彩,2019-W24,validation,random_5,8,2,1000.0,162.5,162.5,-837.5,-837.5
super,威力彩,2019-W24,validation,trained_best_5,8,2,1000.0,137.5,137.5,-862.5,-862.5
super,威力彩,2019-W24,validation,trained_blend,8,2,1000.0,162.5,162.5,-837.5,-837.5
super,威力彩,2019-W24,validation,trained_family_ensemble,8,2,1000.0,187.5,187.5,-812.5,-812.5
super,威力彩,2019-W25,validation,current_ensemble,8,2,1000.0,175.0,175.0,-825.0,-825.0
super,威力彩,2019-W25,validation,random_5,8,2,1000.0,150.0,150.0,-850.0,-850.0
super,威力彩,2019-W25,validation,trained_best_5,8,2,1000.0,37.5,37.5,-962.5,-962.5
super,威力彩,2019-W25,validation,trained_blend,8,2,1000.0,87.5,87.5,-912.5,-912.5
super,威力彩,2019-W25,validation,trained_family_ensemble,8,2,1000.0,137.5,137.5,-862.5,-862.5
super,威力彩,2019-W26,validation,current_ensemble,8,2,1000.0,100.0,100.0,-900.0,-900.0
super,威力彩,2019-W26,validation,random_5,8,2,1000.0,250.0,250.0,-750.0,-750.0
super,威力彩,2019-W26,validation,trained_best_5,8,2,1000.0,150.0,150.0,-850.0,-850.0
super,威力彩,2019-W26,validation,trained_blend,8,2,1000.0,175.0,175.0,-825.0,-825.0
super,威力彩,2019-W26,validation,trained_family_ensemble,8,2,1000.0,200.0,200.0,-800.0,-800.0
super,威力彩,2019-W27,validation,current_ensemble,8,2,1000.0,75.0,75.0,-925.0,-925.0
super,威力彩,2019-W27,validation,random_5,8,2,1000.0,87.5,87.5,-912.5,-912.5
super,威力彩,2019-W27,validation,trained_best_5,8,2,1000.0,112.5,112.5,-887.5,-887.5
super,威力彩,2019-W27,validation,trained_blend,8,2,1000.0,150.0,150.0,-850.0,-850.0
super,威力彩,2019-W27,validation,trained_family_ensemble,8,2,1000.0,137.5,137.5,-862.5,-862.5
super,威力彩,2019-W28,validation,current_ensemble,8,2,1000.0,187.5,187.5,-812.5,-812.5
super,威力彩,2019-W28,validation,random_5,8,2,1000.0,150.0,150.0,-850.0,-850.0
super,威力彩,2019-W28,validation,trained_best_5,8,2,1000.0,675.0,675.0,-325.0,-325.0
super,威力彩,2019-W28,validation,trained_blend,8,2,1000.0,125.0,125.0,-875.0,-875.0
super,威力彩,2019-W28,validation,trained_family_ensemble,8,2,1000.0,162.5,162.5,-837.5,-837.5
super,威力彩,2019-W29,validation,current_ensemble,8,2,1000.0,150.0,150.0,-850.0,-850.0
super,威力彩,2019-W29,validation,random_5,8,2,1000.0,150.0,150.0,-850.0,-850.0
super,威力彩,2019-W29,validation,trained_best_5,8,2,1000.0,187.5,187.5,-812.5,-812.5
super,威力彩,2019-W29,validation,trained_blend,8,2,1000.0,212.5,212.5,-787.5,-787.5
super,威力彩,2019-W29,validation,trained_family_ensemble,8,2,1000.0,212.5,212.5,-787.5,-787.5
super,威力彩,2019-W30,validation,current_ensemble,8,2,1000.0,237.5,237.5,-762.5,-762.5
super,威力彩,2019-W30,validation,random_5,8,2,1000.0,100.0,100.0,-900.0,-900.0
super,威力彩,2019-W30,validation,trained_best_5,8,2,1000.0,287.5,287.5,-712.5,-712.5
super,威力彩,2019-W30,validation,trained_blend,8,2,1000.0,300.0,300.0,-700.0,-700.0
super,威力彩,2019-W30,validation,trained_family_ensemble,8,2,1000.0,225.0,225.0,-775.0,-775.0
super,威力彩,2019-W31,validation,current_ensemble,8,2,1000.0,225.0,225.0,-775.0,-775.0
super,威力彩,2019-W31,validation,random_5,8,2,1000.0,150.0,150.0,-850.0,-850.0
super,威力彩,2019-W31,validation,trained_best_5,8,2,1000.0,350.0,350.0,-650.0,-650.0
super,威力彩,2019-W31,validation,trained_blend,8,2,1000.0,200.0,200.0,-800.0,-800.0
super,威力彩,2019-W31,validation,trained_family_ensemble,8,2,1000.0,137.5,137.5,-862.5,-862.5
super,威力彩,2019-W32,validation,current_ensemble,8,2,1000.0,187.5,187.5,-812.5,-812.5
super,威力彩,2019-W32,validation,random_5,8,2,1000.0,162.5,162.5,-837.5,-837.5
super,威力彩,2019-W32,validation,trained_best_5,8,2,1000.0,200.0,200.0,-800.0,-800.0
super,威力彩,2019-W32,validation,trained_blend,8,2,1000.0,150.0,150.0,-850.0,-850.0
super,威力彩,2019-W32,validation,trained_family_ensemble,8,2,1000.0,237.5,237.5,-762.5,-762.5
super,威力彩,2019-W33,validation,current_ensemble,8,2,1000.0,125.0,125.0,-875.0,-875.0
super,威力彩,2019-W33,validation,random_5,8,2,1000.0,112.5,112.5,-887.5,-887.5
super,威力彩,2019-W33,validation,trained_best_5,8,2,1000.0,125.0,125.0,-875.0,-875.0
super,威力彩,2019-W33,validation,trained_blend,8,2,1000.0,150.0,150.0,-850.0,-850.0
super,威力彩,2019-W33,validation,trained_family_ensemble,8,2,1000.0,150.0,150.0,-850.0,-850.0
super,威力彩,2019-W34,validation,current_ensemble,8,2,1000.0,337.5,337.5,-662.5,-662.5
super,威力彩,2019-W34,validation,random_5,8,2,1000.0,112.5,112.5,-887.5,-887.5
super,威力彩,2019-W34,validation,trained_best_5,8,2,1000.0,187.5,187.5,-812.5,-812.5
super,威力彩,2019-W34,validation,trained_blend,8,2,1000.0,2625.0,2625.0,1625.0,1625.0
super,威力彩,2019-W34,validation,trained_family_ensemble,8,2,1000.0,225.0,225.0,-775.0,-775.0
super,威力彩,2019-W35,validation,current_ensemble,8,2,1000.0,237.5,237.5,-762.5,-762.5
super,威力彩,2019-W35,validation,random_5,8,2,1000.0,187.5,187.5,-812.5,-812.5
super,威力彩,2019-W35,validation,trained_best_5,8,2,1000.0,662.5,662.5,-337.5,-337.5
super,威力彩,2019-W35,validation,trained_blend,8,2,1000.0,375.0,375.0,-625.0,-625.0
super,威力彩,2019-W35,validation,trained_family_ensemble,8,2,1000.0,700.0,700.0,-300.0,-300.0
super,威力彩,2019-W36,validation,current_ensemble,8,2,1000.0,150.0,150.0,-850.0,-850.0
super,威力彩,2019-W36,validation,random_5,8,2,1000.0,187.5,187.5,-812.5,-812.5
super,威力彩,2019-W36,validation,trained_best_5,8,2,1000.0,62.5,62.5,-937.5,-937.5
super,威力彩,2019-W36,validation,trained_blend,8,2,1000.0,150.0,150.0,-850.0,-850.0
super,威力彩,2019-W36,validation,trained_family_ensemble,8,2,1000.0,162.5,162.5,-837.5,-837.5
super,威力彩,2019-W37,validation,current_ensemble,8,2,1000.0,200.0,200.0,-800.0,-800.0
super,威力彩,2019-W37,validation,random_5,8,2,1000.0,112.5,112.5,-887.5,-887.5
super,威力彩,2019-W37,validation,trained_best_5,8,2,1000.0,150.0,150.0,-850.0,-850.0
super,威力彩,2019-W37,validation,trained_blend,8,2,1000.0,125.0,125.0,-875.0,-875.0
super,威力彩,2019-W37,validation,trained_family_ensemble,8,2,1000.0,162.5,162.5,-837.5,-837.5
super,威力彩,2019-W38,validation,current_ensemble,8,2,1000.0,175.0,175.0,-825.0,-825.0
super,威力彩,2019-W38,validation,random_5,8,2,1000.0,112.5,112.5,-887.5,-887.5
super,威力彩,2019-W38,validation,trained_best_5,8,2,1000.0,150.0,150.0,-850.0,-850.0
super,威力彩,2019-W38,validation,trained_blend,8,2,1000.0,275.0,275.0,-725.0,-725.0
super,威力彩,2019-W38,validation,trained_family_ensemble,8,2,1000.0,37.5,37.5,-962.5,-962.5
super,威力彩,2019-W39,validation,current_ensemble,8,2,1000.0,237.5,237.5,-762.5,-762.5
super,威力彩,2019-W39,validation,random_5,8,2,1000.0,212.5,212.5,-787.5,-787.5
super,威力彩,2019-W39,validation,trained_best_5,8,2,1000.0,212.5,212.5,-787.5,-787.5
super,威力彩,2019-W39,validation,trained_blend,8,2,1000.0,212.5,212.5,-787.5,-787.5
super,威力彩,2019-W39,validation,trained_family_ensemble,8,2,1000.0,212.5,212.5,-787.5,-787.5
super,威力彩,2019-W40,validation,current_ensemble,8,2,1000.0,712.5,712.5,-287.5,-287.5
super,威力彩,2019-W40,validation,random_5,8,2,1000.0,700.0,700.0,-300.0,-300.0
super,威力彩,2019-W40,validation,trained_best_5,8,2,1000.0,287.5,287.5,-712.5,-712.5
super,威力彩,2019-W40,validation,trained_blend,8,2,1000.0,750.0,750.0,-250.0,-250.0
super,威力彩,2019-W40,validation,trained_family_ensemble,8,2,1000.0,737.5,737.5,-262.5,-262.5
super,威力彩,2019-W41,validation,current_ensemble,8,2,1000.0,162.5,162.5,-837.5,-837.5
super,威力彩,2019-W41,validation,random_5,8,2,1000.0,250.0,250.0,-750.0,-750.0
super,威力彩,2019-W41,validation,trained_best_5,8,2,1000.0,75.0,75.0,-925.0,-925.0
super,威力彩,2019-W41,validation,trained_blend,8,2,1000.0,187.5,187.5,-812.5,-812.5
super,威力彩,2019-W41,validation,trained_family_ensemble,8,2,1000.0,175.0,175.0,-825.0,-825.0
super,威力彩,2019-W42,validation,current_ensemble,8,2,1000.0,100.0,100.0,-900.0,-900.0
super,威力彩,2019-W42,validation,random_5,8,2,1000.0,212.5,212.5,-787.5,-787.5
super,威力彩,2019-W42,validation,trained_best_5,8,2,1000.0,112.5,112.5,-887.5,-887.5
super,威力彩,2019-W42,validation,trained_blend,8,2,1000.0,237.5,237.5,-762.5,-762.5
super,威力彩,2019-W42,validation,trained_family_ensemble,8,2,1000.0,100.0,100.0,-900.0,-900.0
super,威力彩,2019-W43,validation,current_ensemble,8,2,1000.0,112.5,112.5,-887.5,-887.5
super,威力彩,2019-W43,validation,random_5,8,2,1000.0,75.0,75.0,-925.0,-925.0
super,威力彩,2019-W43,validation,trained_best_5,8,2,1000.0,100.0,100.0,-900.0,-900.0
super,威力彩,2019-W43,validation,trained_blend,8,2,1000.0,175.0,175.0,-825.0,-825.0
super,威力彩,2019-W43,validation,trained_family_ensemble,8,2,1000.0,137.5,137.5,-862.5,-862.5
super,威力彩,2019-W44,validation,current_ensemble,8,2,1000.0,112.5,112.5,-887.5,-887.5
super,威力彩,2019-W44,validation,random_5,8,2,1000.0,112.5,112.5,-887.5,-887.5
super,威力彩,2019-W44,validation,trained_best_5,8,2,1000.0,137.5,137.5,-862.5,-862.5
super,威力彩,2019-W44,validation,trained_blend,8,2,1000.0,150.0,150.0,-850.0,-850.0
super,威力彩,2019-W44,validation,trained_family_ensemble,8,2,1000.0,137.5,137.5,-862.5,-862.5
super,威力彩,2019-W45,validation,current_ensemble,8,2,1000.0,150.0,150.0,-850.0,-850.0
super,威力彩,2019-W45,validation,random_5,8,2,1000.0,300.0,300.0,-700.0,-700.0
super,威力彩,2019-W45,validation,trained_best_5,8,2,1000.0,37.5,37.5,-962.5,-962.5
super,威力彩,2019-W45,validation,trained_blend,8,2,1000.0,250.0,250.0,-750.0,-750.0
super,威力彩,2019-W45,validation,trained_family_ensemble,8,2,1000.0,262.5,262.5,-737.5,-737.5
super,威力彩,2019-W46,validation,current_ensemble,8,2,1000.0,150.0,150.0,-850.0,-850.0
super,威力彩,2019-W46,validation,random_5,8,2,1000.0,175.0,175.0,-825.0,-825.0
super,威力彩,2019-W46,validation,trained_best_5,8,2,1000.0,200.0,200.0,-800.0,-800.0
super,威力彩,2019-W46,validation,trained_blend,8,2,1000.0,125.0,125.0,-875.0,-875.0
super,威力彩,2019-W46,validation,trained_family_ensemble,8,2,1000.0,150.0,150.0,-850.0,-850.0
super,威力彩,2019-W47,validation,current_ensemble,8,2,1000.0,100.0,100.0,-900.0,-900.0
super,威力彩,2019-W47,validation,random_5,8,2,1000.0,75.0,75.0,-925.0,-925.0
super,威力彩,2019-W47,validation,trained_best_5,8,2,1000.0,187.5,187.5,-812.5,-812.5
super,威力彩,2019-W47,validation,trained_blend,8,2,1000.0,200.0,200.0,-800.0,-800.0
super,威力彩,2019-W47,validation,trained_family_ensemble,8,2,1000.0,112.5,112.5,-887.5,-887.5
super,威力彩,2019-W48,validation,current_ensemble,8,2,1000.0,237.5,237.5,-762.5,-762.5
super,威力彩,2019-W48,validation,random_5,8,2,1000.0,225.0,225.0,-775.0,-775.0
super,威力彩,2019-W48,validation,trained_best_5,8,2,1000.0,325.0,325.0,-675.0,-675.0
super,威力彩,2019-W48,validation,trained_blend,8,2,1000.0,125.0,125.0,-875.0,-875.0
super,威力彩,2019-W48,validation,trained_family_ensemble,8,2,1000.0,762.5,762.5,-237.5,-237.5
super,威力彩,2019-W49,validation,current_ensemble,8,2,1000.0,150.0,150.0,-850.0,-850.0
super,威力彩,2019-W49,validation,random_5,8,2,1000.0,75.0,75.0,-925.0,-925.0
super,威力彩,2019-W49,validation,trained_best_5,8,2,1000.0,137.5,137.5,-862.5,-862.5
super,威力彩,2019-W49,validation,trained_blend,8,2,1000.0,87.5,87.5,-912.5,-912.5
super,威力彩,2019-W49,validation,trained_family_ensemble,8,2,1000.0,100.0,100.0,-900.0,-900.0
super,威力彩,2019-W50,validation,current_ensemble,8,2,1000.0,150.0,150.0,-850.0,-850.0
super,威力彩,2019-W50,validation,random_5,8,2,1000.0,137.5,137.5,-862.5,-862.5
super,威力彩,2019-W50,validation,trained_best_5,8,2,1000.0,162.5,162.5,-837.5,-837.5
super,威力彩,2019-W50,validation,trained_blend,8,2,1000.0,112.5,112.5,-887.5,-887.5
super,威力彩,2019-W50,validation,trained_family_ensemble,8,2,1000.0,162.5,162.5,-837.5,-837.5
super,威力彩,2019-W51,validation,current_ensemble,8,2,1000.0,150.0,150.0,-850.0,-850.0
super,威力彩,2019-W51,validation,random_5,8,2,1000.0,237.5,237.5,-762.5,-762.5
super,威力彩,2019-W51,validation,trained_best_5,8,2,1000.0,100.0,100.0,-900.0,-900.0
super,威力彩,2019-W51,validation,trained_blend,8,2,1000.0,262.5,262.5,-737.5,-737.5
super,威力彩,2019-W51,validation,trained_family_ensemble,8,2,1000.0,175.0,175.0,-825.0,-825.0
super,威力彩,2019-W52,validation,current_ensemble,8,2,1000.0,187.5,187.5,-812.5,-812.5
super,威力彩,2019-W52,validation,random_5,8,2,1000.0,125.0,125.0,-875.0,-875.0
super,威力彩,2019-W52,validation,trained_best_5,8,2,1000.0,175.0,175.0,-825.0,-825.0
super,威力彩,2019-W52,validation,trained_blend,8,2,1000.0,150.0,150.0,-850.0,-850.0
super,威力彩,2019-W52,validation,trained_family_ensemble,8,2,1000.0,237.5,237.5,-762.5,-762.5
super,威力彩,2020-W01,validation,current_ensemble,8,2,1000.0,200.0,200.0,-800.0,-800.0
super,威力彩,2020-W01,validation,random_5,8,2,1000.0,162.5,162.5,-837.5,-837.5
super,威力彩,2020-W01,validation,trained_best_5,8,2,1000.0,225.0,225.0,-775.0,-775.0
super,威力彩,2020-W01,validation,trained_blend,8,2,1000.0,150.0,150.0,-850.0,-850.0
super,威力彩,2020-W01,validation,trained_family_ensemble,8,2,1000.0,275.0,275.0,-725.0,-725.0
super,威力彩,2020-W02,validation,current_ensemble,8,2,1000.0,75.0,75.0,-925.0,-925.0
super,威力彩,2020-W02,validation,random_5,8,2,1000.0,87.5,87.5,-912.5,-912.5
super,威力彩,2020-W02,validation,trained_best_5,8,2,1000.0,50.0,50.0,-950.0,-950.0
super,威力彩,2020-W02,validation,trained_blend,8,2,1000.0,87.5,87.5,-912.5,-912.5
super,威力彩,2020-W02,validation,trained_family_ensemble,8,2,1000.0,175.0,175.0,-825.0,-825.0
super,威力彩,2020-W03,validation,current_ensemble,8,2,1000.0,375.0,375.0,-625.0,-625.0
super,威力彩,2020-W03,validation,random_5,8,2,1000.0,650.0,650.0,-350.0,-350.0
super,威力彩,2020-W03,validation,trained_best_5,8,2,1000.0,237.5,237.5,-762.5,-762.5
super,威力彩,2020-W03,validation,trained_blend,8,2,1000.0,212.5,212.5,-787.5,-787.5
super,威力彩,2020-W03,validation,trained_family_ensemble,8,2,1000.0,262.5,262.5,-737.5,-737.5
super,威力彩,2020-W04,validation,current_ensemble,8,2,1000.0,187.5,187.5,-812.5,-812.5
super,威力彩,2020-W04,validation,random_5,8,2,1000.0,125.0,125.0,-875.0,-875.0
super,威力彩,2020-W04,validation,trained_best_5,8,2,1000.0,162.5,162.5,-837.5,-837.5
super,威力彩,2020-W04,validation,trained_blend,8,2,1000.0,137.5,137.5,-862.5,-862.5
super,威力彩,2020-W04,validation,trained_family_ensemble,8,2,1000.0,125.0,125.0,-875.0,-875.0
super,威力彩,2020-W05,validation,current_ensemble,8,2,1000.0,137.5,137.5,-862.5,-862.5
super,威力彩,2020-W05,validation,random_5,8,2,1000.0,112.5,112.5,-887.5,-887.5
super,威力彩,2020-W05,validation,trained_best_5,8,2,1000.0,50.0,50.0,-950.0,-950.0
super,威力彩,2020-W05,validation,trained_blend,8,2,1000.0,175.0,175.0,-825.0,-825.0
super,威力彩,2020-W05,validation,trained_family_ensemble,8,2,1000.0,112.5,112.5,-887.5,-887.5
super,威力彩,2020-W06,validation,current_ensemble,8,2,1000.0,212.5,212.5,-787.5,-787.5
super,威力彩,2020-W06,validation,random_5,8,2,1000.0,200.0,200.0,-800.0,-800.0
super,威力彩,2020-W06,validation,trained_best_5,8,2,1000.0,112.5,112.5,-887.5,-887.5
super,威力彩,2020-W06,validation,trained_blend,8,2,1000.0,150.0,150.0,-850.0,-850.0
super,威力彩,2020-W06,validation,trained_family_ensemble,8,2,1000.0,137.5,137.5,-862.5,-862.5
super,威力彩,2020-W07,validation,current_ensemble,8,2,1000.0,137.5,137.5,-862.5,-862.5
super,威力彩,2020-W07,validation,random_5,8,2,1000.0,187.5,187.5,-812.5,-812.5
super,威力彩,2020-W07,validation,trained_best_5,8,2,1000.0,212.5,212.5,-787.5,-787.5
super,威力彩,2020-W07,validation,trained_blend,8,2,1000.0,137.5,137.5,-862.5,-862.5
super,威力彩,2020-W07,validation,trained_family_ensemble,8,2,1000.0,125.0,125.0,-875.0,-875.0
super,威力彩,2020-W08,validation,current_ensemble,8,2,1000.0,87.5,87.5,-912.5,-912.5
super,威力彩,2020-W08,validation,random_5,8,2,1000.0,150.0,150.0,-850.0,-850.0
super,威力彩,2020-W08,validation,trained_best_5,8,2,1000.0,100.0,100.0,-900.0,-900.0
super,威力彩,2020-W08,validation,trained_blend,8,2,1000.0,150.0,150.0,-850.0,-850.0
super,威力彩,2020-W08,validation,trained_family_ensemble,8,2,1000.0,625.0,625.0,-375.0,-375.0
super,威力彩,2020-W09,validation,current_ensemble,8,2,1000.0,100.0,100.0,-900.0,-900.0
super,威力彩,2020-W09,validation,random_5,8,2,1000.0,150.0,150.0,-850.0,-850.0
super,威力彩,2020-W09,validation,trained_best_5,8,2,1000.0,50.0,50.0,-950.0,-950.0
super,威力彩,2020-W09,validation,trained_blend,8,2,1000.0,137.5,137.5,-862.5,-862.5
super,威力彩,2020-W09,validation,trained_family_ensemble,8,2,1000.0,112.5,112.5,-887.5,-887.5
super,威力彩,2020-W10,validation,current_ensemble,8,2,1000.0,225.0,225.0,-775.0,-775.0
super,威力彩,2020-W10,validation,random_5,8,2,1000.0,100.0,100.0,-900.0,-900.0
super,威力彩,2020-W10,validation,trained_best_5,8,2,1000.0,175.0,175.0,-825.0,-825.0
super,威力彩,2020-W10,validation,trained_blend,8,2,1000.0,150.0,150.0,-850.0,-850.0
super,威力彩,2020-W10,validation,trained_family_ensemble,8,2,1000.0,175.0,175.0,-825.0,-825.0
super,威力彩,2020-W11,validation,current_ensemble,8,2,1000.0,275.0,275.0,-725.0,-725.0
super,威力彩,2020-W11,validation,random_5,8,2,1000.0,450.0,450.0,-550.0,-550.0
super,威力彩,2020-W11,validation,trained_best_5,8,2,1000.0,225.0,225.0,-775.0,-775.0
super,威力彩,2020-W11,validation,trained_blend,8,2,1000.0,225.0,225.0,-775.0,-775.0
super,威力彩,2020-W11,validation,trained_family_ensemble,8,2,1000.0,175.0,175.0,-825.0,-825.0
super,威力彩,2020-W12,validation,current_ensemble,8,2,1000.0,212.5,212.5,-787.5,-787.5
super,威力彩,2020-W12,validation,random_5,8,2,1000.0,175.0,175.0,-825.0,-825.0
super,威力彩,2020-W12,validation,trained_best_5,8,2,1000.0,187.5,187.5,-812.5,-812.5
super,威力彩,2020-W12,validation,trained_blend,8,2,1000.0,150.0,150.0,-850.0,-850.0
super,威力彩,2020-W12,validation,trained_family_ensemble,8,2,1000.0,262.5,262.5,-737.5,-737.5
super,威力彩,2020-W13,validation,current_ensemble,8,2,1000.0,225.0,225.0,-775.0,-775.0
super,威力彩,2020-W13,validation,random_5,8,2,1000.0,337.5,337.5,-662.5,-662.5
super,威力彩,2020-W13,validation,trained_best_5,8,2,1000.0,250.0,250.0,-750.0,-750.0
super,威力彩,2020-W13,validation,trained_blend,8,2,1000.0,275.0,275.0,-725.0,-725.0
super,威力彩,2020-W13,validation,trained_family_ensemble,8,2,1000.0,350.0,350.0,-650.0,-650.0
super,威力彩,2020-W14,validation,current_ensemble,8,2,1000.0,150.0,150.0,-850.0,-850.0
super,威力彩,2020-W14,validation,random_5,8,2,1000.0,187.5,187.5,-812.5,-812.5
super,威力彩,2020-W14,validation,trained_best_5,8,2,1000.0,137.5,137.5,-862.5,-862.5
super,威力彩,2020-W14,validation,trained_blend,8,2,1000.0,137.5,137.5,-862.5,-862.5
super,威力彩,2020-W14,validation,trained_family_ensemble,8,2,1000.0,175.0,175.0,-825.0,-825.0
super,威力彩,2020-W15,validation,current_ensemble,8,2,1000.0,37.5,37.5,-962.5,-962.5
super,威力彩,2020-W15,validation,random_5,8,2,1000.0,112.5,112.5,-887.5,-887.5
super,威力彩,2020-W15,validation,trained_best_5,8,2,1000.0,100.0,100.0,-900.0,-900.0
super,威力彩,2020-W15,validation,trained_blend,8,2,1000.0,112.5,112.5,-887.5,-887.5
super,威力彩,2020-W15,validation,trained_family_ensemble,8,2,1000.0,137.5,137.5,-862.5,-862.5
super,威力彩,2020-W16,validation,current_ensemble,8,2,1000.0,237.5,237.5,-762.5,-762.5
super,威力彩,2020-W16,validation,random_5,8,2,1000.0,237.5,237.5,-762.5,-762.5
super,威力彩,2020-W16,validation,trained_best_5,8,2,1000.0,237.5,237.5,-762.5,-762.5
super,威力彩,2020-W16,validation,trained_blend,8,2,1000.0,237.5,237.5,-762.5,-762.5
super,威力彩,2020-W16,validation,trained_family_ensemble,8,2,1000.0,200.0,200.0,-800.0,-800.0
super,威力彩,2020-W17,validation,current_ensemble,8,2,1000.0,150.0,150.0,-850.0,-850.0
super,威力彩,2020-W17,validation,random_5,8,2,1000.0,75.0,75.0,-925.0,-925.0
super,威力彩,2020-W17,validation,trained_best_5,8,2,1000.0,175.0,175.0,-825.0,-825.0
super,威力彩,2020-W17,validation,trained_blend,8,2,1000.0,87.5,87.5,-912.5,-912.5
super,威力彩,2020-W17,validation,trained_family_ensemble,8,2,1000.0,150.0,150.0,-850.0,-850.0
super,威力彩,2020-W18,validation,current_ensemble,8,2,1000.0,75.0,75.0,-925.0,-925.0
super,威力彩,2020-W18,validation,random_5,8,2,1000.0,237.5,237.5,-762.5,-762.5
super,威力彩,2020-W18,validation,trained_best_5,8,2,1000.0,50.0,50.0,-950.0,-950.0
super,威力彩,2020-W18,validation,trained_blend,8,2,1000.0,100.0,100.0,-900.0,-900.0
super,威力彩,2020-W18,validation,trained_family_ensemble,8,2,1000.0,75.0,75.0,-925.0,-925.0
super,威力彩,2020-W19,validation,current_ensemble,8,2,1000.0,112.5,112.5,-887.5,-887.5
super,威力彩,2020-W19,validation,random_5,8,2,1000.0,550.0,550.0,-450.0,-450.0
super,威力彩,2020-W19,validation,trained_best_5,8,2,1000.0,412.5,412.5,-587.5,-587.5
super,威力彩,2020-W19,validation,trained_blend,8,2,1000.0,125.0,125.0,-875.0,-875.0
super,威力彩,2020-W19,validation,trained_family_ensemble,8,2,1000.0,137.5,137.5,-862.5,-862.5
super,威力彩,2020-W20,validation,current_ensemble,8,2,1000.0,150.0,150.0,-850.0,-850.0
super,威力彩,2020-W20,validation,random_5,8,2,1000.0,125.0,125.0,-875.0,-875.0
super,威力彩,2020-W20,validation,trained_best_5,8,2,1000.0,175.0,175.0,-825.0,-825.0
super,威力彩,2020-W20,validation,trained_blend,8,2,1000.0,237.5,237.5,-762.5,-762.5
super,威力彩,2020-W20,validation,trained_family_ensemble,8,2,1000.0,287.5,287.5,-712.5,-712.5
super,威力彩,2020-W21,validation,current_ensemble,8,2,1000.0,237.5,237.5,-762.5,-762.5
super,威力彩,2020-W21,validation,random_5,8,2,1000.0,137.5,137.5,-862.5,-862.5
super,威力彩,2020-W21,validation,trained_best_5,8,2,1000.0,212.5,212.5,-787.5,-787.5
super,威力彩,2020-W21,validation,trained_blend,8,2,1000.0,125.0,125.0,-875.0,-875.0
super,威力彩,2020-W21,validation,trained_family_ensemble,8,2,1000.0,250.0,250.0,-750.0,-750.0
super,威力彩,2020-W22,validation,current_ensemble,8,2,1000.0,187.5,187.5,-812.5,-812.5
super,威力彩,2020-W22,validation,random_5,8,2,1000.0,137.5,137.5,-862.5,-862.5
super,威力彩,2020-W22,validation,trained_best_5,8,2,1000.0,262.5,262.5,-737.5,-737.5
super,威力彩,2020-W22,validation,trained_blend,8,2,1000.0,100.0,100.0,-900.0,-900.0
super,威力彩,2020-W22,validation,trained_family_ensemble,8,2,1000.0,150.0,150.0,-850.0,-850.0
super,威力彩,2020-W23,validation,current_ensemble,8,2,1000.0,262.5,262.5,-737.5,-737.5
super,威力彩,2020-W23,validation,random_5,8,2,1000.0,150.0,150.0,-850.0,-850.0
super,威力彩,2020-W23,validation,trained_best_5,8,2,1000.0,262.5,262.5,-737.5,-737.5
super,威力彩,2020-W23,validation,trained_blend,8,2,1000.0,275.0,275.0,-725.0,-725.0
super,威力彩,2020-W23,validation,trained_family_ensemble,8,2,1000.0,275.0,275.0,-725.0,-725.0
super,威力彩,2020-W24,validation,current_ensemble,8,2,1000.0,225.0,225.0,-775.0,-775.0
super,威力彩,2020-W24,validation,random_5,8,2,1000.0,150.0,150.0,-850.0,-850.0
super,威力彩,2020-W24,validation,trained_best_5,8,2,1000.0,175.0,175.0,-825.0,-825.0
super,威力彩,2020-W24,validation,trained_blend,8,2,1000.0,237.5,237.5,-762.5,-762.5
super,威力彩,2020-W24,validation,trained_family_ensemble,8,2,1000.0,250.0,250.0,-750.0,-750.0
super,威力彩,2020-W25,validation,current_ensemble,8,2,1000.0,175.0,175.0,-825.0,-825.0
super,威力彩,2020-W25,validation,random_5,8,2,1000.0,112.5,112.5,-887.5,-887.5
super,威力彩,2020-W25,validation,trained_best_5,8,2,1000.0,250.0,250.0,-750.0,-750.0
super,威力彩,2020-W25,validation,trained_blend,8,2,1000.0,112.5,112.5,-887.5,-887.5
super,威力彩,2020-W25,validation,trained_family_ensemble,8,2,1000.0,187.5,187.5,-812.5,-812.5
super,威力彩,2020-W26,validation,current_ensemble,8,2,1000.0,287.5,287.5,-712.5,-712.5
super,威力彩,2020-W26,validation,random_5,8,2,1000.0,712.5,712.5,-287.5,-287.5
super,威力彩,2020-W26,validation,trained_best_5,8,2,1000.0,162.5,162.5,-837.5,-837.5
super,威力彩,2020-W26,validation,trained_blend,8,2,1000.0,300.0,300.0,-700.0,-700.0
super,威力彩,2020-W26,validation,trained_family_ensemble,8,2,1000.0,300.0,300.0,-700.0,-700.0
super,威力彩,2020-W27,validation,current_ensemble,8,2,1000.0,212.5,212.5,-787.5,-787.5
super,威力彩,2020-W27,validation,random_5,8,2,1000.0,125.0,125.0,-875.0,-875.0
super,威力彩,2020-W27,validation,trained_best_5,8,2,1000.0,87.5,87.5,-912.5,-912.5
super,威力彩,2020-W27,validation,trained_blend,8,2,1000.0,150.0,150.0,-850.0,-850.0
super,威力彩,2020-W27,validation,trained_family_ensemble,8,2,1000.0,150.0,150.0,-850.0,-850.0
super,威力彩,2020-W28,validation,current_ensemble,8,2,1000.0,150.0,150.0,-850.0,-850.0
super,威力彩,2020-W28,validation,random_5,8,2,1000.0,112.5,112.5,-887.5,-887.5
super,威力彩,2020-W28,validation,trained_best_5,8,2,1000.0,100.0,100.0,-900.0,-900.0
super,威力彩,2020-W28,validation,trained_blend,8,2,1000.0,125.0,125.0,-875.0,-875.0
super,威力彩,2020-W28,validation,trained_family_ensemble,8,2,1000.0,75.0,75.0,-925.0,-925.0
super,威力彩,2020-W29,validation,current_ensemble,8,2,1000.0,237.5,237.5,-762.5,-762.5
super,威力彩,2020-W29,validation,random_5,8,2,1000.0,150.0,150.0,-850.0,-850.0
super,威力彩,2020-W29,validation,trained_best_5,8,2,1000.0,150.0,150.0,-850.0,-850.0
super,威力彩,2020-W29,validation,trained_blend,8,2,1000.0,150.0,150.0,-850.0,-850.0
super,威力彩,2020-W29,validation,trained_family_ensemble,8,2,1000.0,175.0,175.0,-825.0,-825.0
super,威力彩,2020-W30,validation,current_ensemble,8,2,1000.0,275.0,275.0,-725.0,-725.0
super,威力彩,2020-W30,validation,random_5,8,2,1000.0,175.0,175.0,-825.0,-825.0
super,威力彩,2020-W30,validation,trained_best_5,8,2,1000.0,325.0,325.0,-675.0,-675.0
super,威力彩,2020-W30,validation,trained_blend,8,2,1000.0,162.5,162.5,-837.5,-837.5
super,威力彩,2020-W30,validation,trained_family_ensemble,8,2,1000.0,200.0,200.0,-800.0,-800.0
super,威力彩,2020-W31,validation,current_ensemble,8,2,1000.0,150.0,150.0,-850.0,-850.0
super,威力彩,2020-W31,validation,random_5,8,2,1000.0,187.5,187.5,-812.5,-812.5
super,威力彩,2020-W31,validation,trained_best_5,8,2,1000.0,87.5,87.5,-912.5,-912.5
super,威力彩,2020-W31,validation,trained_blend,8,2,1000.0,225.0,225.0,-775.0,-775.0
super,威力彩,2020-W31,validation,trained_family_ensemble,8,2,1000.0,137.5,137.5,-862.5,-862.5
super,威力彩,2020-W32,validation,current_ensemble,8,2,1000.0,187.5,187.5,-812.5,-812.5
super,威力彩,2020-W32,validation,random_5,8,2,1000.0,200.0,200.0,-800.0,-800.0
super,威力彩,2020-W32,validation,trained_best_5,8,2,1000.0,150.0,150.0,-850.0,-850.0
super,威力彩,2020-W32,validation,trained_blend,8,2,1000.0,162.5,162.5,-837.5,-837.5
super,威力彩,2020-W32,validation,trained_family_ensemble,8,2,1000.0,225.0,225.0,-775.0,-775.0
super,威力彩,2020-W33,validation,current_ensemble,8,2,1000.0,175.0,175.0,-825.0,-825.0
super,威力彩,2020-W33,validation,random_5,8,2,1000.0,125.0,125.0,-875.0,-875.0
super,威力彩,2020-W33,validation,trained_best_5,8,2,1000.0,200.0,200.0,-800.0,-800.0
super,威力彩,2020-W33,validation,trained_blend,8,2,1000.0,125.0,125.0,-875.0,-875.0
super,威力彩,2020-W33,validation,trained_family_ensemble,8,2,1000.0,112.5,112.5,-887.5,-887.5
super,威力彩,2020-W34,validation,current_ensemble,8,2,1000.0,275.0,275.0,-725.0,-725.0
super,威力彩,2020-W34,validation,random_5,8,2,1000.0,125.0,125.0,-875.0,-875.0
super,威力彩,2020-W34,validation,trained_best_5,8,2,1000.0,175.0,175.0,-825.0,-825.0
super,威力彩,2020-W34,validation,trained_blend,8,2,1000.0,100.0,100.0,-900.0,-900.0
super,威力彩,2020-W34,validation,trained_family_ensemble,8,2,1000.0,212.5,212.5,-787.5,-787.5
super,威力彩,2020-W35,validation,current_ensemble,8,2,1000.0,175.0,175.0,-825.0,-825.0
super,威力彩,2020-W35,validation,random_5,8,2,1000.0,725.0,725.0,-275.0,-275.0
super,威力彩,2020-W35,validation,trained_best_5,8,2,1000.0,162.5,162.5,-837.5,-837.5
super,威力彩,2020-W35,validation,trained_blend,8,2,1000.0,162.5,162.5,-837.5,-837.5
super,威力彩,2020-W35,validation,trained_family_ensemble,8,2,1000.0,112.5,112.5,-887.5,-887.5
super,威力彩,2020-W36,validation,current_ensemble,8,2,1000.0,237.5,237.5,-762.5,-762.5
super,威力彩,2020-W36,validation,random_5,8,2,1000.0,187.5,187.5,-812.5,-812.5
super,威力彩,2020-W36,validation,trained_best_5,8,2,1000.0,387.5,387.5,-612.5,-612.5
super,威力彩,2020-W36,validation,trained_blend,8,2,1000.0,225.0,225.0,-775.0,-775.0
super,威力彩,2020-W36,validation,trained_family_ensemble,8,2,1000.0,187.5,187.5,-812.5,-812.5
super,威力彩,2020-W37,validation,current_ensemble,8,2,1000.0,150.0,150.0,-850.0,-850.0
super,威力彩,2020-W37,validation,random_5,8,2,1000.0,87.5,87.5,-912.5,-912.5
super,威力彩,2020-W37,validation,trained_best_5,8,2,1000.0,137.5,137.5,-862.5,-862.5
super,威力彩,2020-W37,validation,trained_blend,8,2,1000.0,87.5,87.5,-912.5,-912.5
super,威力彩,2020-W37,validation,trained_family_ensemble,8,2,1000.0,162.5,162.5,-837.5,-837.5
super,威力彩,2020-W38,validation,current_ensemble,8,2,1000.0,275.0,275.0,-725.0,-725.0
super,威力彩,2020-W38,validation,random_5,8,2,1000.0,175.0,175.0,-825.0,-825.0
super,威力彩,2020-W38,validation,trained_best_5,8,2,1000.0,25.0,25.0,-975.0,-975.0
super,威力彩,2020-W38,validation,trained_blend,8,2,1000.0,287.5,287.5,-712.5,-712.5
super,威力彩,2020-W38,validation,trained_family_ensemble,8,2,1000.0,287.5,287.5,-712.5,-712.5
super,威力彩,2020-W39,validation,current_ensemble,8,2,1000.0,100.0,100.0,-900.0,-900.0
super,威力彩,2020-W39,validation,random_5,8,2,1000.0,225.0,225.0,-775.0,-775.0
super,威力彩,2020-W39,validation,trained_best_5,8,2,1000.0,137.5,137.5,-862.5,-862.5
super,威力彩,2020-W39,validation,trained_blend,8,2,1000.0,75.0,75.0,-925.0,-925.0
super,威力彩,2020-W39,validation,trained_family_ensemble,8,2,1000.0,162.5,162.5,-837.5,-837.5
super,威力彩,2020-W40,validation,current_ensemble,8,2,1000.0,125.0,125.0,-875.0,-875.0
super,威力彩,2020-W40,validation,random_5,8,2,1000.0,237.5,237.5,-762.5,-762.5
super,威力彩,2020-W40,validation,trained_best_5,8,2,1000.0,87.5,87.5,-912.5,-912.5
super,威力彩,2020-W40,validation,trained_blend,8,2,1000.0,212.5,212.5,-787.5,-787.5
super,威力彩,2020-W40,validation,trained_family_ensemble,8,2,1000.0,137.5,137.5,-862.5,-862.5
super,威力彩,2020-W41,validation,current_ensemble,8,2,1000.0,287.5,287.5,-712.5,-712.5
super,威力彩,2020-W41,validation,random_5,8,2,1000.0,125.0,125.0,-875.0,-875.0
super,威力彩,2020-W41,validation,trained_best_5,8,2,1000.0,150.0,150.0,-850.0,-850.0
super,威力彩,2020-W41,validation,trained_blend,8,2,1000.0,200.0,200.0,-800.0,-800.0
super,威力彩,2020-W41,validation,trained_family_ensemble,8,2,1000.0,312.5,312.5,-687.5,-687.5
super,威力彩,2020-W42,validation,current_ensemble,8,2,1000.0,162.5,162.5,-837.5,-837.5
super,威力彩,2020-W42,validation,random_5,8,2,1000.0,250.0,250.0,-750.0,-750.0
super,威力彩,2020-W42,validation,trained_best_5,8,2,1000.0,162.5,162.5,-837.5,-837.5
super,威力彩,2020-W42,validation,trained_blend,8,2,1000.0,150.0,150.0,-850.0,-850.0
super,威力彩,2020-W42,validation,trained_family_ensemble,8,2,1000.0,375.0,375.0,-625.0,-625.0
super,威力彩,2020-W43,validation,current_ensemble,8,2,1000.0,125.0,125.0,-875.0,-875.0
super,威力彩,2020-W43,validation,random_5,8,2,1000.0,225.0,225.0,-775.0,-775.0
super,威力彩,2020-W43,validation,trained_best_5,8,2,1000.0,62.5,62.5,-937.5,-937.5
super,威力彩,2020-W43,validation,trained_blend,8,2,1000.0,187.5,187.5,-812.5,-812.5
super,威力彩,2020-W43,validation,trained_family_ensemble,8,2,1000.0,162.5,162.5,-837.5,-837.5
super,威力彩,2020-W44,validation,current_ensemble,8,2,1000.0,125.0,125.0,-875.0,-875.0
super,威力彩,2020-W44,validation,random_5,8,2,1000.0,112.5,112.5,-887.5,-887.5
super,威力彩,2020-W44,validation,trained_best_5,8,2,1000.0,87.5,87.5,-912.5,-912.5
super,威力彩,2020-W44,validation,trained_blend,8,2,1000.0,125.0,125.0,-875.0,-875.0
super,威力彩,2020-W44,validation,trained_family_ensemble,8,2,1000.0,112.5,112.5,-887.5,-887.5
super,威力彩,2020-W45,validation,current_ensemble,8,2,1000.0,75.0,75.0,-925.0,-925.0
super,威力彩,2020-W45,validation,random_5,8,2,1000.0,137.5,137.5,-862.5,-862.5
super,威力彩,2020-W45,validation,trained_best_5,8,2,1000.0,62.5,62.5,-937.5,-937.5
super,威力彩,2020-W45,validation,trained_blend,8,2,1000.0,112.5,112.5,-887.5,-887.5
super,威力彩,2020-W45,validation,trained_family_ensemble,8,2,1000.0,75.0,75.0,-925.0,-925.0
super,威力彩,2020-W46,validation,current_ensemble,8,2,1000.0,125.0,125.0,-875.0,-875.0
super,威力彩,2020-W46,validation,random_5,8,2,1000.0,137.5,137.5,-862.5,-862.5
super,威力彩,2020-W46,validation,trained_best_5,8,2,1000.0,87.5,87.5,-912.5,-912.5
super,威力彩,2020-W46,validation,trained_blend,8,2,1000.0,75.0,75.0,-925.0,-925.0
super,威力彩,2020-W46,validation,trained_family_ensemble,8,2,1000.0,162.5,162.5,-837.5,-837.5
super,威力彩,2020-W47,validation,current_ensemble,8,2,1000.0,187.5,187.5,-812.5,-812.5
super,威力彩,2020-W47,validation,random_5,8,2,1000.0,212.5,212.5,-787.5,-787.5
super,威力彩,2020-W47,validation,trained_best_5,8,2,1000.0,300.0,300.0,-700.0,-700.0
super,威力彩,2020-W47,validation,trained_blend,8,2,1000.0,200.0,200.0,-800.0,-800.0
super,威力彩,2020-W47,validation,trained_family_ensemble,8,2,1000.0,175.0,175.0,-825.0,-825.0
super,威力彩,2020-W48,validation,current_ensemble,8,2,1000.0,125.0,125.0,-875.0,-875.0
super,威力彩,2020-W48,validation,random_5,8,2,1000.0,275.0,275.0,-725.0,-725.0
super,威力彩,2020-W48,validation,trained_best_5,8,2,1000.0,50.0,50.0,-950.0,-950.0
super,威力彩,2020-W48,validation,trained_blend,8,2,1000.0,262.5,262.5,-737.5,-737.5
super,威力彩,2020-W48,validation,trained_family_ensemble,8,2,1000.0,75.0,75.0,-925.0,-925.0
super,威力彩,2020-W49,validation,current_ensemble,8,2,1000.0,2650.0,2650.0,1650.0,1650.0
super,威力彩,2020-W49,validation,random_5,8,2,1000.0,162.5,162.5,-837.5,-837.5
super,威力彩,2020-W49,validation,trained_best_5,8,2,1000.0,300.0,300.0,-700.0,-700.0
super,威力彩,2020-W49,validation,trained_blend,8,2,1000.0,112.5,112.5,-887.5,-887.5
super,威力彩,2020-W49,validation,trained_family_ensemble,8,2,1000.0,212.5,212.5,-787.5,-787.5
super,威力彩,2020-W50,validation,current_ensemble,8,2,1000.0,50.0,50.0,-950.0,-950.0
super,威力彩,2020-W50,validation,random_5,8,2,1000.0,50.0,50.0,-950.0,-950.0
super,威力彩,2020-W50,validation,trained_best_5,8,2,1000.0,62.5,62.5,-937.5,-937.5
super,威力彩,2020-W50,validation,trained_blend,8,2,1000.0,25.0,25.0,-975.0,-975.0
super,威力彩,2020-W50,validation,trained_family_ensemble,8,2,1000.0,62.5,62.5,-937.5,-937.5
super,威力彩,2020-W51,validation,current_ensemble,8,2,1000.0,162.5,162.5,-837.5,-837.5
super,威力彩,2020-W51,validation,random_5,8,2,1000.0,137.5,137.5,-862.5,-862.5
super,威力彩,2020-W51,validation,trained_best_5,8,2,1000.0,112.5,112.5,-887.5,-887.5
super,威力彩,2020-W51,validation,trained_blend,8,2,1000.0,125.0,125.0,-875.0,-875.0
super,威力彩,2020-W51,validation,trained_family_ensemble,8,2,1000.0,187.5,187.5,-812.5,-812.5
super,威力彩,2020-W52,validation,current_ensemble,8,2,1000.0,287.5,287.5,-712.5,-712.5
super,威力彩,2020-W52,validation,random_5,8,2,1000.0,187.5,187.5,-812.5,-812.5
super,威力彩,2020-W52,validation,trained_best_5,8,2,1000.0,112.5,112.5,-887.5,-887.5
super,威力彩,2020-W52,validation,trained_blend,8,2,1000.0,200.0,200.0,-800.0,-800.0
super,威力彩,2020-W52,validation,trained_family_ensemble,8,2,1000.0,287.5,287.5,-712.5,-712.5
super,威力彩,2020-W53,validation,current_ensemble,8,2,1000.0,687.5,687.5,-312.5,-312.5
super,威力彩,2020-W53,validation,random_5,8,2,1000.0,225.0,225.0,-775.0,-775.0
super,威力彩,2020-W53,validation,trained_best_5,8,2,1000.0,425.0,425.0,-575.0,-575.0
super,威力彩,2020-W53,validation,trained_blend,8,2,1000.0,137.5,137.5,-862.5,-862.5
super,威力彩,2020-W53,validation,trained_family_ensemble,8,2,1000.0,250.0,250.0,-750.0,-750.0
super,威力彩,2021-W01,validation,current_ensemble,8,2,1000.0,87.5,87.5,-912.5,-912.5
super,威力彩,2021-W01,validation,random_5,8,2,1000.0,75.0,75.0,-925.0,-925.0
super,威力彩,2021-W01,validation,trained_best_5,8,2,1000.0,50.0,50.0,-950.0,-950.0
super,威力彩,2021-W01,validation,trained_blend,8,2,1000.0,87.5,87.5,-912.5,-912.5
super,威力彩,2021-W01,validation,trained_family_ensemble,8,2,1000.0,112.5,112.5,-887.5,-887.5
super,威力彩,2021-W02,validation,current_ensemble,8,2,1000.0,87.5,87.5,-912.5,-912.5
super,威力彩,2021-W02,validation,random_5,8,2,1000.0,225.0,225.0,-775.0,-775.0
super,威力彩,2021-W02,validation,trained_best_5,8,2,1000.0,50.0,50.0,-950.0,-950.0
super,威力彩,2021-W02,validation,trained_blend,8,2,1000.0,137.5,137.5,-862.5,-862.5
super,威力彩,2021-W02,validation,trained_family_ensemble,8,2,1000.0,50.0,50.0,-950.0,-950.0
super,威力彩,2021-W03,validation,current_ensemble,8,2,1000.0,250.0,250.0,-750.0,-750.0
super,威力彩,2021-W03,validation,random_5,8,2,1000.0,112.5,112.5,-887.5,-887.5
super,威力彩,2021-W03,validation,trained_best_5,8,2,1000.0,237.5,237.5,-762.5,-762.5
super,威力彩,2021-W03,validation,trained_blend,8,2,1000.0,162.5,162.5,-837.5,-837.5
super,威力彩,2021-W03,validation,trained_family_ensemble,8,2,1000.0,112.5,112.5,-887.5,-887.5
super,威力彩,2021-W04,validation,current_ensemble,8,2,1000.0,112.5,112.5,-887.5,-887.5
super,威力彩,2021-W04,validation,random_5,8,2,1000.0,112.5,112.5,-887.5,-887.5
super,威力彩,2021-W04,validation,trained_best_5,8,2,1000.0,212.5,212.5,-787.5,-787.5
super,威力彩,2021-W04,validation,trained_blend,8,2,1000.0,150.0,150.0,-850.0,-850.0
super,威力彩,2021-W04,validation,trained_family_ensemble,8,2,1000.0,175.0,175.0,-825.0,-825.0
super,威力彩,2021-W05,validation,current_ensemble,8,2,1000.0,175.0,175.0,-825.0,-825.0
super,威力彩,2021-W05,validation,random_5,8,2,1000.0,62.5,62.5,-937.5,-937.5
super,威力彩,2021-W05,validation,trained_best_5,8,2,1000.0,75.0,75.0,-925.0,-925.0
super,威力彩,2021-W05,validation,trained_blend,8,2,1000.0,25.0,25.0,-975.0,-975.0
super,威力彩,2021-W05,validation,trained_family_ensemble,8,2,1000.0,87.5,87.5,-912.5,-912.5
super,威力彩,2021-W06,validation,current_ensemble,8,2,1000.0,100.0,100.0,-900.0,-900.0
super,威力彩,2021-W06,validation,random_5,8,2,1000.0,137.5,137.5,-862.5,-862.5
super,威力彩,2021-W06,validation,trained_best_5,8,2,1000.0,75.0,75.0,-925.0,-925.0
super,威力彩,2021-W06,validation,trained_blend,8,2,1000.0,137.5,137.5,-862.5,-862.5
super,威力彩,2021-W06,validation,trained_family_ensemble,8,2,1000.0,112.5,112.5,-887.5,-887.5
super,威力彩,2021-W07,validation,current_ensemble,8,2,1000.0,212.5,212.5,-787.5,-787.5
super,威力彩,2021-W07,validation,random_5,8,2,1000.0,137.5,137.5,-862.5,-862.5
super,威力彩,2021-W07,validation,trained_best_5,8,2,1000.0,100.0,100.0,-900.0,-900.0
super,威力彩,2021-W07,validation,trained_blend,8,2,1000.0,225.0,225.0,-775.0,-775.0
super,威力彩,2021-W07,validation,trained_family_ensemble,8,2,1000.0,200.0,200.0,-800.0,-800.0
super,威力彩,2021-W08,validation,current_ensemble,8,2,1000.0,2650.0,2650.0,1650.0,1650.0
super,威力彩,2021-W08,validation,random_5,8,2,1000.0,200.0,200.0,-800.0,-800.0
super,威力彩,2021-W08,validation,trained_best_5,8,2,1000.0,87.5,87.5,-912.5,-912.5
super,威力彩,2021-W08,validation,trained_blend,8,2,1000.0,150.0,150.0,-850.0,-850.0
super,威力彩,2021-W08,validation,trained_family_ensemble,8,2,1000.0,237.5,237.5,-762.5,-762.5
super,威力彩,2021-W09,validation,current_ensemble,8,2,1000.0,275.0,275.0,-725.0,-725.0
super,威力彩,2021-W09,validation,random_5,8,2,1000.0,350.0,350.0,-650.0,-650.0
super,威力彩,2021-W09,validation,trained_best_5,8,2,1000.0,87.5,87.5,-912.5,-912.5
super,威力彩,2021-W09,validation,trained_blend,8,2,1000.0,412.5,412.5,-587.5,-587.5
super,威力彩,2021-W09,validation,trained_family_ensemble,8,2,1000.0,262.5,262.5,-737.5,-737.5
super,威力彩,2021-W10,validation,current_ensemble,8,2,1000.0,162.5,162.5,-837.5,-837.5
super,威力彩,2021-W10,validation,random_5,8,2,1000.0,187.5,187.5,-812.5,-812.5
super,威力彩,2021-W10,validation,trained_best_5,8,2,1000.0,162.5,162.5,-837.5,-837.5
super,威力彩,2021-W10,validation,trained_blend,8,2,1000.0,212.5,212.5,-787.5,-787.5
super,威力彩,2021-W10,validation,trained_family_ensemble,8,2,1000.0,100.0,100.0,-900.0,-900.0
super,威力彩,2021-W11,validation,current_ensemble,8,2,1000.0,212.5,212.5,-787.5,-787.5
super,威力彩,2021-W11,validation,random_5,8,2,1000.0,200.0,200.0,-800.0,-800.0
super,威力彩,2021-W11,validation,trained_best_5,8,2,1000.0,200.0,200.0,-800.0,-800.0
super,威力彩,2021-W11,validation,trained_blend,8,2,1000.0,187.5,187.5,-812.5,-812.5
super,威力彩,2021-W11,validation,trained_family_ensemble,8,2,1000.0,637.5,637.5,-362.5,-362.5
super,威力彩,2021-W12,validation,current_ensemble,8,2,1000.0,237.5,237.5,-762.5,-762.5
super,威力彩,2021-W12,validation,random_5,8,2,1000.0,650.0,650.0,-350.0,-350.0
super,威力彩,2021-W12,validation,trained_best_5,8,2,1000.0,187.5,187.5,-812.5,-812.5
super,威力彩,2021-W12,validation,trained_blend,8,2,1000.0,750.0,750.0,-250.0,-250.0
super,威力彩,2021-W12,validation,trained_family_ensemble,8,2,1000.0,312.5,312.5,-687.5,-687.5
super,威力彩,2021-W13,validation,current_ensemble,8,2,1000.0,87.5,87.5,-912.5,-912.5
super,威力彩,2021-W13,validation,random_5,8,2,1000.0,162.5,162.5,-837.5,-837.5
super,威力彩,2021-W13,validation,trained_best_5,8,2,1000.0,87.5,87.5,-912.5,-912.5
super,威力彩,2021-W13,validation,trained_blend,8,2,1000.0,100.0,100.0,-900.0,-900.0
super,威力彩,2021-W13,validation,trained_family_ensemble,8,2,1000.0,112.5,112.5,-887.5,-887.5
super,威力彩,2021-W14,validation,current_ensemble,8,2,1000.0,162.5,162.5,-837.5,-837.5
super,威力彩,2021-W14,validation,random_5,8,2,1000.0,175.0,175.0,-825.0,-825.0
super,威力彩,2021-W14,validation,trained_best_5,8,2,1000.0,100.0,100.0,-900.0,-900.0
super,威力彩,2021-W14,validation,trained_blend,8,2,1000.0,250.0,250.0,-750.0,-750.0
super,威力彩,2021-W14,validation,trained_family_ensemble,8,2,1000.0,287.5,287.5,-712.5,-712.5
super,威力彩,2021-W15,validation,current_ensemble,8,2,1000.0,225.0,225.0,-775.0,-775.0
super,威力彩,2021-W15,validation,random_5,8,2,1000.0,200.0,200.0,-800.0,-800.0
super,威力彩,2021-W15,validation,trained_best_5,8,2,1000.0,137.5,137.5,-862.5,-862.5
super,威力彩,2021-W15,validation,trained_blend,8,2,1000.0,250.0,250.0,-750.0,-750.0
super,威力彩,2021-W15,validation,trained_family_ensemble,8,2,1000.0,125.0,125.0,-875.0,-875.0
super,威力彩,2021-W16,validation,current_ensemble,8,2,1000.0,137.5,137.5,-862.5,-862.5
super,威力彩,2021-W16,validation,random_5,8,2,1000.0,237.5,237.5,-762.5,-762.5
super,威力彩,2021-W16,validation,trained_best_5,8,2,1000.0,137.5,137.5,-862.5,-862.5
super,威力彩,2021-W16,validation,trained_blend,8,2,1000.0,100.0,100.0,-900.0,-900.0
super,威力彩,2021-W16,validation,trained_family_ensemble,8,2,1000.0,125.0,125.0,-875.0,-875.0
super,威力彩,2021-W17,validation,current_ensemble,8,2,1000.0,100.0,100.0,-900.0,-900.0
super,威力彩,2021-W17,validation,random_5,8,2,1000.0,175.0,175.0,-825.0,-825.0
super,威力彩,2021-W17,validation,trained_best_5,8,2,1000.0,150.0,150.0,-850.0,-850.0
super,威力彩,2021-W17,validation,trained_blend,8,2,1000.0,237.5,237.5,-762.5,-762.5
super,威力彩,2021-W17,validation,trained_family_ensemble,8,2,1000.0,137.5,137.5,-862.5,-862.5
super,威力彩,2021-W18,validation,current_ensemble,8,2,1000.0,187.5,187.5,-812.5,-812.5
super,威力彩,2021-W18,validation,random_5,8,2,1000.0,112.5,112.5,-887.5,-887.5
super,威力彩,2021-W18,validation,trained_best_5,8,2,1000.0,250.0,250.0,-750.0,-750.0
super,威力彩,2021-W18,validation,trained_blend,8,2,1000.0,162.5,162.5,-837.5,-837.5
super,威力彩,2021-W18,validation,trained_family_ensemble,8,2,1000.0,212.5,212.5,-787.5,-787.5
super,威力彩,2021-W19,validation,current_ensemble,8,2,1000.0,212.5,212.5,-787.5,-787.5
super,威力彩,2021-W19,validation,random_5,8,2,1000.0,87.5,87.5,-912.5,-912.5
super,威力彩,2021-W19,validation,trained_best_5,8,2,1000.0,50.0,50.0,-950.0,-950.0
super,威力彩,2021-W19,validation,trained_blend,8,2,1000.0,125.0,125.0,-875.0,-875.0
super,威力彩,2021-W19,validation,trained_family_ensemble,8,2,1000.0,50.0,50.0,-950.0,-950.0
super,威力彩,2021-W20,validation,current_ensemble,8,2,1000.0,87.5,87.5,-912.5,-912.5
super,威力彩,2021-W20,validation,random_5,8,2,1000.0,50.0,50.0,-950.0,-950.0
super,威力彩,2021-W20,validation,trained_best_5,8,2,1000.0,112.5,112.5,-887.5,-887.5
super,威力彩,2021-W20,validation,trained_blend,8,2,1000.0,87.5,87.5,-912.5,-912.5
super,威力彩,2021-W20,validation,trained_family_ensemble,8,2,1000.0,162.5,162.5,-837.5,-837.5
super,威力彩,2021-W21,validation,current_ensemble,8,2,1000.0,175.0,175.0,-825.0,-825.0
super,威力彩,2021-W21,validation,random_5,8,2,1000.0,175.0,175.0,-825.0,-825.0
super,威力彩,2021-W21,validation,trained_best_5,8,2,1000.0,175.0,175.0,-825.0,-825.0
super,威力彩,2021-W21,validation,trained_blend,8,2,1000.0,112.5,112.5,-887.5,-887.5
super,威力彩,2021-W21,validation,trained_family_ensemble,8,2,1000.0,75.0,75.0,-925.0,-925.0
super,威力彩,2021-W22,validation,current_ensemble,8,2,1000.0,175.0,175.0,-825.0,-825.0
super,威力彩,2021-W22,validation,random_5,8,2,1000.0,50.0,50.0,-950.0,-950.0
super,威力彩,2021-W22,validation,trained_best_5,8,2,1000.0,637.5,637.5,-362.5,-362.5
super,威力彩,2021-W22,validation,trained_blend,8,2,1000.0,537.5,537.5,-462.5,-462.5
super,威力彩,2021-W22,validation,trained_family_ensemble,8,2,1000.0,125.0,125.0,-875.0,-875.0
super,威力彩,2021-W23,validation,current_ensemble,8,2,1000.0,137.5,137.5,-862.5,-862.5
super,威力彩,2021-W23,validation,random_5,8,2,1000.0,137.5,137.5,-862.5,-862.5
super,威力彩,2021-W23,validation,trained_best_5,8,2,1000.0,162.5,162.5,-837.5,-837.5
super,威力彩,2021-W23,validation,trained_blend,8,2,1000.0,212.5,212.5,-787.5,-787.5
super,威力彩,2021-W23,validation,trained_family_ensemble,8,2,1000.0,137.5,137.5,-862.5,-862.5
super,威力彩,2021-W24,validation,current_ensemble,8,2,1000.0,162.5,162.5,-837.5,-837.5
super,威力彩,2021-W24,validation,random_5,8,2,1000.0,125.0,125.0,-875.0,-875.0
super,威力彩,2021-W24,validation,trained_best_5,8,2,1000.0,262.5,262.5,-737.5,-737.5
super,威力彩,2021-W24,validation,trained_blend,8,2,1000.0,87.5,87.5,-912.5,-912.5
super,威力彩,2021-W24,validation,trained_family_ensemble,8,2,1000.0,150.0,150.0,-850.0,-850.0
super,威力彩,2021-W25,validation,current_ensemble,8,2,1000.0,175.0,175.0,-825.0,-825.0
super,威力彩,2021-W25,validation,random_5,8,2,1000.0,87.5,87.5,-912.5,-912.5
super,威力彩,2021-W25,validation,trained_best_5,8,2,1000.0,137.5,137.5,-862.5,-862.5
super,威力彩,2021-W25,validation,trained_blend,8,2,1000.0,125.0,125.0,-875.0,-875.0
super,威力彩,2021-W25,validation,trained_family_ensemble,8,2,1000.0,162.5,162.5,-837.5,-837.5
super,威力彩,2021-W26,validation,current_ensemble,8,2,1000.0,175.0,175.0,-825.0,-825.0
super,威力彩,2021-W26,validation,random_5,8,2,1000.0,50.0,50.0,-950.0,-950.0
super,威力彩,2021-W26,validation,trained_best_5,8,2,1000.0,237.5,237.5,-762.5,-762.5
super,威力彩,2021-W26,validation,trained_blend,8,2,1000.0,137.5,137.5,-862.5,-862.5
super,威力彩,2021-W26,validation,trained_family_ensemble,8,2,1000.0,162.5,162.5,-837.5,-837.5
super,威力彩,2021-W27,validation,current_ensemble,8,2,1000.0,187.5,187.5,-812.5,-812.5
super,威力彩,2021-W27,validation,random_5,8,2,1000.0,262.5,262.5,-737.5,-737.5
super,威力彩,2021-W27,validation,trained_best_5,8,2,1000.0,150.0,150.0,-850.0,-850.0
super,威力彩,2021-W27,validation,trained_blend,8,2,1000.0,250.0,250.0,-750.0,-750.0
super,威力彩,2021-W27,validation,trained_family_ensemble,8,2,1000.0,187.5,187.5,-812.5,-812.5
super,威力彩,2021-W28,validation,current_ensemble,8,2,1000.0,187.5,187.5,-812.5,-812.5
super,威力彩,2021-W28,validation,random_5,8,2,1000.0,187.5,187.5,-812.5,-812.5
super,威力彩,2021-W28,validation,trained_best_5,8,2,1000.0,187.5,187.5,-812.5,-812.5
super,威力彩,2021-W28,validation,trained_blend,8,2,1000.0,62.5,62.5,-937.5,-937.5
super,威力彩,2021-W28,validation,trained_family_ensemble,8,2,1000.0,287.5,287.5,-712.5,-712.5
super,威力彩,2021-W29,validation,current_ensemble,8,2,1000.0,187.5,187.5,-812.5,-812.5
super,威力彩,2021-W29,validation,random_5,8,2,1000.0,150.0,150.0,-850.0,-850.0
super,威力彩,2021-W29,validation,trained_best_5,8,2,1000.0,700.0,700.0,-300.0,-300.0
super,威力彩,2021-W29,validation,trained_blend,8,2,1000.0,250.0,250.0,-750.0,-750.0
super,威力彩,2021-W29,validation,trained_family_ensemble,8,2,1000.0,212.5,212.5,-787.5,-787.5
super,威力彩,2021-W30,validation,current_ensemble,8,2,1000.0,250.0,250.0,-750.0,-750.0
super,威力彩,2021-W30,validation,random_5,8,2,1000.0,212.5,212.5,-787.5,-787.5
super,威力彩,2021-W30,validation,trained_best_5,8,2,1000.0,150.0,150.0,-850.0,-850.0
super,威力彩,2021-W30,validation,trained_blend,8,2,1000.0,62.5,62.5,-937.5,-937.5
super,威力彩,2021-W30,validation,trained_family_ensemble,8,2,1000.0,125.0,125.0,-875.0,-875.0
super,威力彩,2021-W31,validation,current_ensemble,8,2,1000.0,162.5,162.5,-837.5,-837.5
super,威力彩,2021-W31,validation,random_5,8,2,1000.0,275.0,275.0,-725.0,-725.0
super,威力彩,2021-W31,validation,trained_best_5,8,2,1000.0,137.5,137.5,-862.5,-862.5
super,威力彩,2021-W31,validation,trained_blend,8,2,1000.0,187.5,187.5,-812.5,-812.5
super,威力彩,2021-W31,validation,trained_family_ensemble,8,2,1000.0,137.5,137.5,-862.5,-862.5
super,威力彩,2021-W32,validation,current_ensemble,8,2,1000.0,287.5,287.5,-712.5,-712.5
super,威力彩,2021-W32,validation,random_5,8,2,1000.0,237.5,237.5,-762.5,-762.5
super,威力彩,2021-W32,validation,trained_best_5,8,2,1000.0,250.0,250.0,-750.0,-750.0
super,威力彩,2021-W32,validation,trained_blend,8,2,1000.0,850.0,850.0,-150.0,-150.0
super,威力彩,2021-W32,validation,trained_family_ensemble,8,2,1000.0,387.5,387.5,-612.5,-612.5
super,威力彩,2021-W33,validation,current_ensemble,8,2,1000.0,187.5,187.5,-812.5,-812.5
super,威力彩,2021-W33,validation,random_5,8,2,1000.0,125.0,125.0,-875.0,-875.0
super,威力彩,2021-W33,validation,trained_best_5,8,2,1000.0,262.5,262.5,-737.5,-737.5
super,威力彩,2021-W33,validation,trained_blend,8,2,1000.0,112.5,112.5,-887.5,-887.5
super,威力彩,2021-W33,validation,trained_family_ensemble,8,2,1000.0,237.5,237.5,-762.5,-762.5
super,威力彩,2021-W34,validation,current_ensemble,8,2,1000.0,287.5,287.5,-712.5,-712.5
super,威力彩,2021-W34,validation,random_5,8,2,1000.0,150.0,150.0,-850.0,-850.0
super,威力彩,2021-W34,validation,trained_best_5,8,2,1000.0,150.0,150.0,-850.0,-850.0
super,威力彩,2021-W34,validation,trained_blend,8,2,1000.0,187.5,187.5,-812.5,-812.5
super,威力彩,2021-W34,validation,trained_family_ensemble,8,2,1000.0,162.5,162.5,-837.5,-837.5
super,威力彩,2021-W35,validation,current_ensemble,8,2,1000.0,137.5,137.5,-862.5,-862.5
super,威力彩,2021-W35,validation,random_5,8,2,1000.0,125.0,125.0,-875.0,-875.0
super,威力彩,2021-W35,validation,trained_best_5,8,2,1000.0,262.5,262.5,-737.5,-737.5
super,威力彩,2021-W35,validation,trained_blend,8,2,1000.0,262.5,262.5,-737.5,-737.5
super,威力彩,2021-W35,validation,trained_family_ensemble,8,2,1000.0,125.0,125.0,-875.0,-875.0
super,威力彩,2021-W36,validation,current_ensemble,8,2,1000.0,162.5,162.5,-837.5,-837.5
super,威力彩,2021-W36,validation,random_5,8,2,1000.0,100.0,100.0,-900.0,-900.0
super,威力彩,2021-W36,validation,trained_best_5,8,2,1000.0,262.5,262.5,-737.5,-737.5
super,威力彩,2021-W36,validation,trained_blend,8,2,1000.0,75.0,75.0,-925.0,-925.0
super,威力彩,2021-W36,validation,trained_family_ensemble,8,2,1000.0,162.5,162.5,-837.5,-837.5
super,威力彩,2021-W37,validation,current_ensemble,8,2,1000.0,237.5,237.5,-762.5,-762.5
super,威力彩,2021-W37,validation,random_5,8,2,1000.0,137.5,137.5,-862.5,-862.5
super,威力彩,2021-W37,validation,trained_best_5,8,2,1000.0,175.0,175.0,-825.0,-825.0
super,威力彩,2021-W37,validation,trained_blend,8,2,1000.0,137.5,137.5,-862.5,-862.5
super,威力彩,2021-W37,validation,trained_family_ensemble,8,2,1000.0,250.0,250.0,-750.0,-750.0
super,威力彩,2021-W38,validation,current_ensemble,8,2,1000.0,162.5,162.5,-837.5,-837.5
super,威力彩,2021-W38,validation,random_5,8,2,1000.0,137.5,137.5,-862.5,-862.5
super,威力彩,2021-W38,validation,trained_best_5,8,2,1000.0,75.0,75.0,-925.0,-925.0
super,威力彩,2021-W38,validation,trained_blend,8,2,1000.0,150.0,150.0,-850.0,-850.0
super,威力彩,2021-W38,validation,trained_family_ensemble,8,2,1000.0,162.5,162.5,-837.5,-837.5
super,威力彩,2021-W39,validation,current_ensemble,8,2,1000.0,137.5,137.5,-862.5,-862.5
super,威力彩,2021-W39,validation,random_5,8,2,1000.0,212.5,212.5,-787.5,-787.5
super,威力彩,2021-W39,validation,trained_best_5,8,2,1000.0,162.5,162.5,-837.5,-837.5
super,威力彩,2021-W39,validation,trained_blend,8,2,1000.0,212.5,212.5,-787.5,-787.5
super,威力彩,2021-W39,validation,trained_family_ensemble,8,2,1000.0,150.0,150.0,-850.0,-850.0
super,威力彩,2021-W40,validation,current_ensemble,8,2,1000.0,137.5,137.5,-862.5,-862.5
super,威力彩,2021-W40,validation,random_5,8,2,1000.0,125.0,125.0,-875.0,-875.0
super,威力彩,2021-W40,validation,trained_best_5,8,2,1000.0,112.5,112.5,-887.5,-887.5
super,威力彩,2021-W40,validation,trained_blend,8,2,1000.0,87.5,87.5,-912.5,-912.5
super,威力彩,2021-W40,validation,trained_family_ensemble,8,2,1000.0,137.5,137.5,-862.5,-862.5
super,威力彩,2021-W41,validation,current_ensemble,8,2,1000.0,150.0,150.0,-850.0,-850.0
super,威力彩,2021-W41,validation,random_5,8,2,1000.0,150.0,150.0,-850.0,-850.0
super,威力彩,2021-W41,validation,trained_best_5,8,2,1000.0,37.5,37.5,-962.5,-962.5
super,威力彩,2021-W41,validation,trained_blend,8,2,1000.0,200.0,200.0,-800.0,-800.0
super,威力彩,2021-W41,validation,trained_family_ensemble,8,2,1000.0,112.5,112.5,-887.5,-887.5
super,威力彩,2021-W42,validation,current_ensemble,8,2,1000.0,125.0,125.0,-875.0,-875.0
super,威力彩,2021-W42,validation,random_5,8,2,1000.0,162.5,162.5,-837.5,-837.5
super,威力彩,2021-W42,validation,trained_best_5,8,2,1000.0,62.5,62.5,-937.5,-937.5
super,威力彩,2021-W42,validation,trained_blend,8,2,1000.0,112.5,112.5,-887.5,-887.5
super,威力彩,2021-W42,validation,trained_family_ensemble,8,2,1000.0,625.0,625.0,-375.0,-375.0
super,威力彩,2021-W43,validation,current_ensemble,8,2,1000.0,225.0,225.0,-775.0,-775.0
super,威力彩,2021-W43,validation,random_5,8,2,1000.0,100.0,100.0,-900.0,-900.0
super,威力彩,2021-W43,validation,trained_best_5,8,2,1000.0,125.0,125.0,-875.0,-875.0
super,威力彩,2021-W43,validation,trained_blend,8,2,1000.0,237.5,237.5,-762.5,-762.5
super,威力彩,2021-W43,validation,trained_family_ensemble,8,2,1000.0,150.0,150.0,-850.0,-850.0
super,威力彩,2021-W44,validation,current_ensemble,8,2,1000.0,212.5,212.5,-787.5,-787.5
super,威力彩,2021-W44,validation,random_5,8,2,1000.0,187.5,187.5,-812.5,-812.5
super,威力彩,2021-W44,validation,trained_best_5,8,2,1000.0,212.5,212.5,-787.5,-787.5
super,威力彩,2021-W44,validation,trained_blend,8,2,1000.0,162.5,162.5,-837.5,-837.5
super,威力彩,2021-W44,validation,trained_family_ensemble,8,2,1000.0,212.5,212.5,-787.5,-787.5
super,威力彩,2021-W45,validation,current_ensemble,8,2,1000.0,137.5,137.5,-862.5,-862.5
super,威力彩,2021-W45,validation,random_5,8,2,1000.0,100.0,100.0,-900.0,-900.0
super,威力彩,2021-W45,validation,trained_best_5,8,2,1000.0,112.5,112.5,-887.5,-887.5
super,威力彩,2021-W45,validation,trained_blend,8,2,1000.0,125.0,125.0,-875.0,-875.0
super,威力彩,2021-W45,validation,trained_family_ensemble,8,2,1000.0,100.0,100.0,-900.0,-900.0
super,威力彩,2021-W46,validation,current_ensemble,8,2,1000.0,200.0,200.0,-800.0,-800.0
super,威力彩,2021-W46,validation,random_5,8,2,1000.0,162.5,162.5,-837.5,-837.5
super,威力彩,2021-W46,validation,trained_best_5,8,2,1000.0,62.5,62.5,-937.5,-937.5
super,威力彩,2021-W46,validation,trained_blend,8,2,1000.0,175.0,175.0,-825.0,-825.0
super,威力彩,2021-W46,validation,trained_family_ensemble,8,2,1000.0,212.5,212.5,-787.5,-787.5
super,威力彩,2021-W47,validation,current_ensemble,8,2,1000.0,175.0,175.0,-825.0,-825.0
super,威力彩,2021-W47,validation,random_5,8,2,1000.0,187.5,187.5,-812.5,-812.5
super,威力彩,2021-W47,validation,trained_best_5,8,2,1000.0,37.5,37.5,-962.5,-962.5
super,威力彩,2021-W47,validation,trained_blend,8,2,1000.0,87.5,87.5,-912.5,-912.5
super,威力彩,2021-W47,validation,trained_family_ensemble,8,2,1000.0,87.5,87.5,-912.5,-912.5
super,威力彩,2021-W48,holdout,current_ensemble,8,2,1000.0,162.5,162.5,-837.5,-837.5
super,威力彩,2021-W48,holdout,random_5,8,2,1000.0,112.5,112.5,-887.5,-887.5
super,威力彩,2021-W48,holdout,trained_best_5,8,2,1000.0,100.0,100.0,-900.0,-900.0
super,威力彩,2021-W48,holdout,trained_blend,8,2,1000.0,187.5,187.5,-812.5,-812.5
super,威力彩,2021-W48,holdout,trained_family_ensemble,8,2,1000.0,137.5,137.5,-862.5,-862.5
super,威力彩,2021-W49,holdout,current_ensemble,8,2,1000.0,225.0,225.0,-775.0,-775.0
super,威力彩,2021-W49,holdout,random_5,8,2,1000.0,87.5,87.5,-912.5,-912.5
super,威力彩,2021-W49,holdout,trained_best_5,8,2,1000.0,262.5,262.5,-737.5,-737.5
super,威力彩,2021-W49,holdout,trained_blend,8,2,1000.0,137.5,137.5,-862.5,-862.5
super,威力彩,2021-W49,holdout,trained_family_ensemble,8,2,1000.0,262.5,262.5,-737.5,-737.5
super,威力彩,2021-W50,holdout,current_ensemble,8,2,1000.0,87.5,87.5,-912.5,-912.5
super,威力彩,2021-W50,holdout,random_5,8,2,1000.0,87.5,87.5,-912.5,-912.5
super,威力彩,2021-W50,holdout,trained_best_5,8,2,1000.0,200.0,200.0,-800.0,-800.0
super,威力彩,2021-W50,holdout,trained_blend,8,2,1000.0,75.0,75.0,-925.0,-925.0
super,威力彩,2021-W50,holdout,trained_family_ensemble,8,2,1000.0,112.5,112.5,-887.5,-887.5
super,威力彩,2021-W51,holdout,current_ensemble,8,2,1000.0,200.0,200.0,-800.0,-800.0
super,威力彩,2021-W51,holdout,random_5,8,2,1000.0,187.5,187.5,-812.5,-812.5
super,威力彩,2021-W51,holdout,trained_best_5,8,2,1000.0,250.0,250.0,-750.0,-750.0
super,威力彩,2021-W51,holdout,trained_blend,8,2,1000.0,200.0,200.0,-800.0,-800.0
super,威力彩,2021-W51,holdout,trained_family_ensemble,8,2,1000.0,162.5,162.5,-837.5,-837.5
super,威力彩,2021-W52,holdout,current_ensemble,8,2,1000.0,2612.5,2612.5,1612.5,1612.5
super,威力彩,2021-W52,holdout,random_5,8,2,1000.0,2587.5,2587.5,1587.5,1587.5
super,威力彩,2021-W52,holdout,trained_best_5,8,2,1000.0,137.5,137.5,-862.5,-862.5
super,威力彩,2021-W52,holdout,trained_blend,8,2,1000.0,2637.5,2637.5,1637.5,1637.5
super,威力彩,2021-W52,holdout,trained_family_ensemble,8,2,1000.0,2612.5,2612.5,1612.5,1612.5
super,威力彩,2022-W01,holdout,current_ensemble,8,2,1000.0,250.0,250.0,-750.0,-750.0
super,威力彩,2022-W01,holdout,random_5,8,2,1000.0,175.0,175.0,-825.0,-825.0
super,威力彩,2022-W01,holdout,trained_best_5,8,2,1000.0,137.5,137.5,-862.5,-862.5
super,威力彩,2022-W01,holdout,trained_blend,8,2,1000.0,262.5,262.5,-737.5,-737.5
super,威力彩,2022-W01,holdout,trained_family_ensemble,8,2,1000.0,225.0,225.0,-775.0,-775.0
super,威力彩,2022-W02,holdout,current_ensemble,8,2,1000.0,150.0,150.0,-850.0,-850.0
super,威力彩,2022-W02,holdout,random_5,8,2,1000.0,375.0,375.0,-625.0,-625.0
super,威力彩,2022-W02,holdout,trained_best_5,8,2,1000.0,137.5,137.5,-862.5,-862.5
super,威力彩,2022-W02,holdout,trained_blend,8,2,1000.0,137.5,137.5,-862.5,-862.5
super,威力彩,2022-W02,holdout,trained_family_ensemble,8,2,1000.0,187.5,187.5,-812.5,-812.5
super,威力彩,2022-W03,holdout,current_ensemble,8,2,1000.0,237.5,237.5,-762.5,-762.5
super,威力彩,2022-W03,holdout,random_5,8,2,1000.0,300.0,300.0,-700.0,-700.0
super,威力彩,2022-W03,holdout,trained_best_5,8,2,1000.0,250.0,250.0,-750.0,-750.0
super,威力彩,2022-W03,holdout,trained_blend,8,2,1000.0,175.0,175.0,-825.0,-825.0
super,威力彩,2022-W03,holdout,trained_family_ensemble,8,2,1000.0,225.0,225.0,-775.0,-775.0
super,威力彩,2022-W04,holdout,current_ensemble,8,2,1000.0,275.0,275.0,-725.0,-725.0
super,威力彩,2022-W04,holdout,random_5,8,2,1000.0,200.0,200.0,-800.0,-800.0
super,威力彩,2022-W04,holdout,trained_best_5,8,2,1000.0,150.0,150.0,-850.0,-850.0
super,威力彩,2022-W04,holdout,trained_blend,8,2,1000.0,200.0,200.0,-800.0,-800.0
super,威力彩,2022-W04,holdout,trained_family_ensemble,8,2,1000.0,150.0,150.0,-850.0,-850.0
super,威力彩,2022-W05,holdout,current_ensemble,8,2,1000.0,162.5,162.5,-837.5,-837.5
super,威力彩,2022-W05,holdout,random_5,8,2,1000.0,237.5,237.5,-762.5,-762.5
super,威力彩,2022-W05,holdout,trained_best_5,8,2,1000.0,75.0,75.0,-925.0,-925.0
super,威力彩,2022-W05,holdout,trained_blend,8,2,1000.0,175.0,175.0,-825.0,-825.0
super,威力彩,2022-W05,holdout,trained_family_ensemble,8,2,1000.0,150.0,150.0,-850.0,-850.0
super,威力彩,2022-W06,holdout,current_ensemble,8,2,1000.0,175.0,175.0,-825.0,-825.0
super,威力彩,2022-W06,holdout,random_5,8,2,1000.0,150.0,150.0,-850.0,-850.0
super,威力彩,2022-W06,holdout,trained_best_5,8,2,1000.0,150.0,150.0,-850.0,-850.0
super,威力彩,2022-W06,holdout,trained_blend,8,2,1000.0,112.5,112.5,-887.5,-887.5
super,威力彩,2022-W06,holdout,trained_family_ensemble,8,2,1000.0,150.0,150.0,-850.0,-850.0
super,威力彩,2022-W07,holdout,current_ensemble,8,2,1000.0,212.5,212.5,-787.5,-787.5
super,威力彩,2022-W07,holdout,random_5,8,2,1000.0,250.0,250.0,-750.0,-750.0
super,威力彩,2022-W07,holdout,trained_best_5,8,2,1000.0,250.0,250.0,-750.0,-750.0
super,威力彩,2022-W07,holdout,trained_blend,8,2,1000.0,175.0,175.0,-825.0,-825.0
super,威力彩,2022-W07,holdout,trained_family_ensemble,8,2,1000.0,175.0,175.0,-825.0,-825.0
super,威力彩,2022-W08,holdout,current_ensemble,8,2,1000.0,125.0,125.0,-875.0,-875.0
super,威力彩,2022-W08,holdout,random_5,8,2,1000.0,187.5,187.5,-812.5,-812.5
super,威力彩,2022-W08,holdout,trained_best_5,8,2,1000.0,762.5,762.5,-237.5,-237.5
super,威力彩,2022-W08,holdout,trained_blend,8,2,1000.0,75.0,75.0,-925.0,-925.0
super,威力彩,2022-W08,holdout,trained_family_ensemble,8,2,1000.0,150.0,150.0,-850.0,-850.0
super,威力彩,2022-W09,holdout,current_ensemble,8,2,1000.0,150.0,150.0,-850.0,-850.0
super,威力彩,2022-W09,holdout,random_5,8,2,1000.0,275.0,275.0,-725.0,-725.0
super,威力彩,2022-W09,holdout,trained_best_5,8,2,1000.0,100.0,100.0,-900.0,-900.0
super,威力彩,2022-W09,holdout,trained_blend,8,2,1000.0,200.0,200.0,-800.0,-800.0
super,威力彩,2022-W09,holdout,trained_family_ensemble,8,2,1000.0,275.0,275.0,-725.0,-725.0
super,威力彩,2022-W10,holdout,current_ensemble,8,2,1000.0,262.5,262.5,-737.5,-737.5
super,威力彩,2022-W10,holdout,random_5,8,2,1000.0,237.5,237.5,-762.5,-762.5
super,威力彩,2022-W10,holdout,trained_best_5,8,2,1000.0,137.5,137.5,-862.5,-862.5
super,威力彩,2022-W10,holdout,trained_blend,8,2,1000.0,275.0,275.0,-725.0,-725.0
super,威力彩,2022-W10,holdout,trained_family_ensemble,8,2,1000.0,775.0,775.0,-225.0,-225.0
super,威力彩,2022-W11,holdout,current_ensemble,8,2,1000.0,175.0,175.0,-825.0,-825.0
super,威力彩,2022-W11,holdout,random_5,8,2,1000.0,150.0,150.0,-850.0,-850.0
super,威力彩,2022-W11,holdout,trained_best_5,8,2,1000.0,812.5,812.5,-187.5,-187.5
super,威力彩,2022-W11,holdout,trained_blend,8,2,1000.0,312.5,312.5,-687.5,-687.5
super,威力彩,2022-W11,holdout,trained_family_ensemble,8,2,1000.0,200.0,200.0,-800.0,-800.0
super,威力彩,2022-W12,holdout,current_ensemble,8,2,1000.0,150.0,150.0,-850.0,-850.0
super,威力彩,2022-W12,holdout,random_5,8,2,1000.0,200.0,200.0,-800.0,-800.0
super,威力彩,2022-W12,holdout,trained_best_5,8,2,1000.0,137.5,137.5,-862.5,-862.5
super,威力彩,2022-W12,holdout,trained_blend,8,2,1000.0,87.5,87.5,-912.5,-912.5
super,威力彩,2022-W12,holdout,trained_family_ensemble,8,2,1000.0,87.5,87.5,-912.5,-912.5
super,威力彩,2022-W13,holdout,current_ensemble,8,2,1000.0,112.5,112.5,-887.5,-887.5
super,威力彩,2022-W13,holdout,random_5,8,2,1000.0,112.5,112.5,-887.5,-887.5
super,威力彩,2022-W13,holdout,trained_best_5,8,2,1000.0,225.0,225.0,-775.0,-775.0
super,威力彩,2022-W13,holdout,trained_blend,8,2,1000.0,100.0,100.0,-900.0,-900.0
super,威力彩,2022-W13,holdout,trained_family_ensemble,8,2,1000.0,312.5,312.5,-687.5,-687.5
super,威力彩,2022-W14,holdout,current_ensemble,8,2,1000.0,100.0,100.0,-900.0,-900.0
super,威力彩,2022-W14,holdout,random_5,8,2,1000.0,125.0,125.0,-875.0,-875.0
super,威力彩,2022-W14,holdout,trained_best_5,8,2,1000.0,212.5,212.5,-787.5,-787.5
super,威力彩,2022-W14,holdout,trained_blend,8,2,1000.0,125.0,125.0,-875.0,-875.0
super,威力彩,2022-W14,holdout,trained_family_ensemble,8,2,1000.0,162.5,162.5,-837.5,-837.5
super,威力彩,2022-W15,holdout,current_ensemble,8,2,1000.0,100.0,100.0,-900.0,-900.0
super,威力彩,2022-W15,holdout,random_5,8,2,1000.0,162.5,162.5,-837.5,-837.5
super,威力彩,2022-W15,holdout,trained_best_5,8,2,1000.0,212.5,212.5,-787.5,-787.5
super,威力彩,2022-W15,holdout,trained_blend,8,2,1000.0,225.0,225.0,-775.0,-775.0
super,威力彩,2022-W15,holdout,trained_family_ensemble,8,2,1000.0,175.0,175.0,-825.0,-825.0
super,威力彩,2022-W16,holdout,current_ensemble,8,2,1000.0,225.0,225.0,-775.0,-775.0
super,威力彩,2022-W16,holdout,random_5,8,2,1000.0,112.5,112.5,-887.5,-887.5
super,威力彩,2022-W16,holdout,trained_best_5,8,2,1000.0,50.0,50.0,-950.0,-950.0
super,威力彩,2022-W16,holdout,trained_blend,8,2,1000.0,100.0,100.0,-900.0,-900.0
super,威力彩,2022-W16,holdout,trained_family_ensemble,8,2,1000.0,137.5,137.5,-862.5,-862.5
super,威力彩,2022-W17,holdout,current_ensemble,8,2,1000.0,162.5,162.5,-837.5,-837.5
super,威力彩,2022-W17,holdout,random_5,8,2,1000.0,175.0,175.0,-825.0,-825.0
super,威力彩,2022-W17,holdout,trained_best_5,8,2,1000.0,762.5,762.5,-237.5,-237.5
super,威力彩,2022-W17,holdout,trained_blend,8,2,1000.0,187.5,187.5,-812.5,-812.5
super,威力彩,2022-W17,holdout,trained_family_ensemble,8,2,1000.0,137.5,137.5,-862.5,-862.5
super,威力彩,2022-W18,holdout,current_ensemble,8,2,1000.0,237.5,237.5,-762.5,-762.5
super,威力彩,2022-W18,holdout,random_5,8,2,1000.0,225.0,225.0,-775.0,-775.0
super,威力彩,2022-W18,holdout,trained_best_5,8,2,1000.0,162.5,162.5,-837.5,-837.5
super,威力彩,2022-W18,holdout,trained_blend,8,2,1000.0,250.0,250.0,-750.0,-750.0
super,威力彩,2022-W18,holdout,trained_family_ensemble,8,2,1000.0,225.0,225.0,-775.0,-775.0
super,威力彩,2022-W19,holdout,current_ensemble,8,2,1000.0,262.5,262.5,-737.5,-737.5
super,威力彩,2022-W19,holdout,random_5,8,2,1000.0,237.5,237.5,-762.5,-762.5
super,威力彩,2022-W19,holdout,trained_best_5,8,2,1000.0,175.0,175.0,-825.0,-825.0
super,威力彩,2022-W19,holdout,trained_blend,8,2,1000.0,175.0,175.0,-825.0,-825.0
super,威力彩,2022-W19,holdout,trained_family_ensemble,8,2,1000.0,200.0,200.0,-800.0,-800.0
super,威力彩,2022-W20,holdout,current_ensemble,8,2,1000.0,112.5,112.5,-887.5,-887.5
super,威力彩,2022-W20,holdout,random_5,8,2,1000.0,212.5,212.5,-787.5,-787.5
super,威力彩,2022-W20,holdout,trained_best_5,8,2,1000.0,75.0,75.0,-925.0,-925.0
super,威力彩,2022-W20,holdout,trained_blend,8,2,1000.0,125.0,125.0,-875.0,-875.0
super,威力彩,2022-W20,holdout,trained_family_ensemble,8,2,1000.0,125.0,125.0,-875.0,-875.0
super,威力彩,2022-W21,holdout,current_ensemble,8,2,1000.0,162.5,162.5,-837.5,-837.5
super,威力彩,2022-W21,holdout,random_5,8,2,1000.0,162.5,162.5,-837.5,-837.5
super,威力彩,2022-W21,holdout,trained_best_5,8,2,1000.0,25.0,25.0,-975.0,-975.0
super,威力彩,2022-W21,holdout,trained_blend,8,2,1000.0,112.5,112.5,-887.5,-887.5
super,威力彩,2022-W21,holdout,trained_family_ensemble,8,2,1000.0,125.0,125.0,-875.0,-875.0
super,威力彩,2022-W22,holdout,current_ensemble,8,2,1000.0,200.0,200.0,-800.0,-800.0
super,威力彩,2022-W22,holdout,random_5,8,2,1000.0,162.5,162.5,-837.5,-837.5
super,威力彩,2022-W22,holdout,trained_best_5,8,2,1000.0,175.0,175.0,-825.0,-825.0
super,威力彩,2022-W22,holdout,trained_blend,8,2,1000.0,175.0,175.0,-825.0,-825.0
super,威力彩,2022-W22,holdout,trained_family_ensemble,8,2,1000.0,225.0,225.0,-775.0,-775.0
super,威力彩,2022-W23,holdout,current_ensemble,8,2,1000.0,162.5,162.5,-837.5,-837.5
super,威力彩,2022-W23,holdout,random_5,8,2,1000.0,125.0,125.0,-875.0,-875.0
super,威力彩,2022-W23,holdout,trained_best_5,8,2,1000.0,337.5,337.5,-662.5,-662.5
super,威力彩,2022-W23,holdout,trained_blend,8,2,1000.0,137.5,137.5,-862.5,-862.5
super,威力彩,2022-W23,holdout,trained_family_ensemble,8,2,1000.0,187.5,187.5,-812.5,-812.5
super,威力彩,2022-W24,holdout,current_ensemble,8,2,1000.0,187.5,187.5,-812.5,-812.5
super,威力彩,2022-W24,holdout,random_5,8,2,1000.0,87.5,87.5,-912.5,-912.5
super,威力彩,2022-W24,holdout,trained_best_5,8,2,1000.0,137.5,137.5,-862.5,-862.5
super,威力彩,2022-W24,holdout,trained_blend,8,2,1000.0,275.0,275.0,-725.0,-725.0
super,威力彩,2022-W24,holdout,trained_family_ensemble,8,2,1000.0,187.5,187.5,-812.5,-812.5
super,威力彩,2022-W25,holdout,current_ensemble,8,2,1000.0,275.0,275.0,-725.0,-725.0
super,威力彩,2022-W25,holdout,random_5,8,2,1000.0,187.5,187.5,-812.5,-812.5
super,威力彩,2022-W25,holdout,trained_best_5,8,2,1000.0,612.5,612.5,-387.5,-387.5
super,威力彩,2022-W25,holdout,trained_blend,8,2,1000.0,262.5,262.5,-737.5,-737.5
super,威力彩,2022-W25,holdout,trained_family_ensemble,8,2,1000.0,275.0,275.0,-725.0,-725.0
super,威力彩,2022-W26,holdout,current_ensemble,8,2,1000.0,212.5,212.5,-787.5,-787.5
super,威力彩,2022-W26,holdout,random_5,8,2,1000.0,200.0,200.0,-800.0,-800.0
super,威力彩,2022-W26,holdout,trained_best_5,8,2,1000.0,100.0,100.0,-900.0,-900.0
super,威力彩,2022-W26,holdout,trained_blend,8,2,1000.0,225.0,225.0,-775.0,-775.0
super,威力彩,2022-W26,holdout,trained_family_ensemble,8,2,1000.0,162.5,162.5,-837.5,-837.5
super,威力彩,2022-W27,holdout,current_ensemble,8,2,1000.0,137.5,137.5,-862.5,-862.5
super,威力彩,2022-W27,holdout,random_5,8,2,1000.0,325.0,325.0,-675.0,-675.0
super,威力彩,2022-W27,holdout,trained_best_5,8,2,1000.0,162.5,162.5,-837.5,-837.5
super,威力彩,2022-W27,holdout,trained_blend,8,2,1000.0,187.5,187.5,-812.5,-812.5
super,威力彩,2022-W27,holdout,trained_family_ensemble,8,2,1000.0,125.0,125.0,-875.0,-875.0
super,威力彩,2022-W28,holdout,current_ensemble,8,2,1000.0,200.0,200.0,-800.0,-800.0
super,威力彩,2022-W28,holdout,random_5,8,2,1000.0,150.0,150.0,-850.0,-850.0
super,威力彩,2022-W28,holdout,trained_best_5,8,2,1000.0,175.0,175.0,-825.0,-825.0
super,威力彩,2022-W28,holdout,trained_blend,8,2,1000.0,125.0,125.0,-875.0,-875.0
super,威力彩,2022-W28,holdout,trained_family_ensemble,8,2,1000.0,212.5,212.5,-787.5,-787.5
super,威力彩,2022-W29,holdout,current_ensemble,8,2,1000.0,187.5,187.5,-812.5,-812.5
super,威力彩,2022-W29,holdout,random_5,8,2,1000.0,150.0,150.0,-850.0,-850.0
super,威力彩,2022-W29,holdout,trained_best_5,8,2,1000.0,87.5,87.5,-912.5,-912.5
super,威力彩,2022-W29,holdout,trained_blend,8,2,1000.0,175.0,175.0,-825.0,-825.0
super,威力彩,2022-W29,holdout,trained_family_ensemble,8,2,1000.0,637.5,637.5,-362.5,-362.5
super,威力彩,2022-W30,holdout,current_ensemble,8,2,1000.0,162.5,162.5,-837.5,-837.5
super,威力彩,2022-W30,holdout,random_5,8,2,1000.0,150.0,150.0,-850.0,-850.0
super,威力彩,2022-W30,holdout,trained_best_5,8,2,1000.0,137.5,137.5,-862.5,-862.5
super,威力彩,2022-W30,holdout,trained_blend,8,2,1000.0,137.5,137.5,-862.5,-862.5
super,威力彩,2022-W30,holdout,trained_family_ensemble,8,2,1000.0,87.5,87.5,-912.5,-912.5
super,威力彩,2022-W31,holdout,current_ensemble,8,2,1000.0,112.5,112.5,-887.5,-887.5
super,威力彩,2022-W31,holdout,random_5,8,2,1000.0,125.0,125.0,-875.0,-875.0
super,威力彩,2022-W31,holdout,trained_best_5,8,2,1000.0,137.5,137.5,-862.5,-862.5
super,威力彩,2022-W31,holdout,trained_blend,8,2,1000.0,112.5,112.5,-887.5,-887.5
super,威力彩,2022-W31,holdout,trained_family_ensemble,8,2,1000.0,137.5,137.5,-862.5,-862.5
super,威力彩,2022-W32,holdout,current_ensemble,8,2,1000.0,187.5,187.5,-812.5,-812.5
super,威力彩,2022-W32,holdout,random_5,8,2,1000.0,75.0,75.0,-925.0,-925.0
super,威力彩,2022-W32,holdout,trained_best_5,8,2,1000.0,287.5,287.5,-712.5,-712.5
super,威力彩,2022-W32,holdout,trained_blend,8,2,1000.0,87.5,87.5,-912.5,-912.5
super,威力彩,2022-W32,holdout,trained_family_ensemble,8,2,1000.0,125.0,125.0,-875.0,-875.0
super,威力彩,2022-W33,holdout,current_ensemble,8,2,1000.0,200.0,200.0,-800.0,-800.0
super,威力彩,2022-W33,holdout,random_5,8,2,1000.0,137.5,137.5,-862.5,-862.5
super,威力彩,2022-W33,holdout,trained_best_5,8,2,1000.0,125.0,125.0,-875.0,-875.0
super,威力彩,2022-W33,holdout,trained_blend,8,2,1000.0,125.0,125.0,-875.0,-875.0
super,威力彩,2022-W33,holdout,trained_family_ensemble,8,2,1000.0,225.0,225.0,-775.0,-775.0
super,威力彩,2022-W34,holdout,current_ensemble,8,2,1000.0,237.5,237.5,-762.5,-762.5
super,威力彩,2022-W34,holdout,random_5,8,2,1000.0,162.5,162.5,-837.5,-837.5
super,威力彩,2022-W34,holdout,trained_best_5,8,2,1000.0,225.0,225.0,-775.0,-775.0
super,威力彩,2022-W34,holdout,trained_blend,8,2,1000.0,212.5,212.5,-787.5,-787.5
super,威力彩,2022-W34,holdout,trained_family_ensemble,8,2,1000.0,275.0,275.0,-725.0,-725.0
super,威力彩,2022-W35,holdout,current_ensemble,8,2,1000.0,75.0,75.0,-925.0,-925.0
super,威力彩,2022-W35,holdout,random_5,8,2,1000.0,50.0,50.0,-950.0,-950.0
super,威力彩,2022-W35,holdout,trained_best_5,8,2,1000.0,225.0,225.0,-775.0,-775.0
super,威力彩,2022-W35,holdout,trained_blend,8,2,1000.0,50.0,50.0,-950.0,-950.0
super,威力彩,2022-W35,holdout,trained_family_ensemble,8,2,1000.0,187.5,187.5,-812.5,-812.5
super,威力彩,2022-W36,holdout,current_ensemble,8,2,1000.0,200.0,200.0,-800.0,-800.0
super,威力彩,2022-W36,holdout,random_5,8,2,1000.0,150.0,150.0,-850.0,-850.0
super,威力彩,2022-W36,holdout,trained_best_5,8,2,1000.0,175.0,175.0,-825.0,-825.0
super,威力彩,2022-W36,holdout,trained_blend,8,2,1000.0,237.5,237.5,-762.5,-762.5
super,威力彩,2022-W36,holdout,trained_family_ensemble,8,2,1000.0,75.0,75.0,-925.0,-925.0
super,威力彩,2022-W37,holdout,current_ensemble,8,2,1000.0,150.0,150.0,-850.0,-850.0
super,威力彩,2022-W37,holdout,random_5,8,2,1000.0,237.5,237.5,-762.5,-762.5
super,威力彩,2022-W37,holdout,trained_best_5,8,2,1000.0,25.0,25.0,-975.0,-975.0
super,威力彩,2022-W37,holdout,trained_blend,8,2,1000.0,150.0,150.0,-850.0,-850.0
super,威力彩,2022-W37,holdout,trained_family_ensemble,8,2,1000.0,137.5,137.5,-862.5,-862.5
super,威力彩,2022-W38,holdout,current_ensemble,8,2,1000.0,100.0,100.0,-900.0,-900.0
super,威力彩,2022-W38,holdout,random_5,8,2,1000.0,150.0,150.0,-850.0,-850.0
super,威力彩,2022-W38,holdout,trained_best_5,8,2,1000.0,137.5,137.5,-862.5,-862.5
super,威力彩,2022-W38,holdout,trained_blend,8,2,1000.0,200.0,200.0,-800.0,-800.0
super,威力彩,2022-W38,holdout,trained_family_ensemble,8,2,1000.0,150.0,150.0,-850.0,-850.0
super,威力彩,2022-W39,holdout,current_ensemble,8,2,1000.0,162.5,162.5,-837.5,-837.5
super,威力彩,2022-W39,holdout,random_5,8,2,1000.0,162.5,162.5,-837.5,-837.5
super,威力彩,2022-W39,holdout,trained_best_5,8,2,1000.0,112.5,112.5,-887.5,-887.5
super,威力彩,2022-W39,holdout,trained_blend,8,2,1000.0,175.0,175.0,-825.0,-825.0
super,威力彩,2022-W39,holdout,trained_family_ensemble,8,2,1000.0,162.5,162.5,-837.5,-837.5
super,威力彩,2022-W40,holdout,current_ensemble,8,2,1000.0,187.5,187.5,-812.5,-812.5
super,威力彩,2022-W40,holdout,random_5,8,2,1000.0,112.5,112.5,-887.5,-887.5
super,威力彩,2022-W40,holdout,trained_best_5,8,2,1000.0,150.0,150.0,-850.0,-850.0
super,威力彩,2022-W40,holdout,trained_blend,8,2,1000.0,75.0,75.0,-925.0,-925.0
super,威力彩,2022-W40,holdout,trained_family_ensemble,8,2,1000.0,125.0,125.0,-875.0,-875.0
super,威力彩,2022-W41,holdout,current_ensemble,8,2,1000.0,125.0,125.0,-875.0,-875.0
super,威力彩,2022-W41,holdout,random_5,8,2,1000.0,200.0,200.0,-800.0,-800.0
super,威力彩,2022-W41,holdout,trained_best_5,8,2,1000.0,112.5,112.5,-887.5,-887.5
super,威力彩,2022-W41,holdout,trained_blend,8,2,1000.0,137.5,137.5,-862.5,-862.5
super,威力彩,2022-W41,holdout,trained_family_ensemble,8,2,1000.0,150.0,150.0,-850.0,-850.0
super,威力彩,2022-W42,holdout,current_ensemble,8,2,1000.0,137.5,137.5,-862.5,-862.5
super,威力彩,2022-W42,holdout,random_5,8,2,1000.0,87.5,87.5,-912.5,-912.5
super,威力彩,2022-W42,holdout,trained_best_5,8,2,1000.0,150.0,150.0,-850.0,-850.0
super,威力彩,2022-W42,holdout,trained_blend,8,2,1000.0,125.0,125.0,-875.0,-875.0
super,威力彩,2022-W42,holdout,trained_family_ensemble,8,2,1000.0,150.0,150.0,-850.0,-850.0
super,威力彩,2022-W43,holdout,current_ensemble,8,2,1000.0,437.5,437.5,-562.5,-562.5
super,威力彩,2022-W43,holdout,random_5,8,2,1000.0,375.0,375.0,-625.0,-625.0
super,威力彩,2022-W43,holdout,trained_best_5,8,2,1000.0,87.5,87.5,-912.5,-912.5
super,威力彩,2022-W43,holdout,trained_blend,8,2,1000.0,225.0,225.0,-775.0,-775.0
super,威力彩,2022-W43,holdout,trained_family_ensemble,8,2,1000.0,425.0,425.0,-575.0,-575.0
super,威力彩,2022-W44,holdout,current_ensemble,8,2,1000.0,112.5,112.5,-887.5,-887.5
super,威力彩,2022-W44,holdout,random_5,8,2,1000.0,100.0,100.0,-900.0,-900.0
super,威力彩,2022-W44,holdout,trained_best_5,8,2,1000.0,100.0,100.0,-900.0,-900.0
super,威力彩,2022-W44,holdout,trained_blend,8,2,1000.0,112.5,112.5,-887.5,-887.5
super,威力彩,2022-W44,holdout,trained_family_ensemble,8,2,1000.0,75.0,75.0,-925.0,-925.0
super,威力彩,2022-W45,holdout,current_ensemble,8,2,1000.0,100.0,100.0,-900.0,-900.0
super,威力彩,2022-W45,holdout,random_5,8,2,1000.0,237.5,237.5,-762.5,-762.5
super,威力彩,2022-W45,holdout,trained_best_5,8,2,1000.0,325.0,325.0,-675.0,-675.0
super,威力彩,2022-W45,holdout,trained_blend,8,2,1000.0,250.0,250.0,-750.0,-750.0
super,威力彩,2022-W45,holdout,trained_family_ensemble,8,2,1000.0,175.0,175.0,-825.0,-825.0
super,威力彩,2022-W46,holdout,current_ensemble,8,2,1000.0,287.5,287.5,-712.5,-712.5
super,威力彩,2022-W46,holdout,random_5,8,2,1000.0,275.0,275.0,-725.0,-725.0
super,威力彩,2022-W46,holdout,trained_best_5,8,2,1000.0,125.0,125.0,-875.0,-875.0
super,威力彩,2022-W46,holdout,trained_blend,8,2,1000.0,187.5,187.5,-812.5,-812.5
super,威力彩,2022-W46,holdout,trained_family_ensemble,8,2,1000.0,275.0,275.0,-725.0,-725.0
super,威力彩,2022-W47,holdout,current_ensemble,8,2,1000.0,162.5,162.5,-837.5,-837.5
super,威力彩,2022-W47,holdout,random_5,8,2,1000.0,100.0,100.0,-900.0,-900.0
super,威力彩,2022-W47,holdout,trained_best_5,8,2,1000.0,162.5,162.5,-837.5,-837.5
super,威力彩,2022-W47,holdout,trained_blend,8,2,1000.0,125.0,125.0,-875.0,-875.0
super,威力彩,2022-W47,holdout,trained_family_ensemble,8,2,1000.0,200.0,200.0,-800.0,-800.0
super,威力彩,2022-W48,holdout,current_ensemble,8,2,1000.0,187.5,187.5,-812.5,-812.5
super,威力彩,2022-W48,holdout,random_5,8,2,1000.0,112.5,112.5,-887.5,-887.5
super,威力彩,2022-W48,holdout,trained_best_5,8,2,1000.0,300.0,300.0,-700.0,-700.0
super,威力彩,2022-W48,holdout,trained_blend,8,2,1000.0,200.0,200.0,-800.0,-800.0
super,威力彩,2022-W48,holdout,trained_family_ensemble,8,2,1000.0,187.5,187.5,-812.5,-812.5
super,威力彩,2022-W49,holdout,current_ensemble,8,2,1000.0,125.0,125.0,-875.0,-875.0
super,威力彩,2022-W49,holdout,random_5,8,2,1000.0,75.0,75.0,-925.0,-925.0
super,威力彩,2022-W49,holdout,trained_best_5,8,2,1000.0,262.5,262.5,-737.5,-737.5
super,威力彩,2022-W49,holdout,trained_blend,8,2,1000.0,75.0,75.0,-925.0,-925.0
super,威力彩,2022-W49,holdout,trained_family_ensemble,8,2,1000.0,75.0,75.0,-925.0,-925.0
super,威力彩,2022-W50,holdout,current_ensemble,8,2,1000.0,137.5,137.5,-862.5,-862.5
super,威力彩,2022-W50,holdout,random_5,8,2,1000.0,250.0,250.0,-750.0,-750.0
super,威力彩,2022-W50,holdout,trained_best_5,8,2,1000.0,212.5,212.5,-787.5,-787.5
super,威力彩,2022-W50,holdout,trained_blend,8,2,1000.0,362.5,362.5,-637.5,-637.5
super,威力彩,2022-W50,holdout,trained_family_ensemble,8,2,1000.0,137.5,137.5,-862.5,-862.5
super,威力彩,2022-W51,holdout,current_ensemble,8,2,1000.0,137.5,137.5,-862.5,-862.5
super,威力彩,2022-W51,holdout,random_5,8,2,1000.0,125.0,125.0,-875.0,-875.0
super,威力彩,2022-W51,holdout,trained_best_5,8,2,1000.0,187.5,187.5,-812.5,-812.5
super,威力彩,2022-W51,holdout,trained_blend,8,2,1000.0,125.0,125.0,-875.0,-875.0
super,威力彩,2022-W51,holdout,trained_family_ensemble,8,2,1000.0,150.0,150.0,-850.0,-850.0
super,威力彩,2022-W52,holdout,current_ensemble,8,2,1000.0,125.0,125.0,-875.0,-875.0
super,威力彩,2022-W52,holdout,random_5,8,2,1000.0,175.0,175.0,-825.0,-825.0
super,威力彩,2022-W52,holdout,trained_best_5,8,2,1000.0,237.5,237.5,-762.5,-762.5
super,威力彩,2022-W52,holdout,trained_blend,8,2,1000.0,87.5,87.5,-912.5,-912.5
super,威力彩,2022-W52,holdout,trained_family_ensemble,8,2,1000.0,187.5,187.5,-812.5,-812.5
super,威力彩,2023-W01,holdout,current_ensemble,8,2,1000.0,162.5,162.5,-837.5,-837.5
super,威力彩,2023-W01,holdout,random_5,8,2,1000.0,187.5,187.5,-812.5,-812.5
super,威力彩,2023-W01,holdout,trained_best_5,8,2,1000.0,250.0,250.0,-750.0,-750.0
super,威力彩,2023-W01,holdout,trained_blend,8,2,1000.0,237.5,237.5,-762.5,-762.5
super,威力彩,2023-W01,holdout,trained_family_ensemble,8,2,1000.0,387.5,387.5,-612.5,-612.5
super,威力彩,2023-W02,holdout,current_ensemble,8,2,1000.0,50.0,50.0,-950.0,-950.0
super,威力彩,2023-W02,holdout,random_5,8,2,1000.0,62.5,62.5,-937.5,-937.5
super,威力彩,2023-W02,holdout,trained_best_5,8,2,1000.0,387.5,387.5,-612.5,-612.5
super,威力彩,2023-W02,holdout,trained_blend,8,2,1000.0,87.5,87.5,-912.5,-912.5
super,威力彩,2023-W02,holdout,trained_family_ensemble,8,2,1000.0,87.5,87.5,-912.5,-912.5
super,威力彩,2023-W03,holdout,current_ensemble,8,2,1000.0,187.5,187.5,-812.5,-812.5
super,威力彩,2023-W03,holdout,random_5,8,2,1000.0,87.5,87.5,-912.5,-912.5
super,威力彩,2023-W03,holdout,trained_best_5,8,2,1000.0,112.5,112.5,-887.5,-887.5
super,威力彩,2023-W03,holdout,trained_blend,8,2,1000.0,212.5,212.5,-787.5,-787.5
super,威力彩,2023-W03,holdout,trained_family_ensemble,8,2,1000.0,150.0,150.0,-850.0,-850.0
super,威力彩,2023-W04,holdout,current_ensemble,8,2,1000.0,87.5,87.5,-912.5,-912.5
super,威力彩,2023-W04,holdout,random_5,8,2,1000.0,87.5,87.5,-912.5,-912.5
super,威力彩,2023-W04,holdout,trained_best_5,8,2,1000.0,137.5,137.5,-862.5,-862.5
super,威力彩,2023-W04,holdout,trained_blend,8,2,1000.0,100.0,100.0,-900.0,-900.0
super,威力彩,2023-W04,holdout,trained_family_ensemble,8,2,1000.0,100.0,100.0,-900.0,-900.0
super,威力彩,2023-W05,holdout,current_ensemble,8,2,1000.0,225.0,225.0,-775.0,-775.0
super,威力彩,2023-W05,holdout,random_5,8,2,1000.0,187.5,187.5,-812.5,-812.5
super,威力彩,2023-W05,holdout,trained_best_5,8,2,1000.0,100.0,100.0,-900.0,-900.0
super,威力彩,2023-W05,holdout,trained_blend,8,2,1000.0,225.0,225.0,-775.0,-775.0
super,威力彩,2023-W05,holdout,trained_family_ensemble,8,2,1000.0,225.0,225.0,-775.0,-775.0
super,威力彩,2023-W06,holdout,current_ensemble,8,2,1000.0,200.0,200.0,-800.0,-800.0
super,威力彩,2023-W06,holdout,random_5,8,2,1000.0,225.0,225.0,-775.0,-775.0
super,威力彩,2023-W06,holdout,trained_best_5,8,2,1000.0,237.5,237.5,-762.5,-762.5
super,威力彩,2023-W06,holdout,trained_blend,8,2,1000.0,350.0,350.0,-650.0,-650.0
super,威力彩,2023-W06,holdout,trained_family_ensemble,8,2,1000.0,237.5,237.5,-762.5,-762.5
super,威力彩,2023-W07,holdout,current_ensemble,8,2,1000.0,662.5,662.5,-337.5,-337.5
super,威力彩,2023-W07,holdout,random_5,8,2,1000.0,100.0,100.0,-900.0,-900.0
super,威力彩,2023-W07,holdout,trained_best_5,8,2,1000.0,225.0,225.0,-775.0,-775.0
super,威力彩,2023-W07,holdout,trained_blend,8,2,1000.0,175.0,175.0,-825.0,-825.0
super,威力彩,2023-W07,holdout,trained_family_ensemble,8,2,1000.0,212.5,212.5,-787.5,-787.5
super,威力彩,2023-W08,holdout,current_ensemble,8,2,1000.0,212.5,212.5,-787.5,-787.5
super,威力彩,2023-W08,holdout,random_5,8,2,1000.0,175.0,175.0,-825.0,-825.0
super,威力彩,2023-W08,holdout,trained_best_5,8,2,1000.0,262.5,262.5,-737.5,-737.5
super,威力彩,2023-W08,holdout,trained_blend,8,2,1000.0,150.0,150.0,-850.0,-850.0
super,威力彩,2023-W08,holdout,trained_family_ensemble,8,2,1000.0,150.0,150.0,-850.0,-850.0
super,威力彩,2023-W09,holdout,current_ensemble,8,2,1000.0,137.5,137.5,-862.5,-862.5
super,威力彩,2023-W09,holdout,random_5,8,2,1000.0,87.5,87.5,-912.5,-912.5
super,威力彩,2023-W09,holdout,trained_best_5,8,2,1000.0,25.0,25.0,-975.0,-975.0
super,威力彩,2023-W09,holdout,trained_blend,8,2,1000.0,112.5,112.5,-887.5,-887.5
super,威力彩,2023-W09,holdout,trained_family_ensemble,8,2,1000.0,175.0,175.0,-825.0,-825.0
super,威力彩,2023-W10,holdout,current_ensemble,8,2,1000.0,212.5,212.5,-787.5,-787.5
super,威力彩,2023-W10,holdout,random_5,8,2,1000.0,87.5,87.5,-912.5,-912.5
super,威力彩,2023-W10,holdout,trained_best_5,8,2,1000.0,125.0,125.0,-875.0,-875.0
super,威力彩,2023-W10,holdout,trained_blend,8,2,1000.0,62.5,62.5,-937.5,-937.5
super,威力彩,2023-W10,holdout,trained_family_ensemble,8,2,1000.0,262.5,262.5,-737.5,-737.5
super,威力彩,2023-W11,holdout,current_ensemble,8,2,1000.0,275.0,275.0,-725.0,-725.0
super,威力彩,2023-W11,holdout,random_5,8,2,1000.0,625.0,625.0,-375.0,-375.0
super,威力彩,2023-W11,holdout,trained_best_5,8,2,1000.0,437.5,437.5,-562.5,-562.5
super,威力彩,2023-W11,holdout,trained_blend,8,2,1000.0,562.5,562.5,-437.5,-437.5
super,威力彩,2023-W11,holdout,trained_family_ensemble,8,2,1000.0,175.0,175.0,-825.0,-825.0
super,威力彩,2023-W12,holdout,current_ensemble,8,2,1000.0,137.5,137.5,-862.5,-862.5
super,威力彩,2023-W12,holdout,random_5,8,2,1000.0,150.0,150.0,-850.0,-850.0
super,威力彩,2023-W12,holdout,trained_best_5,8,2,1000.0,87.5,87.5,-912.5,-912.5
super,威力彩,2023-W12,holdout,trained_blend,8,2,1000.0,62.5,62.5,-937.5,-937.5
super,威力彩,2023-W12,holdout,trained_family_ensemble,8,2,1000.0,150.0,150.0,-850.0,-850.0
super,威力彩,2023-W13,holdout,current_ensemble,8,2,1000.0,175.0,175.0,-825.0,-825.0
super,威力彩,2023-W13,holdout,random_5,8,2,1000.0,87.5,87.5,-912.5,-912.5
super,威力彩,2023-W13,holdout,trained_best_5,8,2,1000.0,200.0,200.0,-800.0,-800.0
super,威力彩,2023-W13,holdout,trained_blend,8,2,1000.0,125.0,125.0,-875.0,-875.0
super,威力彩,2023-W13,holdout,trained_family_ensemble,8,2,1000.0,187.5,187.5,-812.5,-812.5
super,威力彩,2023-W14,holdout,current_ensemble,8,2,1000.0,75.0,75.0,-925.0,-925.0
super,威力彩,2023-W14,holdout,random_5,8,2,1000.0,100.0,100.0,-900.0,-900.0
super,威力彩,2023-W14,holdout,trained_best_5,8,2,1000.0,50.0,50.0,-950.0,-950.0
super,威力彩,2023-W14,holdout,trained_blend,8,2,1000.0,150.0,150.0,-850.0,-850.0
super,威力彩,2023-W14,holdout,trained_family_ensemble,8,2,1000.0,62.5,62.5,-937.5,-937.5
super,威力彩,2023-W15,holdout,current_ensemble,8,2,1000.0,425.0,425.0,-575.0,-575.0
super,威力彩,2023-W15,holdout,random_5,8,2,1000.0,187.5,187.5,-812.5,-812.5
super,威力彩,2023-W15,holdout,trained_best_5,8,2,1000.0,87.5,87.5,-912.5,-912.5
super,威力彩,2023-W15,holdout,trained_blend,8,2,1000.0,162.5,162.5,-837.5,-837.5
super,威力彩,2023-W15,holdout,trained_family_ensemble,8,2,1000.0,262.5,262.5,-737.5,-737.5
super,威力彩,2023-W16,holdout,current_ensemble,8,2,1000.0,162.5,162.5,-837.5,-837.5
super,威力彩,2023-W16,holdout,random_5,8,2,1000.0,500.0,500.0,-500.0,-500.0
super,威力彩,2023-W16,holdout,trained_best_5,8,2,1000.0,125.0,125.0,-875.0,-875.0
super,威力彩,2023-W16,holdout,trained_blend,8,2,1000.0,487.5,487.5,-512.5,-512.5
super,威力彩,2023-W16,holdout,trained_family_ensemble,8,2,1000.0,150.0,150.0,-850.0,-850.0
super,威力彩,2023-W17,holdout,current_ensemble,8,2,1000.0,187.5,187.5,-812.5,-812.5
super,威力彩,2023-W17,holdout,random_5,8,2,1000.0,125.0,125.0,-875.0,-875.0
super,威力彩,2023-W17,holdout,trained_best_5,8,2,1000.0,150.0,150.0,-850.0,-850.0
super,威力彩,2023-W17,holdout,trained_blend,8,2,1000.0,162.5,162.5,-837.5,-837.5
super,威力彩,2023-W17,holdout,trained_family_ensemble,8,2,1000.0,175.0,175.0,-825.0,-825.0
super,威力彩,2023-W18,holdout,current_ensemble,8,2,1000.0,112.5,112.5,-887.5,-887.5
super,威力彩,2023-W18,holdout,random_5,8,2,1000.0,175.0,175.0,-825.0,-825.0
super,威力彩,2023-W18,holdout,trained_best_5,8,2,1000.0,150.0,150.0,-850.0,-850.0
super,威力彩,2023-W18,holdout,trained_blend,8,2,1000.0,337.5,337.5,-662.5,-662.5
super,威力彩,2023-W18,holdout,trained_family_ensemble,8,2,1000.0,187.5,187.5,-812.5,-812.5
super,威力彩,2023-W19,holdout,current_ensemble,8,2,1000.0,187.5,187.5,-812.5,-812.5
super,威力彩,2023-W19,holdout,random_5,8,2,1000.0,162.5,162.5,-837.5,-837.5
super,威力彩,2023-W19,holdout,trained_best_5,8,2,1000.0,612.5,612.5,-387.5,-387.5
super,威力彩,2023-W19,holdout,trained_blend,8,2,1000.0,587.5,587.5,-412.5,-412.5
super,威力彩,2023-W19,holdout,trained_family_ensemble,8,2,1000.0,87.5,87.5,-912.5,-912.5
super,威力彩,2023-W20,holdout,current_ensemble,8,2,1000.0,187.5,187.5,-812.5,-812.5
super,威力彩,2023-W20,holdout,random_5,8,2,1000.0,75.0,75.0,-925.0,-925.0
super,威力彩,2023-W20,holdout,trained_best_5,8,2,1000.0,262.5,262.5,-737.5,-737.5
super,威力彩,2023-W20,holdout,trained_blend,8,2,1000.0,137.5,137.5,-862.5,-862.5
super,威力彩,2023-W20,holdout,trained_family_ensemble,8,2,1000.0,125.0,125.0,-875.0,-875.0
super,威力彩,2023-W21,holdout,current_ensemble,8,2,1000.0,300.0,300.0,-700.0,-700.0
super,威力彩,2023-W21,holdout,random_5,8,2,1000.0,250.0,250.0,-750.0,-750.0
super,威力彩,2023-W21,holdout,trained_best_5,8,2,1000.0,262.5,262.5,-737.5,-737.5
super,威力彩,2023-W21,holdout,trained_blend,8,2,1000.0,187.5,187.5,-812.5,-812.5
super,威力彩,2023-W21,holdout,trained_family_ensemble,8,2,1000.0,325.0,325.0,-675.0,-675.0
super,威力彩,2023-W22,holdout,current_ensemble,8,2,1000.0,212.5,212.5,-787.5,-787.5
super,威力彩,2023-W22,holdout,random_5,8,2,1000.0,162.5,162.5,-837.5,-837.5
super,威力彩,2023-W22,holdout,trained_best_5,8,2,1000.0,87.5,87.5,-912.5,-912.5
super,威力彩,2023-W22,holdout,trained_blend,8,2,1000.0,125.0,125.0,-875.0,-875.0
super,威力彩,2023-W22,holdout,trained_family_ensemble,8,2,1000.0,150.0,150.0,-850.0,-850.0
super,威力彩,2023-W23,holdout,current_ensemble,8,2,1000.0,112.5,112.5,-887.5,-887.5
super,威力彩,2023-W23,holdout,random_5,8,2,1000.0,125.0,125.0,-875.0,-875.0
super,威力彩,2023-W23,holdout,trained_best_5,8,2,1000.0,200.0,200.0,-800.0,-800.0
super,威力彩,2023-W23,holdout,trained_blend,8,2,1000.0,262.5,262.5,-737.5,-737.5
super,威力彩,2023-W23,holdout,trained_family_ensemble,8,2,1000.0,125.0,125.0,-875.0,-875.0
super,威力彩,2023-W24,holdout,current_ensemble,8,2,1000.0,175.0,175.0,-825.0,-825.0
super,威力彩,2023-W24,holdout,random_5,8,2,1000.0,150.0,150.0,-850.0,-850.0
super,威力彩,2023-W24,holdout,trained_best_5,8,2,1000.0,112.5,112.5,-887.5,-887.5
super,威力彩,2023-W24,holdout,trained_blend,8,2,1000.0,150.0,150.0,-850.0,-850.0
super,威力彩,2023-W24,holdout,trained_family_ensemble,8,2,1000.0,175.0,175.0,-825.0,-825.0
super,威力彩,2023-W25,holdout,current_ensemble,8,2,1000.0,125.0,125.0,-875.0,-875.0
super,威力彩,2023-W25,holdout,random_5,8,2,1000.0,100.0,100.0,-900.0,-900.0
super,威力彩,2023-W25,holdout,trained_best_5,8,2,1000.0,137.5,137.5,-862.5,-862.5
super,威力彩,2023-W25,holdout,trained_blend,8,2,1000.0,162.5,162.5,-837.5,-837.5
super,威力彩,2023-W25,holdout,trained_family_ensemble,8,2,1000.0,125.0,125.0,-875.0,-875.0
super,威力彩,2023-W26,holdout,current_ensemble,8,2,1000.0,150.0,150.0,-850.0,-850.0
super,威力彩,2023-W26,holdout,random_5,8,2,1000.0,112.5,112.5,-887.5,-887.5
super,威力彩,2023-W26,holdout,trained_best_5,8,2,1000.0,112.5,112.5,-887.5,-887.5
super,威力彩,2023-W26,holdout,trained_blend,8,2,1000.0,625.0,625.0,-375.0,-375.0
super,威力彩,2023-W26,holdout,trained_family_ensemble,8,2,1000.0,225.0,225.0,-775.0,-775.0
super,威力彩,2023-W27,holdout,current_ensemble,8,2,1000.0,62.5,62.5,-937.5,-937.5
super,威力彩,2023-W27,holdout,random_5,8,2,1000.0,112.5,112.5,-887.5,-887.5
super,威力彩,2023-W27,holdout,trained_best_5,8,2,1000.0,162.5,162.5,-837.5,-837.5
super,威力彩,2023-W27,holdout,trained_blend,8,2,1000.0,75.0,75.0,-925.0,-925.0
super,威力彩,2023-W27,holdout,trained_family_ensemble,8,2,1000.0,112.5,112.5,-887.5,-887.5
super,威力彩,2023-W28,holdout,current_ensemble,8,2,1000.0,150.0,150.0,-850.0,-850.0
super,威力彩,2023-W28,holdout,random_5,8,2,1000.0,125.0,125.0,-875.0,-875.0
super,威力彩,2023-W28,holdout,trained_best_5,8,2,1000.0,62.5,62.5,-937.5,-937.5
super,威力彩,2023-W28,holdout,trained_blend,8,2,1000.0,137.5,137.5,-862.5,-862.5
super,威力彩,2023-W28,holdout,trained_family_ensemble,8,2,1000.0,137.5,137.5,-862.5,-862.5
super,威力彩,2023-W29,holdout,current_ensemble,8,2,1000.0,175.0,175.0,-825.0,-825.0
super,威力彩,2023-W29,holdout,random_5,8,2,1000.0,250.0,250.0,-750.0,-750.0
super,威力彩,2023-W29,holdout,trained_best_5,8,2,1000.0,212.5,212.5,-787.5,-787.5
super,威力彩,2023-W29,holdout,trained_blend,8,2,1000.0,237.5,237.5,-762.5,-762.5
super,威力彩,2023-W29,holdout,trained_family_ensemble,8,2,1000.0,150.0,150.0,-850.0,-850.0
super,威力彩,2023-W30,holdout,current_ensemble,8,2,1000.0,100.0,100.0,-900.0,-900.0
super,威力彩,2023-W30,holdout,random_5,8,2,1000.0,187.5,187.5,-812.5,-812.5
super,威力彩,2023-W30,holdout,trained_best_5,8,2,1000.0,200.0,200.0,-800.0,-800.0
super,威力彩,2023-W30,holdout,trained_blend,8,2,1000.0,275.0,275.0,-725.0,-725.0
super,威力彩,2023-W30,holdout,trained_family_ensemble,8,2,1000.0,75.0,75.0,-925.0,-925.0
super,威力彩,2023-W31,holdout,current_ensemble,8,2,1000.0,100.0,100.0,-900.0,-900.0
super,威力彩,2023-W31,holdout,random_5,8,2,1000.0,112.5,112.5,-887.5,-887.5
super,威力彩,2023-W31,holdout,trained_best_5,8,2,1000.0,187.5,187.5,-812.5,-812.5
super,威力彩,2023-W31,holdout,trained_blend,8,2,1000.0,200.0,200.0,-800.0,-800.0
super,威力彩,2023-W31,holdout,trained_family_ensemble,8,2,1000.0,200.0,200.0,-800.0,-800.0
super,威力彩,2023-W32,holdout,current_ensemble,8,2,1000.0,262.5,262.5,-737.5,-737.5
super,威力彩,2023-W32,holdout,random_5,8,2,1000.0,262.5,262.5,-737.5,-737.5
super,威力彩,2023-W32,holdout,trained_best_5,8,2,1000.0,262.5,262.5,-737.5,-737.5
super,威力彩,2023-W32,holdout,trained_blend,8,2,1000.0,112.5,112.5,-887.5,-887.5
super,威力彩,2023-W32,holdout,trained_family_ensemble,8,2,1000.0,262.5,262.5,-737.5,-737.5
super,威力彩,2023-W33,holdout,current_ensemble,8,2,1000.0,187.5,187.5,-812.5,-812.5
super,威力彩,2023-W33,holdout,random_5,8,2,1000.0,112.5,112.5,-887.5,-887.5
super,威力彩,2023-W33,holdout,trained_best_5,8,2,1000.0,250.0,250.0,-750.0,-750.0
super,威力彩,2023-W33,holdout,trained_blend,8,2,1000.0,150.0,150.0,-850.0,-850.0
super,威力彩,2023-W33,holdout,trained_family_ensemble,8,2,1000.0,175.0,175.0,-825.0,-825.0
super,威力彩,2023-W34,holdout,current_ensemble,8,2,1000.0,700.0,700.0,-300.0,-300.0
super,威力彩,2023-W34,holdout,random_5,8,2,1000.0,787.5,787.5,-212.5,-212.5
super,威力彩,2023-W34,holdout,trained_best_5,8,2,1000.0,225.0,225.0,-775.0,-775.0
super,威力彩,2023-W34,holdout,trained_blend,8,2,1000.0,662.5,662.5,-337.5,-337.5
super,威力彩,2023-W34,holdout,trained_family_ensemble,8,2,1000.0,737.5,737.5,-262.5,-262.5
super,威力彩,2023-W35,holdout,current_ensemble,8,2,1000.0,237.5,237.5,-762.5,-762.5
super,威力彩,2023-W35,holdout,random_5,8,2,1000.0,262.5,262.5,-737.5,-737.5
super,威力彩,2023-W35,holdout,trained_best_5,8,2,1000.0,162.5,162.5,-837.5,-837.5
super,威力彩,2023-W35,holdout,trained_blend,8,2,1000.0,100.0,100.0,-900.0,-900.0
super,威力彩,2023-W35,holdout,trained_family_ensemble,8,2,1000.0,212.5,212.5,-787.5,-787.5
super,威力彩,2023-W36,holdout,current_ensemble,8,2,1000.0,125.0,125.0,-875.0,-875.0
super,威力彩,2023-W36,holdout,random_5,8,2,1000.0,137.5,137.5,-862.5,-862.5
super,威力彩,2023-W36,holdout,trained_best_5,8,2,1000.0,137.5,137.5,-862.5,-862.5
super,威力彩,2023-W36,holdout,trained_blend,8,2,1000.0,112.5,112.5,-887.5,-887.5
super,威力彩,2023-W36,holdout,trained_family_ensemble,8,2,1000.0,100.0,100.0,-900.0,-900.0
super,威力彩,2023-W37,holdout,current_ensemble,8,2,1000.0,200.0,200.0,-800.0,-800.0
super,威力彩,2023-W37,holdout,random_5,8,2,1000.0,287.5,287.5,-712.5,-712.5
super,威力彩,2023-W37,holdout,trained_best_5,8,2,1000.0,50.0,50.0,-950.0,-950.0
super,威力彩,2023-W37,holdout,trained_blend,8,2,1000.0,237.5,237.5,-762.5,-762.5
super,威力彩,2023-W37,holdout,trained_family_ensemble,8,2,1000.0,150.0,150.0,-850.0,-850.0
super,威力彩,2023-W38,holdout,current_ensemble,8,2,1000.0,87.5,87.5,-912.5,-912.5
super,威力彩,2023-W38,holdout,random_5,8,2,1000.0,112.5,112.5,-887.5,-887.5
super,威力彩,2023-W38,holdout,trained_best_5,8,2,1000.0,62.5,62.5,-937.5,-937.5
super,威力彩,2023-W38,holdout,trained_blend,8,2,1000.0,137.5,137.5,-862.5,-862.5
super,威力彩,2023-W38,holdout,trained_family_ensemble,8,2,1000.0,137.5,137.5,-862.5,-862.5
super,威力彩,2023-W39,holdout,current_ensemble,8,2,1000.0,387.5,387.5,-612.5,-612.5
super,威力彩,2023-W39,holdout,random_5,8,2,1000.0,187.5,187.5,-812.5,-812.5
super,威力彩,2023-W39,holdout,trained_best_5,8,2,1000.0,225.0,225.0,-775.0,-775.0
super,威力彩,2023-W39,holdout,trained_blend,8,2,1000.0,137.5,137.5,-862.5,-862.5
super,威力彩,2023-W39,holdout,trained_family_ensemble,8,2,1000.0,162.5,162.5,-837.5,-837.5
super,威力彩,2023-W40,holdout,current_ensemble,8,2,1000.0,187.5,187.5,-812.5,-812.5
super,威力彩,2023-W40,holdout,random_5,8,2,1000.0,375.0,375.0,-625.0,-625.0
super,威力彩,2023-W40,holdout,trained_best_5,8,2,1000.0,112.5,112.5,-887.5,-887.5
super,威力彩,2023-W40,holdout,trained_blend,8,2,1000.0,387.5,387.5,-612.5,-612.5
super,威力彩,2023-W40,holdout,trained_family_ensemble,8,2,1000.0,262.5,262.5,-737.5,-737.5
super,威力彩,2023-W41,holdout,current_ensemble,8,2,1000.0,12.5,12.5,-987.5,-987.5
super,威力彩,2023-W41,holdout,random_5,8,2,1000.0,137.5,137.5,-862.5,-862.5
super,威力彩,2023-W41,holdout,trained_best_5,8,2,1000.0,175.0,175.0,-825.0,-825.0
super,威力彩,2023-W41,holdout,trained_blend,8,2,1000.0,75.0,75.0,-925.0,-925.0
super,威力彩,2023-W41,holdout,trained_family_ensemble,8,2,1000.0,37.5,37.5,-962.5,-962.5
super,威力彩,2023-W42,holdout,current_ensemble,8,2,1000.0,137.5,137.5,-862.5,-862.5
super,威力彩,2023-W42,holdout,random_5,8,2,1000.0,162.5,162.5,-837.5,-837.5
super,威力彩,2023-W42,holdout,trained_best_5,8,2,1000.0,50.0,50.0,-950.0,-950.0
super,威力彩,2023-W42,holdout,trained_blend,8,2,1000.0,75.0,75.0,-925.0,-925.0
super,威力彩,2023-W42,holdout,trained_family_ensemble,8,2,1000.0,312.5,312.5,-687.5,-687.5
super,威力彩,2023-W43,holdout,current_ensemble,8,2,1000.0,162.5,162.5,-837.5,-837.5
super,威力彩,2023-W43,holdout,random_5,8,2,1000.0,300.0,300.0,-700.0,-700.0
super,威力彩,2023-W43,holdout,trained_best_5,8,2,1000.0,112.5,112.5,-887.5,-887.5
super,威力彩,2023-W43,holdout,trained_blend,8,2,1000.0,212.5,212.5,-787.5,-787.5
super,威力彩,2023-W43,holdout,trained_family_ensemble,8,2,1000.0,62.5,62.5,-937.5,-937.5
super,威力彩,2023-W44,holdout,current_ensemble,8,2,1000.0,125.0,125.0,-875.0,-875.0
super,威力彩,2023-W44,holdout,random_5,8,2,1000.0,187.5,187.5,-812.5,-812.5
super,威力彩,2023-W44,holdout,trained_best_5,8,2,1000.0,200.0,200.0,-800.0,-800.0
super,威力彩,2023-W44,holdout,trained_blend,8,2,1000.0,225.0,225.0,-775.0,-775.0
super,威力彩,2023-W44,holdout,trained_family_ensemble,8,2,1000.0,137.5,137.5,-862.5,-862.5
super,威力彩,2023-W45,holdout,current_ensemble,8,2,1000.0,125.0,125.0,-875.0,-875.0
super,威力彩,2023-W45,holdout,random_5,8,2,1000.0,150.0,150.0,-850.0,-850.0
super,威力彩,2023-W45,holdout,trained_best_5,8,2,1000.0,200.0,200.0,-800.0,-800.0
super,威力彩,2023-W45,holdout,trained_blend,8,2,1000.0,175.0,175.0,-825.0,-825.0
super,威力彩,2023-W45,holdout,trained_family_ensemble,8,2,1000.0,212.5,212.5,-787.5,-787.5
super,威力彩,2023-W46,holdout,current_ensemble,8,2,1000.0,1112.5,1112.5,112.5,112.5
super,威力彩,2023-W46,holdout,random_5,8,2,1000.0,675.0,675.0,-325.0,-325.0
super,威力彩,2023-W46,holdout,trained_best_5,8,2,1000.0,150.0,150.0,-850.0,-850.0
super,威力彩,2023-W46,holdout,trained_blend,8,2,1000.0,675.0,675.0,-325.0,-325.0
super,威力彩,2023-W46,holdout,trained_family_ensemble,8,2,1000.0,800.0,800.0,-200.0,-200.0
super,威力彩,2023-W47,holdout,current_ensemble,8,2,1000.0,237.5,237.5,-762.5,-762.5
super,威力彩,2023-W47,holdout,random_5,8,2,1000.0,262.5,262.5,-737.5,-737.5
super,威力彩,2023-W47,holdout,trained_best_5,8,2,1000.0,112.5,112.5,-887.5,-887.5
super,威力彩,2023-W47,holdout,trained_blend,8,2,1000.0,312.5,312.5,-687.5,-687.5
super,威力彩,2023-W47,holdout,trained_family_ensemble,8,2,1000.0,150.0,150.0,-850.0,-850.0
super,威力彩,2023-W48,holdout,current_ensemble,8,2,1000.0,187.5,187.5,-812.5,-812.5
super,威力彩,2023-W48,holdout,random_5,8,2,1000.0,162.5,162.5,-837.5,-837.5
super,威力彩,2023-W48,holdout,trained_best_5,8,2,1000.0,137.5,137.5,-862.5,-862.5
super,威力彩,2023-W48,holdout,trained_blend,8,2,1000.0,162.5,162.5,-837.5,-837.5
super,威力彩,2023-W48,holdout,trained_family_ensemble,8,2,1000.0,112.5,112.5,-887.5,-887.5
super,威力彩,2023-W49,holdout,current_ensemble,8,2,1000.0,225.0,225.0,-775.0,-775.0
super,威力彩,2023-W49,holdout,random_5,8,2,1000.0,137.5,137.5,-862.5,-862.5
super,威力彩,2023-W49,holdout,trained_best_5,8,2,1000.0,137.5,137.5,-862.5,-862.5
super,威力彩,2023-W49,holdout,trained_blend,8,2,1000.0,112.5,112.5,-887.5,-887.5
super,威力彩,2023-W49,holdout,trained_family_ensemble,8,2,1000.0,225.0,225.0,-775.0,-775.0
super,威力彩,2023-W50,holdout,current_ensemble,8,2,1000.0,112.5,112.5,-887.5,-887.5
super,威力彩,2023-W50,holdout,random_5,8,2,1000.0,175.0,175.0,-825.0,-825.0
super,威力彩,2023-W50,holdout,trained_best_5,8,2,1000.0,287.5,287.5,-712.5,-712.5
super,威力彩,2023-W50,holdout,trained_blend,8,2,1000.0,62.5,62.5,-937.5,-937.5
super,威力彩,2023-W50,holdout,trained_family_ensemble,8,2,1000.0,312.5,312.5,-687.5,-687.5
super,威力彩,2023-W51,holdout,current_ensemble,8,2,1000.0,650.0,650.0,-350.0,-350.0
super,威力彩,2023-W51,holdout,random_5,8,2,1000.0,50.0,50.0,-950.0,-950.0
super,威力彩,2023-W51,holdout,trained_best_5,8,2,1000.0,350.0,350.0,-650.0,-650.0
super,威力彩,2023-W51,holdout,trained_blend,8,2,1000.0,100.0,100.0,-900.0,-900.0
super,威力彩,2023-W51,holdout,trained_family_ensemble,8,2,1000.0,112.5,112.5,-887.5,-887.5
super,威力彩,2023-W52,holdout,current_ensemble,8,2,1000.0,212.5,212.5,-787.5,-787.5
super,威力彩,2023-W52,holdout,random_5,8,2,1000.0,137.5,137.5,-862.5,-862.5
super,威力彩,2023-W52,holdout,trained_best_5,8,2,1000.0,150.0,150.0,-850.0,-850.0
super,威力彩,2023-W52,holdout,trained_blend,8,2,1000.0,137.5,137.5,-862.5,-862.5
super,威力彩,2023-W52,holdout,trained_family_ensemble,8,2,1000.0,112.5,112.5,-887.5,-887.5
super,威力彩,2024-W01,holdout,current_ensemble,8,2,1000.0,2612.5,2612.5,1612.5,1612.5
super,威力彩,2024-W01,holdout,random_5,8,2,1000.0,175.0,175.0,-825.0,-825.0
super,威力彩,2024-W01,holdout,trained_best_5,8,2,1000.0,625.0,625.0,-375.0,-375.0
super,威力彩,2024-W01,holdout,trained_blend,8,2,1000.0,75.0,75.0,-925.0,-925.0
super,威力彩,2024-W01,holdout,trained_family_ensemble,8,2,1000.0,200.0,200.0,-800.0,-800.0
super,威力彩,2024-W02,holdout,current_ensemble,8,2,1000.0,162.5,162.5,-837.5,-837.5
super,威力彩,2024-W02,holdout,random_5,8,2,1000.0,137.5,137.5,-862.5,-862.5
super,威力彩,2024-W02,holdout,trained_best_5,8,2,1000.0,87.5,87.5,-912.5,-912.5
super,威力彩,2024-W02,holdout,trained_blend,8,2,1000.0,137.5,137.5,-862.5,-862.5
super,威力彩,2024-W02,holdout,trained_family_ensemble,8,2,1000.0,175.0,175.0,-825.0,-825.0
super,威力彩,2024-W03,holdout,current_ensemble,8,2,1000.0,150.0,150.0,-850.0,-850.0
super,威力彩,2024-W03,holdout,random_5,8,2,1000.0,125.0,125.0,-875.0,-875.0
super,威力彩,2024-W03,holdout,trained_best_5,8,2,1000.0,162.5,162.5,-837.5,-837.5
super,威力彩,2024-W03,holdout,trained_blend,8,2,1000.0,87.5,87.5,-912.5,-912.5
super,威力彩,2024-W03,holdout,trained_family_ensemble,8,2,1000.0,200.0,200.0,-800.0,-800.0
super,威力彩,2024-W04,holdout,current_ensemble,8,2,1000.0,87.5,87.5,-912.5,-912.5
super,威力彩,2024-W04,holdout,random_5,8,2,1000.0,212.5,212.5,-787.5,-787.5
super,威力彩,2024-W04,holdout,trained_best_5,8,2,1000.0,300.0,300.0,-700.0,-700.0
super,威力彩,2024-W04,holdout,trained_blend,8,2,1000.0,250.0,250.0,-750.0,-750.0
super,威力彩,2024-W04,holdout,trained_family_ensemble,8,2,1000.0,150.0,150.0,-850.0,-850.0
super,威力彩,2024-W05,holdout,current_ensemble,8,2,1000.0,162.5,162.5,-837.5,-837.5
super,威力彩,2024-W05,holdout,random_5,8,2,1000.0,62.5,62.5,-937.5,-937.5
super,威力彩,2024-W05,holdout,trained_best_5,8,2,1000.0,450.0,450.0,-550.0,-550.0
super,威力彩,2024-W05,holdout,trained_blend,8,2,1000.0,75.0,75.0,-925.0,-925.0
super,威力彩,2024-W05,holdout,trained_family_ensemble,8,2,1000.0,125.0,125.0,-875.0,-875.0
super,威力彩,2024-W06,holdout,current_ensemble,8,2,1000.0,162.5,162.5,-837.5,-837.5
super,威力彩,2024-W06,holdout,random_5,8,2,1000.0,187.5,187.5,-812.5,-812.5
super,威力彩,2024-W06,holdout,trained_best_5,8,2,1000.0,287.5,287.5,-712.5,-712.5
super,威力彩,2024-W06,holdout,trained_blend,8,2,1000.0,237.5,237.5,-762.5,-762.5
super,威力彩,2024-W06,holdout,trained_family_ensemble,8,2,1000.0,175.0,175.0,-825.0,-825.0
super,威力彩,2024-W07,holdout,current_ensemble,8,2,1000.0,200.0,200.0,-800.0,-800.0
super,威力彩,2024-W07,holdout,random_5,8,2,1000.0,125.0,125.0,-875.0,-875.0
super,威力彩,2024-W07,holdout,trained_best_5,8,2,1000.0,325.0,325.0,-675.0,-675.0
super,威力彩,2024-W07,holdout,trained_blend,8,2,1000.0,162.5,162.5,-837.5,-837.5
super,威力彩,2024-W07,holdout,trained_family_ensemble,8,2,1000.0,150.0,150.0,-850.0,-850.0
super,威力彩,2024-W08,holdout,current_ensemble,8,2,1000.0,212.5,212.5,-787.5,-787.5
super,威力彩,2024-W08,holdout,random_5,8,2,1000.0,125.0,125.0,-875.0,-875.0
super,威力彩,2024-W08,holdout,trained_best_5,8,2,1000.0,187.5,187.5,-812.5,-812.5
super,威力彩,2024-W08,holdout,trained_blend,8,2,1000.0,162.5,162.5,-837.5,-837.5
super,威力彩,2024-W08,holdout,trained_family_ensemble,8,2,1000.0,175.0,175.0,-825.0,-825.0
super,威力彩,2024-W09,holdout,current_ensemble,8,2,1000.0,225.0,225.0,-775.0,-775.0
super,威力彩,2024-W09,holdout,random_5,8,2,1000.0,75.0,75.0,-925.0,-925.0
super,威力彩,2024-W09,holdout,trained_best_5,8,2,1000.0,112.5,112.5,-887.5,-887.5
super,威力彩,2024-W09,holdout,trained_blend,8,2,1000.0,100.0,100.0,-900.0,-900.0
super,威力彩,2024-W09,holdout,trained_family_ensemble,8,2,1000.0,137.5,137.5,-862.5,-862.5
super,威力彩,2024-W10,holdout,current_ensemble,8,2,1000.0,150.0,150.0,-850.0,-850.0
super,威力彩,2024-W10,holdout,random_5,8,2,1000.0,150.0,150.0,-850.0,-850.0
super,威力彩,2024-W10,holdout,trained_best_5,8,2,1000.0,225.0,225.0,-775.0,-775.0
super,威力彩,2024-W10,holdout,trained_blend,8,2,1000.0,225.0,225.0,-775.0,-775.0
super,威力彩,2024-W10,holdout,trained_family_ensemble,8,2,1000.0,237.5,237.5,-762.5,-762.5
super,威力彩,2024-W11,holdout,current_ensemble,8,2,1000.0,212.5,212.5,-787.5,-787.5
super,威力彩,2024-W11,holdout,random_5,8,2,1000.0,212.5,212.5,-787.5,-787.5
super,威力彩,2024-W11,holdout,trained_best_5,8,2,1000.0,750.0,750.0,-250.0,-250.0
super,威力彩,2024-W11,holdout,trained_blend,8,2,1000.0,112.5,112.5,-887.5,-887.5
super,威力彩,2024-W11,holdout,trained_family_ensemble,8,2,1000.0,600.0,600.0,-400.0,-400.0
super,威力彩,2024-W12,holdout,current_ensemble,8,2,1000.0,312.5,312.5,-687.5,-687.5
super,威力彩,2024-W12,holdout,random_5,8,2,1000.0,337.5,337.5,-662.5,-662.5
super,威力彩,2024-W12,holdout,trained_best_5,8,2,1000.0,325.0,325.0,-675.0,-675.0
super,威力彩,2024-W12,holdout,trained_blend,8,2,1000.0,300.0,300.0,-700.0,-700.0
super,威力彩,2024-W12,holdout,trained_family_ensemble,8,2,1000.0,387.5,387.5,-612.5,-612.5
super,威力彩,2024-W13,holdout,current_ensemble,8,2,1000.0,200.0,200.0,-800.0,-800.0
super,威力彩,2024-W13,holdout,random_5,8,2,1000.0,112.5,112.5,-887.5,-887.5
super,威力彩,2024-W13,holdout,trained_best_5,8,2,1000.0,162.5,162.5,-837.5,-837.5
super,威力彩,2024-W13,holdout,trained_blend,8,2,1000.0,175.0,175.0,-825.0,-825.0
super,威力彩,2024-W13,holdout,trained_family_ensemble,8,2,1000.0,75.0,75.0,-925.0,-925.0
super,威力彩,2024-W14,holdout,current_ensemble,8,2,1000.0,162.5,162.5,-837.5,-837.5
super,威力彩,2024-W14,holdout,random_5,8,2,1000.0,87.5,87.5,-912.5,-912.5
super,威力彩,2024-W14,holdout,trained_best_5,8,2,1000.0,262.5,262.5,-737.5,-737.5
super,威力彩,2024-W14,holdout,trained_blend,8,2,1000.0,150.0,150.0,-850.0,-850.0
super,威力彩,2024-W14,holdout,trained_family_ensemble,8,2,1000.0,637.5,637.5,-362.5,-362.5
super,威力彩,2024-W15,holdout,current_ensemble,8,2,1000.0,187.5,187.5,-812.5,-812.5
super,威力彩,2024-W15,holdout,random_5,8,2,1000.0,112.5,112.5,-887.5,-887.5
super,威力彩,2024-W15,holdout,trained_best_5,8,2,1000.0,175.0,175.0,-825.0,-825.0
super,威力彩,2024-W15,holdout,trained_blend,8,2,1000.0,325.0,325.0,-675.0,-675.0
super,威力彩,2024-W15,holdout,trained_family_ensemble,8,2,1000.0,250.0,250.0,-750.0,-750.0
super,威力彩,2024-W16,holdout,current_ensemble,8,2,1000.0,137.5,137.5,-862.5,-862.5
super,威力彩,2024-W16,holdout,random_5,8,2,1000.0,175.0,175.0,-825.0,-825.0
super,威力彩,2024-W16,holdout,trained_best_5,8,2,1000.0,100.0,100.0,-900.0,-900.0
super,威力彩,2024-W16,holdout,trained_blend,8,2,1000.0,175.0,175.0,-825.0,-825.0
super,威力彩,2024-W16,holdout,trained_family_ensemble,8,2,1000.0,175.0,175.0,-825.0,-825.0
super,威力彩,2024-W17,holdout,current_ensemble,8,2,1000.0,37.5,37.5,-962.5,-962.5
super,威力彩,2024-W17,holdout,random_5,8,2,1000.0,175.0,175.0,-825.0,-825.0
super,威力彩,2024-W17,holdout,trained_best_5,8,2,1000.0,100.0,100.0,-900.0,-900.0
super,威力彩,2024-W17,holdout,trained_blend,8,2,1000.0,137.5,137.5,-862.5,-862.5
super,威力彩,2024-W17,holdout,trained_family_ensemble,8,2,1000.0,100.0,100.0,-900.0,-900.0
super,威力彩,2024-W18,holdout,current_ensemble,8,2,1000.0,125.0,125.0,-875.0,-875.0
super,威力彩,2024-W18,holdout,random_5,8,2,1000.0,100.0,100.0,-900.0,-900.0
super,威力彩,2024-W18,holdout,trained_best_5,8,2,1000.0,237.5,237.5,-762.5,-762.5
super,威力彩,2024-W18,holdout,trained_blend,8,2,1000.0,175.0,175.0,-825.0,-825.0
super,威力彩,2024-W18,holdout,trained_family_ensemble,8,2,1000.0,150.0,150.0,-850.0,-850.0
super,威力彩,2024-W19,holdout,current_ensemble,8,2,1000.0,212.5,212.5,-787.5,-787.5
super,威力彩,2024-W19,holdout,random_5,8,2,1000.0,137.5,137.5,-862.5,-862.5
super,威力彩,2024-W19,holdout,trained_best_5,8,2,1000.0,187.5,187.5,-812.5,-812.5
super,威力彩,2024-W19,holdout,trained_blend,8,2,1000.0,262.5,262.5,-737.5,-737.5
super,威力彩,2024-W19,holdout,trained_family_ensemble,8,2,1000.0,350.0,350.0,-650.0,-650.0
super,威力彩,2024-W20,holdout,current_ensemble,8,2,1000.0,125.0,125.0,-875.0,-875.0
super,威力彩,2024-W20,holdout,random_5,8,2,1000.0,75.0,75.0,-925.0,-925.0
super,威力彩,2024-W20,holdout,trained_best_5,8,2,1000.0,37.5,37.5,-962.5,-962.5
super,威力彩,2024-W20,holdout,trained_blend,8,2,1000.0,100.0,100.0,-900.0,-900.0
super,威力彩,2024-W20,holdout,trained_family_ensemble,8,2,1000.0,87.5,87.5,-912.5,-912.5
super,威力彩,2024-W21,holdout,current_ensemble,8,2,1000.0,150.0,150.0,-850.0,-850.0
super,威力彩,2024-W21,holdout,random_5,8,2,1000.0,450.0,450.0,-550.0,-550.0
super,威力彩,2024-W21,holdout,trained_best_5,8,2,1000.0,150.0,150.0,-850.0,-850.0
super,威力彩,2024-W21,holdout,trained_blend,8,2,1000.0,225.0,225.0,-775.0,-775.0
super,威力彩,2024-W21,holdout,trained_family_ensemble,8,2,1000.0,187.5,187.5,-812.5,-812.5
super,威力彩,2024-W22,holdout,current_ensemble,8,2,1000.0,50.0,50.0,-950.0,-950.0
super,威力彩,2024-W22,holdout,random_5,8,2,1000.0,150.0,150.0,-850.0,-850.0
super,威力彩,2024-W22,holdout,trained_best_5,8,2,1000.0,87.5,87.5,-912.5,-912.5
super,威力彩,2024-W22,holdout,trained_blend,8,2,1000.0,175.0,175.0,-825.0,-825.0
super,威力彩,2024-W22,holdout,trained_family_ensemble,8,2,1000.0,37.5,37.5,-962.5,-962.5
super,威力彩,2024-W23,holdout,current_ensemble,8,2,1000.0,100.0,100.0,-900.0,-900.0
super,威力彩,2024-W23,holdout,random_5,8,2,1000.0,237.5,237.5,-762.5,-762.5
super,威力彩,2024-W23,holdout,trained_best_5,8,2,1000.0,125.0,125.0,-875.0,-875.0
super,威力彩,2024-W23,holdout,trained_blend,8,2,1000.0,112.5,112.5,-887.5,-887.5
super,威力彩,2024-W23,holdout,trained_family_ensemble,8,2,1000.0,100.0,100.0,-900.0,-900.0
super,威力彩,2024-W24,holdout,current_ensemble,8,2,1000.0,162.5,162.5,-837.5,-837.5
super,威力彩,2024-W24,holdout,random_5,8,2,1000.0,300.0,300.0,-700.0,-700.0
super,威力彩,2024-W24,holdout,trained_best_5,8,2,1000.0,212.5,212.5,-787.5,-787.5
super,威力彩,2024-W24,holdout,trained_blend,8,2,1000.0,350.0,350.0,-650.0,-650.0
super,威力彩,2024-W24,holdout,trained_family_ensemble,8,2,1000.0,137.5,137.5,-862.5,-862.5
super,威力彩,2024-W25,holdout,current_ensemble,8,2,1000.0,175.0,175.0,-825.0,-825.0
super,威力彩,2024-W25,holdout,random_5,8,2,1000.0,287.5,287.5,-712.5,-712.5
super,威力彩,2024-W25,holdout,trained_best_5,8,2,1000.0,100.0,100.0,-900.0,-900.0
super,威力彩,2024-W25,holdout,trained_blend,8,2,1000.0,250.0,250.0,-750.0,-750.0
super,威力彩,2024-W25,holdout,trained_family_ensemble,8,2,1000.0,150.0,150.0,-850.0,-850.0
super,威力彩,2024-W26,holdout,current_ensemble,8,2,1000.0,162.5,162.5,-837.5,-837.5
super,威力彩,2024-W26,holdout,random_5,8,2,1000.0,125.0,125.0,-875.0,-875.0
super,威力彩,2024-W26,holdout,trained_best_5,8,2,1000.0,137.5,137.5,-862.5,-862.5
super,威力彩,2024-W26,holdout,trained_blend,8,2,1000.0,75.0,75.0,-925.0,-925.0
super,威力彩,2024-W26,holdout,trained_family_ensemble,8,2,1000.0,387.5,387.5,-612.5,-612.5
super,威力彩,2024-W27,holdout,current_ensemble,8,2,1000.0,162.5,162.5,-837.5,-837.5
super,威力彩,2024-W27,holdout,random_5,8,2,1000.0,175.0,175.0,-825.0,-825.0
super,威力彩,2024-W27,holdout,trained_best_5,8,2,1000.0,187.5,187.5,-812.5,-812.5
super,威力彩,2024-W27,holdout,trained_blend,8,2,1000.0,162.5,162.5,-837.5,-837.5
super,威力彩,2024-W27,holdout,trained_family_ensemble,8,2,1000.0,125.0,125.0,-875.0,-875.0
super,威力彩,2024-W28,holdout,current_ensemble,8,2,1000.0,200.0,200.0,-800.0,-800.0
super,威力彩,2024-W28,holdout,random_5,8,2,1000.0,225.0,225.0,-775.0,-775.0
super,威力彩,2024-W28,holdout,trained_best_5,8,2,1000.0,250.0,250.0,-750.0,-750.0
super,威力彩,2024-W28,holdout,trained_blend,8,2,1000.0,150.0,150.0,-850.0,-850.0
super,威力彩,2024-W28,holdout,trained_family_ensemble,8,2,1000.0,225.0,225.0,-775.0,-775.0
super,威力彩,2024-W29,holdout,current_ensemble,8,2,1000.0,300.0,300.0,-700.0,-700.0
super,威力彩,2024-W29,holdout,random_5,8,2,1000.0,175.0,175.0,-825.0,-825.0
super,威力彩,2024-W29,holdout,trained_best_5,8,2,1000.0,225.0,225.0,-775.0,-775.0
super,威力彩,2024-W29,holdout,trained_blend,8,2,1000.0,187.5,187.5,-812.5,-812.5
super,威力彩,2024-W29,holdout,trained_family_ensemble,8,2,1000.0,187.5,187.5,-812.5,-812.5
super,威力彩,2024-W30,holdout,current_ensemble,8,2,1000.0,175.0,175.0,-825.0,-825.0
super,威力彩,2024-W30,holdout,random_5,8,2,1000.0,125.0,125.0,-875.0,-875.0
super,威力彩,2024-W30,holdout,trained_best_5,8,2,1000.0,187.5,187.5,-812.5,-812.5
super,威力彩,2024-W30,holdout,trained_blend,8,2,1000.0,100.0,100.0,-900.0,-900.0
super,威力彩,2024-W30,holdout,trained_family_ensemble,8,2,1000.0,225.0,225.0,-775.0,-775.0
super,威力彩,2024-W31,holdout,current_ensemble,8,2,1000.0,175.0,175.0,-825.0,-825.0
super,威力彩,2024-W31,holdout,random_5,8,2,1000.0,125.0,125.0,-875.0,-875.0
super,威力彩,2024-W31,holdout,trained_best_5,8,2,1000.0,262.5,262.5,-737.5,-737.5
super,威力彩,2024-W31,holdout,trained_blend,8,2,1000.0,175.0,175.0,-825.0,-825.0
super,威力彩,2024-W31,holdout,trained_family_ensemble,8,2,1000.0,187.5,187.5,-812.5,-812.5
super,威力彩,2024-W32,holdout,current_ensemble,8,2,1000.0,137.5,137.5,-862.5,-862.5
super,威力彩,2024-W32,holdout,random_5,8,2,1000.0,212.5,212.5,-787.5,-787.5
super,威力彩,2024-W32,holdout,trained_best_5,8,2,1000.0,437.5,437.5,-562.5,-562.5
super,威力彩,2024-W32,holdout,trained_blend,8,2,1000.0,162.5,162.5,-837.5,-837.5
super,威力彩,2024-W32,holdout,trained_family_ensemble,8,2,1000.0,112.5,112.5,-887.5,-887.5
super,威力彩,2024-W33,holdout,current_ensemble,8,2,1000.0,75.0,75.0,-925.0,-925.0
super,威力彩,2024-W33,holdout,random_5,8,2,1000.0,125.0,125.0,-875.0,-875.0
super,威力彩,2024-W33,holdout,trained_best_5,8,2,1000.0,175.0,175.0,-825.0,-825.0
super,威力彩,2024-W33,holdout,trained_blend,8,2,1000.0,137.5,137.5,-862.5,-862.5
super,威力彩,2024-W33,holdout,trained_family_ensemble,8,2,1000.0,87.5,87.5,-912.5,-912.5
super,威力彩,2024-W34,holdout,current_ensemble,8,2,1000.0,125.0,125.0,-875.0,-875.0
super,威力彩,2024-W34,holdout,random_5,8,2,1000.0,125.0,125.0,-875.0,-875.0
super,威力彩,2024-W34,holdout,trained_best_5,8,2,1000.0,225.0,225.0,-775.0,-775.0
super,威力彩,2024-W34,holdout,trained_blend,8,2,1000.0,262.5,262.5,-737.5,-737.5
super,威力彩,2024-W34,holdout,trained_family_ensemble,8,2,1000.0,137.5,137.5,-862.5,-862.5
super,威力彩,2024-W35,holdout,current_ensemble,8,2,1000.0,162.5,162.5,-837.5,-837.5
super,威力彩,2024-W35,holdout,random_5,8,2,1000.0,287.5,287.5,-712.5,-712.5
super,威力彩,2024-W35,holdout,trained_best_5,8,2,1000.0,150.0,150.0,-850.0,-850.0
super,威力彩,2024-W35,holdout,trained_blend,8,2,1000.0,262.5,262.5,-737.5,-737.5
super,威力彩,2024-W35,holdout,trained_family_ensemble,8,2,1000.0,250.0,250.0,-750.0,-750.0
super,威力彩,2024-W36,holdout,current_ensemble,8,2,1000.0,137.5,137.5,-862.5,-862.5
super,威力彩,2024-W36,holdout,random_5,8,2,1000.0,162.5,162.5,-837.5,-837.5
super,威力彩,2024-W36,holdout,trained_best_5,8,2,1000.0,287.5,287.5,-712.5,-712.5
super,威力彩,2024-W36,holdout,trained_blend,8,2,1000.0,225.0,225.0,-775.0,-775.0
super,威力彩,2024-W36,holdout,trained_family_ensemble,8,2,1000.0,212.5,212.5,-787.5,-787.5
super,威力彩,2024-W37,holdout,current_ensemble,8,2,1000.0,137.5,137.5,-862.5,-862.5
super,威力彩,2024-W37,holdout,random_5,8,2,1000.0,200.0,200.0,-800.0,-800.0
super,威力彩,2024-W37,holdout,trained_best_5,8,2,1000.0,175.0,175.0,-825.0,-825.0
super,威力彩,2024-W37,holdout,trained_blend,8,2,1000.0,112.5,112.5,-887.5,-887.5
super,威力彩,2024-W37,holdout,trained_family_ensemble,8,2,1000.0,62.5,62.5,-937.5,-937.5
super,威力彩,2024-W38,holdout,current_ensemble,8,2,1000.0,225.0,225.0,-775.0,-775.0
super,威力彩,2024-W38,holdout,random_5,8,2,1000.0,175.0,175.0,-825.0,-825.0
super,威力彩,2024-W38,holdout,trained_best_5,8,2,1000.0,237.5,237.5,-762.5,-762.5
super,威力彩,2024-W38,holdout,trained_blend,8,2,1000.0,400.0,400.0,-600.0,-600.0
super,威力彩,2024-W38,holdout,trained_family_ensemble,8,2,1000.0,262.5,262.5,-737.5,-737.5
super,威力彩,2024-W39,holdout,current_ensemble,8,2,1000.0,262.5,262.5,-737.5,-737.5
super,威力彩,2024-W39,holdout,random_5,8,2,1000.0,112.5,112.5,-887.5,-887.5
super,威力彩,2024-W39,holdout,trained_best_5,8,2,1000.0,175.0,175.0,-825.0,-825.0
super,威力彩,2024-W39,holdout,trained_blend,8,2,1000.0,162.5,162.5,-837.5,-837.5
super,威力彩,2024-W39,holdout,trained_family_ensemble,8,2,1000.0,112.5,112.5,-887.5,-887.5
super,威力彩,2024-W40,holdout,current_ensemble,8,2,1000.0,200.0,200.0,-800.0,-800.0
super,威力彩,2024-W40,holdout,random_5,8,2,1000.0,200.0,200.0,-800.0,-800.0
super,威力彩,2024-W40,holdout,trained_best_5,8,2,1000.0,162.5,162.5,-837.5,-837.5
super,威力彩,2024-W40,holdout,trained_blend,8,2,1000.0,325.0,325.0,-675.0,-675.0
super,威力彩,2024-W40,holdout,trained_family_ensemble,8,2,1000.0,112.5,112.5,-887.5,-887.5
super,威力彩,2024-W41,holdout,current_ensemble,8,2,1000.0,100.0,100.0,-900.0,-900.0
super,威力彩,2024-W41,holdout,random_5,8,2,1000.0,362.5,362.5,-637.5,-637.5
super,威力彩,2024-W41,holdout,trained_best_5,8,2,1000.0,62.5,62.5,-937.5,-937.5
super,威力彩,2024-W41,holdout,trained_blend,8,2,1000.0,237.5,237.5,-762.5,-762.5
super,威力彩,2024-W41,holdout,trained_family_ensemble,8,2,1000.0,137.5,137.5,-862.5,-862.5
super,威力彩,2024-W42,holdout,current_ensemble,8,2,1000.0,187.5,187.5,-812.5,-812.5
super,威力彩,2024-W42,holdout,random_5,8,2,1000.0,175.0,175.0,-825.0,-825.0
super,威力彩,2024-W42,holdout,trained_best_5,8,2,1000.0,275.0,275.0,-725.0,-725.0
super,威力彩,2024-W42,holdout,trained_blend,8,2,1000.0,187.5,187.5,-812.5,-812.5
super,威力彩,2024-W42,holdout,trained_family_ensemble,8,2,1000.0,162.5,162.5,-837.5,-837.5
super,威力彩,2024-W43,holdout,current_ensemble,8,2,1000.0,150.0,150.0,-850.0,-850.0
super,威力彩,2024-W43,holdout,random_5,8,2,1000.0,275.0,275.0,-725.0,-725.0
super,威力彩,2024-W43,holdout,trained_best_5,8,2,1000.0,87.5,87.5,-912.5,-912.5
super,威力彩,2024-W43,holdout,trained_blend,8,2,1000.0,150.0,150.0,-850.0,-850.0
super,威力彩,2024-W43,holdout,trained_family_ensemble,8,2,1000.0,112.5,112.5,-887.5,-887.5
super,威力彩,2024-W44,holdout,current_ensemble,8,2,1000.0,112.5,112.5,-887.5,-887.5
super,威力彩,2024-W44,holdout,random_5,8,2,1000.0,125.0,125.0,-875.0,-875.0
super,威力彩,2024-W44,holdout,trained_best_5,8,2,1000.0,50.0,50.0,-950.0,-950.0
super,威力彩,2024-W44,holdout,trained_blend,8,2,1000.0,150.0,150.0,-850.0,-850.0
super,威力彩,2024-W44,holdout,trained_family_ensemble,8,2,1000.0,100.0,100.0,-900.0,-900.0
super,威力彩,2024-W45,holdout,current_ensemble,8,2,1000.0,312.5,312.5,-687.5,-687.5
super,威力彩,2024-W45,holdout,random_5,8,2,1000.0,237.5,237.5,-762.5,-762.5
super,威力彩,2024-W45,holdout,trained_best_5,8,2,1000.0,275.0,275.0,-725.0,-725.0
super,威力彩,2024-W45,holdout,trained_blend,8,2,1000.0,187.5,187.5,-812.5,-812.5
super,威力彩,2024-W45,holdout,trained_family_ensemble,8,2,1000.0,187.5,187.5,-812.5,-812.5
super,威力彩,2024-W46,holdout,current_ensemble,8,2,1000.0,275.0,275.0,-725.0,-725.0
super,威力彩,2024-W46,holdout,random_5,8,2,1000.0,225.0,225.0,-775.0,-775.0
super,威力彩,2024-W46,holdout,trained_best_5,8,2,1000.0,125.0,125.0,-875.0,-875.0
super,威力彩,2024-W46,holdout,trained_blend,8,2,1000.0,162.5,162.5,-837.5,-837.5
super,威力彩,2024-W46,holdout,trained_family_ensemble,8,2,1000.0,300.0,300.0,-700.0,-700.0
super,威力彩,2024-W47,holdout,current_ensemble,8,2,1000.0,212.5,212.5,-787.5,-787.5
super,威力彩,2024-W47,holdout,random_5,8,2,1000.0,212.5,212.5,-787.5,-787.5
super,威力彩,2024-W47,holdout,trained_best_5,8,2,1000.0,250.0,250.0,-750.0,-750.0
super,威力彩,2024-W47,holdout,trained_blend,8,2,1000.0,225.0,225.0,-775.0,-775.0
super,威力彩,2024-W47,holdout,trained_family_ensemble,8,2,1000.0,175.0,175.0,-825.0,-825.0
super,威力彩,2024-W48,holdout,current_ensemble,8,2,1000.0,175.0,175.0,-825.0,-825.0
super,威力彩,2024-W48,holdout,random_5,8,2,1000.0,187.5,187.5,-812.5,-812.5
super,威力彩,2024-W48,holdout,trained_best_5,8,2,1000.0,462.5,462.5,-537.5,-537.5
super,威力彩,2024-W48,holdout,trained_blend,8,2,1000.0,250.0,250.0,-750.0,-750.0
super,威力彩,2024-W48,holdout,trained_family_ensemble,8,2,1000.0,125.0,125.0,-875.0,-875.0
super,威力彩,2024-W49,holdout,current_ensemble,8,2,1000.0,175.0,175.0,-825.0,-825.0
super,威力彩,2024-W49,holdout,random_5,8,2,1000.0,187.5,187.5,-812.5,-812.5
super,威力彩,2024-W49,holdout,trained_best_5,8,2,1000.0,125.0,125.0,-875.0,-875.0
super,威力彩,2024-W49,holdout,trained_blend,8,2,1000.0,150.0,150.0,-850.0,-850.0
super,威力彩,2024-W49,holdout,trained_family_ensemble,8,2,1000.0,150.0,150.0,-850.0,-850.0
super,威力彩,2024-W50,holdout,current_ensemble,8,2,1000.0,200.0,200.0,-800.0,-800.0
super,威力彩,2024-W50,holdout,random_5,8,2,1000.0,187.5,187.5,-812.5,-812.5
super,威力彩,2024-W50,holdout,trained_best_5,8,2,1000.0,187.5,187.5,-812.5,-812.5
super,威力彩,2024-W50,holdout,trained_blend,8,2,1000.0,150.0,150.0,-850.0,-850.0
super,威力彩,2024-W50,holdout,trained_family_ensemble,8,2,1000.0,137.5,137.5,-862.5,-862.5
super,威力彩,2024-W51,holdout,current_ensemble,8,2,1000.0,187.5,187.5,-812.5,-812.5
super,威力彩,2024-W51,holdout,random_5,8,2,1000.0,175.0,175.0,-825.0,-825.0
super,威力彩,2024-W51,holdout,trained_best_5,8,2,1000.0,62.5,62.5,-937.5,-937.5
super,威力彩,2024-W51,holdout,trained_blend,8,2,1000.0,312.5,312.5,-687.5,-687.5
super,威力彩,2024-W51,holdout,trained_family_ensemble,8,2,1000.0,225.0,225.0,-775.0,-775.0
super,威力彩,2024-W52,holdout,current_ensemble,8,2,1000.0,750.0,750.0,-250.0,-250.0
super,威力彩,2024-W52,holdout,random_5,8,2,1000.0,250.0,250.0,-750.0,-750.0
super,威力彩,2024-W52,holdout,trained_best_5,8,2,1000.0,287.5,287.5,-712.5,-712.5
super,威力彩,2024-W52,holdout,trained_blend,8,2,1000.0,137.5,137.5,-862.5,-862.5
super,威力彩,2024-W52,holdout,trained_family_ensemble,8,2,1000.0,125.0,125.0,-875.0,-875.0
super,威力彩,2025-W01,holdout,current_ensemble,8,2,1000.0,112.5,112.5,-887.5,-887.5
super,威力彩,2025-W01,holdout,random_5,8,2,1000.0,250.0,250.0,-750.0,-750.0
super,威力彩,2025-W01,holdout,trained_best_5,8,2,1000.0,175.0,175.0,-825.0,-825.0
super,威力彩,2025-W01,holdout,trained_blend,8,2,1000.0,262.5,262.5,-737.5,-737.5
super,威力彩,2025-W01,holdout,trained_family_ensemble,8,2,1000.0,125.0,125.0,-875.0,-875.0
super,威力彩,2025-W02,holdout,current_ensemble,8,2,1000.0,87.5,87.5,-912.5,-912.5
super,威力彩,2025-W02,holdout,random_5,8,2,1000.0,262.5,262.5,-737.5,-737.5
super,威力彩,2025-W02,holdout,trained_best_5,8,2,1000.0,150.0,150.0,-850.0,-850.0
super,威力彩,2025-W02,holdout,trained_blend,8,2,1000.0,175.0,175.0,-825.0,-825.0
super,威力彩,2025-W02,holdout,trained_family_ensemble,8,2,1000.0,87.5,87.5,-912.5,-912.5
super,威力彩,2025-W03,holdout,current_ensemble,8,2,1000.0,350.0,350.0,-650.0,-650.0
super,威力彩,2025-W03,holdout,random_5,8,2,1000.0,200.0,200.0,-800.0,-800.0
super,威力彩,2025-W03,holdout,trained_best_5,8,2,1000.0,250.0,250.0,-750.0,-750.0
super,威力彩,2025-W03,holdout,trained_blend,8,2,1000.0,162.5,162.5,-837.5,-837.5
super,威力彩,2025-W03,holdout,trained_family_ensemble,8,2,1000.0,150.0,150.0,-850.0,-850.0
super,威力彩,2025-W04,holdout,current_ensemble,8,2,1000.0,162.5,162.5,-837.5,-837.5
super,威力彩,2025-W04,holdout,random_5,8,2,1000.0,100.0,100.0,-900.0,-900.0
super,威力彩,2025-W04,holdout,trained_best_5,8,2,1000.0,100.0,100.0,-900.0,-900.0
super,威力彩,2025-W04,holdout,trained_blend,8,2,1000.0,225.0,225.0,-775.0,-775.0
super,威力彩,2025-W04,holdout,trained_family_ensemble,8,2,1000.0,187.5,187.5,-812.5,-812.5
super,威力彩,2025-W05,holdout,current_ensemble,8,2,1000.0,225.0,225.0,-775.0,-775.0
super,威力彩,2025-W05,holdout,random_5,8,2,1000.0,125.0,125.0,-875.0,-875.0
super,威力彩,2025-W05,holdout,trained_best_5,8,2,1000.0,275.0,275.0,-725.0,-725.0
super,威力彩,2025-W05,holdout,trained_blend,8,2,1000.0,125.0,125.0,-875.0,-875.0
super,威力彩,2025-W05,holdout,trained_family_ensemble,8,2,1000.0,175.0,175.0,-825.0,-825.0
super,威力彩,2025-W06,holdout,current_ensemble,8,2,1000.0,187.5,187.5,-812.5,-812.5
super,威力彩,2025-W06,holdout,random_5,8,2,1000.0,137.5,137.5,-862.5,-862.5
super,威力彩,2025-W06,holdout,trained_best_5,8,2,1000.0,125.0,125.0,-875.0,-875.0
super,威力彩,2025-W06,holdout,trained_blend,8,2,1000.0,187.5,187.5,-812.5,-812.5
super,威力彩,2025-W06,holdout,trained_family_ensemble,8,2,1000.0,175.0,175.0,-825.0,-825.0
super,威力彩,2025-W07,holdout,current_ensemble,8,2,1000.0,175.0,175.0,-825.0,-825.0
super,威力彩,2025-W07,holdout,random_5,8,2,1000.0,112.5,112.5,-887.5,-887.5
super,威力彩,2025-W07,holdout,trained_best_5,8,2,1000.0,100.0,100.0,-900.0,-900.0
super,威力彩,2025-W07,holdout,trained_blend,8,2,1000.0,62.5,62.5,-937.5,-937.5
super,威力彩,2025-W07,holdout,trained_family_ensemble,8,2,1000.0,87.5,87.5,-912.5,-912.5
super,威力彩,2025-W08,holdout,current_ensemble,8,2,1000.0,2600.0,2600.0,1600.0,1600.0
super,威力彩,2025-W08,holdout,random_5,8,2,1000.0,2575.0,2575.0,1575.0,1575.0
super,威力彩,2025-W08,holdout,trained_best_5,8,2,1000.0,225.0,225.0,-775.0,-775.0
super,威力彩,2025-W08,holdout,trained_blend,8,2,1000.0,62.5,62.5,-937.5,-937.5
super,威力彩,2025-W08,holdout,trained_family_ensemble,8,2,1000.0,2587.5,2587.5,1587.5,1587.5
super,威力彩,2025-W09,holdout,current_ensemble,8,2,1000.0,62.5,62.5,-937.5,-937.5
super,威力彩,2025-W09,holdout,random_5,8,2,1000.0,3150.0,3150.0,2150.0,2150.0
super,威力彩,2025-W09,holdout,trained_best_5,8,2,1000.0,225.0,225.0,-775.0,-775.0
super,威力彩,2025-W09,holdout,trained_blend,8,2,1000.0,2587.5,2587.5,1587.5,1587.5
super,威力彩,2025-W09,holdout,trained_family_ensemble,8,2,1000.0,137.5,137.5,-862.5,-862.5
super,威力彩,2025-W10,holdout,current_ensemble,8,2,1000.0,112.5,112.5,-887.5,-887.5
super,威力彩,2025-W10,holdout,random_5,8,2,1000.0,100.0,100.0,-900.0,-900.0
super,威力彩,2025-W10,holdout,trained_best_5,8,2,1000.0,200.0,200.0,-800.0,-800.0
super,威力彩,2025-W10,holdout,trained_blend,8,2,1000.0,112.5,112.5,-887.5,-887.5
super,威力彩,2025-W10,holdout,trained_family_ensemble,8,2,1000.0,137.5,137.5,-862.5,-862.5
super,威力彩,2025-W11,holdout,current_ensemble,8,2,1000.0,175.0,175.0,-825.0,-825.0
super,威力彩,2025-W11,holdout,random_5,8,2,1000.0,175.0,175.0,-825.0,-825.0
super,威力彩,2025-W11,holdout,trained_best_5,8,2,1000.0,175.0,175.0,-825.0,-825.0
super,威力彩,2025-W11,holdout,trained_blend,8,2,1000.0,162.5,162.5,-837.5,-837.5
super,威力彩,2025-W11,holdout,trained_family_ensemble,8,2,1000.0,150.0,150.0,-850.0,-850.0
super,威力彩,2025-W12,holdout,current_ensemble,8,2,1000.0,62.5,62.5,-937.5,-937.5
super,威力彩,2025-W12,holdout,random_5,8,2,1000.0,150.0,150.0,-850.0,-850.0
super,威力彩,2025-W12,holdout,trained_best_5,8,2,1000.0,325.0,325.0,-675.0,-675.0
super,威力彩,2025-W12,holdout,trained_blend,8,2,1000.0,75.0,75.0,-925.0,-925.0
super,威力彩,2025-W12,holdout,trained_family_ensemble,8,2,1000.0,137.5,137.5,-862.5,-862.5
super,威力彩,2025-W13,holdout,current_ensemble,8,2,1000.0,200.0,200.0,-800.0,-800.0
super,威力彩,2025-W13,holdout,random_5,8,2,1000.0,50.0,50.0,-950.0,-950.0
super,威力彩,2025-W13,holdout,trained_best_5,8,2,1000.0,200.0,200.0,-800.0,-800.0
super,威力彩,2025-W13,holdout,trained_blend,8,2,1000.0,112.5,112.5,-887.5,-887.5
super,威力彩,2025-W13,holdout,trained_family_ensemble,8,2,1000.0,75.0,75.0,-925.0,-925.0
super,威力彩,2025-W14,holdout,current_ensemble,8,2,1000.0,150.0,150.0,-850.0,-850.0
super,威力彩,2025-W14,holdout,random_5,8,2,1000.0,100.0,100.0,-900.0,-900.0
super,威力彩,2025-W14,holdout,trained_best_5,8,2,1000.0,325.0,325.0,-675.0,-675.0
super,威力彩,2025-W14,holdout,trained_blend,8,2,1000.0,112.5,112.5,-887.5,-887.5
super,威力彩,2025-W14,holdout,trained_family_ensemble,8,2,1000.0,112.5,112.5,-887.5,-887.5
super,威力彩,2025-W15,holdout,current_ensemble,8,2,1000.0,125.0,125.0,-875.0,-875.0
super,威力彩,2025-W15,holdout,random_5,8,2,1000.0,100.0,100.0,-900.0,-900.0
super,威力彩,2025-W15,holdout,trained_best_5,8,2,1000.0,62.5,62.5,-937.5,-937.5
super,威力彩,2025-W15,holdout,trained_blend,8,2,1000.0,137.5,137.5,-862.5,-862.5
super,威力彩,2025-W15,holdout,trained_family_ensemble,8,2,1000.0,125.0,125.0,-875.0,-875.0
super,威力彩,2025-W16,holdout,current_ensemble,8,2,1000.0,137.5,137.5,-862.5,-862.5
super,威力彩,2025-W16,holdout,random_5,8,2,1000.0,187.5,187.5,-812.5,-812.5
super,威力彩,2025-W16,holdout,trained_best_5,8,2,1000.0,237.5,237.5,-762.5,-762.5
super,威力彩,2025-W16,holdout,trained_blend,8,2,1000.0,200.0,200.0,-800.0,-800.0
super,威力彩,2025-W16,holdout,trained_family_ensemble,8,2,1000.0,225.0,225.0,-775.0,-775.0
super,威力彩,2025-W17,holdout,current_ensemble,8,2,1000.0,125.0,125.0,-875.0,-875.0
super,威力彩,2025-W17,holdout,random_5,8,2,1000.0,112.5,112.5,-887.5,-887.5
super,威力彩,2025-W17,holdout,trained_best_5,8,2,1000.0,187.5,187.5,-812.5,-812.5
super,威力彩,2025-W17,holdout,trained_blend,8,2,1000.0,250.0,250.0,-750.0,-750.0
super,威力彩,2025-W17,holdout,trained_family_ensemble,8,2,1000.0,175.0,175.0,-825.0,-825.0
super,威力彩,2025-W18,holdout,current_ensemble,8,2,1000.0,150.0,150.0,-850.0,-850.0
super,威力彩,2025-W18,holdout,random_5,8,2,1000.0,150.0,150.0,-850.0,-850.0
super,威力彩,2025-W18,holdout,trained_best_5,8,2,1000.0,137.5,137.5,-862.5,-862.5
super,威力彩,2025-W18,holdout,trained_blend,8,2,1000.0,162.5,162.5,-837.5,-837.5
super,威力彩,2025-W18,holdout,trained_family_ensemble,8,2,1000.0,175.0,175.0,-825.0,-825.0
super,威力彩,2025-W19,holdout,current_ensemble,8,2,1000.0,187.5,187.5,-812.5,-812.5
super,威力彩,2025-W19,holdout,random_5,8,2,1000.0,112.5,112.5,-887.5,-887.5
super,威力彩,2025-W19,holdout,trained_best_5,8,2,1000.0,125.0,125.0,-875.0,-875.0
super,威力彩,2025-W19,holdout,trained_blend,8,2,1000.0,175.0,175.0,-825.0,-825.0
super,威力彩,2025-W19,holdout,trained_family_ensemble,8,2,1000.0,225.0,225.0,-775.0,-775.0
super,威力彩,2025-W20,holdout,current_ensemble,8,2,1000.0,100.0,100.0,-900.0,-900.0
super,威力彩,2025-W20,holdout,random_5,8,2,1000.0,175.0,175.0,-825.0,-825.0
super,威力彩,2025-W20,holdout,trained_best_5,8,2,1000.0,25.0,25.0,-975.0,-975.0
super,威力彩,2025-W20,holdout,trained_blend,8,2,1000.0,87.5,87.5,-912.5,-912.5
super,威力彩,2025-W20,holdout,trained_family_ensemble,8,2,1000.0,100.0,100.0,-900.0,-900.0
super,威力彩,2025-W21,holdout,current_ensemble,8,2,1000.0,262.5,262.5,-737.5,-737.5
super,威力彩,2025-W21,holdout,random_5,8,2,1000.0,187.5,187.5,-812.5,-812.5
super,威力彩,2025-W21,holdout,trained_best_5,8,2,1000.0,312.5,312.5,-687.5,-687.5
super,威力彩,2025-W21,holdout,trained_blend,8,2,1000.0,37.5,37.5,-962.5,-962.5
super,威力彩,2025-W21,holdout,trained_family_ensemble,8,2,1000.0,275.0,275.0,-725.0,-725.0
super,威力彩,2025-W22,holdout,current_ensemble,8,2,1000.0,237.5,237.5,-762.5,-762.5
super,威力彩,2025-W22,holdout,random_5,8,2,1000.0,225.0,225.0,-775.0,-775.0
super,威力彩,2025-W22,holdout,trained_best_5,8,2,1000.0,325.0,325.0,-675.0,-675.0
super,威力彩,2025-W22,holdout,trained_blend,8,2,1000.0,162.5,162.5,-837.5,-837.5
super,威力彩,2025-W22,holdout,trained_family_ensemble,8,2,1000.0,200.0,200.0,-800.0,-800.0
super,威力彩,2025-W23,holdout,current_ensemble,8,2,1000.0,187.5,187.5,-812.5,-812.5
super,威力彩,2025-W23,holdout,random_5,8,2,1000.0,125.0,125.0,-875.0,-875.0
super,威力彩,2025-W23,holdout,trained_best_5,8,2,1000.0,337.5,337.5,-662.5,-662.5
super,威力彩,2025-W23,holdout,trained_blend,8,2,1000.0,175.0,175.0,-825.0,-825.0
super,威力彩,2025-W23,holdout,trained_family_ensemble,8,2,1000.0,175.0,175.0,-825.0,-825.0
super,威力彩,2025-W24,holdout,current_ensemble,8,2,1000.0,337.5,337.5,-662.5,-662.5
super,威力彩,2025-W24,holdout,random_5,8,2,1000.0,287.5,287.5,-712.5,-712.5
super,威力彩,2025-W24,holdout,trained_best_5,8,2,1000.0,62.5,62.5,-937.5,-937.5
super,威力彩,2025-W24,holdout,trained_blend,8,2,1000.0,150.0,150.0,-850.0,-850.0
super,威力彩,2025-W24,holdout,trained_family_ensemble,8,2,1000.0,237.5,237.5,-762.5,-762.5
super,威力彩,2025-W25,holdout,current_ensemble,8,2,1000.0,162.5,162.5,-837.5,-837.5
super,威力彩,2025-W25,holdout,random_5,8,2,1000.0,87.5,87.5,-912.5,-912.5
super,威力彩,2025-W25,holdout,trained_best_5,8,2,1000.0,162.5,162.5,-837.5,-837.5
super,威力彩,2025-W25,holdout,trained_blend,8,2,1000.0,37.5,37.5,-962.5,-962.5
super,威力彩,2025-W25,holdout,trained_family_ensemble,8,2,1000.0,100.0,100.0,-900.0,-900.0
super,威力彩,2025-W26,holdout,current_ensemble,8,2,1000.0,600.0,600.0,-400.0,-400.0
super,威力彩,2025-W26,holdout,random_5,8,2,1000.0,175.0,175.0,-825.0,-825.0
super,威力彩,2025-W26,holdout,trained_best_5,8,2,1000.0,200.0,200.0,-800.0,-800.0
super,威力彩,2025-W26,holdout,trained_blend,8,2,1000.0,387.5,387.5,-612.5,-612.5
super,威力彩,2025-W26,holdout,trained_family_ensemble,8,2,1000.0,112.5,112.5,-887.5,-887.5
super,威力彩,2025-W27,holdout,current_ensemble,8,2,1000.0,237.5,237.5,-762.5,-762.5
super,威力彩,2025-W27,holdout,random_5,8,2,1000.0,400.0,400.0,-600.0,-600.0
super,威力彩,2025-W27,holdout,trained_best_5,8,2,1000.0,87.5,87.5,-912.5,-912.5
super,威力彩,2025-W27,holdout,trained_blend,8,2,1000.0,337.5,337.5,-662.5,-662.5
super,威力彩,2025-W27,holdout,trained_family_ensemble,8,2,1000.0,187.5,187.5,-812.5,-812.5
super,威力彩,2025-W28,holdout,current_ensemble,8,2,1000.0,212.5,212.5,-787.5,-787.5
super,威力彩,2025-W28,holdout,random_5,8,2,1000.0,237.5,237.5,-762.5,-762.5
super,威力彩,2025-W28,holdout,trained_best_5,8,2,1000.0,137.5,137.5,-862.5,-862.5
super,威力彩,2025-W28,holdout,trained_blend,8,2,1000.0,200.0,200.0,-800.0,-800.0
super,威力彩,2025-W28,holdout,trained_family_ensemble,8,2,1000.0,162.5,162.5,-837.5,-837.5
super,威力彩,2025-W29,holdout,current_ensemble,8,2,1000.0,125.0,125.0,-875.0,-875.0
super,威力彩,2025-W29,holdout,random_5,8,2,1000.0,125.0,125.0,-875.0,-875.0
super,威力彩,2025-W29,holdout,trained_best_5,8,2,1000.0,37.5,37.5,-962.5,-962.5
super,威力彩,2025-W29,holdout,trained_blend,8,2,1000.0,175.0,175.0,-825.0,-825.0
super,威力彩,2025-W29,holdout,trained_family_ensemble,8,2,1000.0,225.0,225.0,-775.0,-775.0
super,威力彩,2025-W30,holdout,current_ensemble,8,2,1000.0,237.5,237.5,-762.5,-762.5
super,威力彩,2025-W30,holdout,random_5,8,2,1000.0,212.5,212.5,-787.5,-787.5
super,威力彩,2025-W30,holdout,trained_best_5,8,2,1000.0,100.0,100.0,-900.0,-900.0
super,威力彩,2025-W30,holdout,trained_blend,8,2,1000.0,225.0,225.0,-775.0,-775.0
super,威力彩,2025-W30,holdout,trained_family_ensemble,8,2,1000.0,200.0,200.0,-800.0,-800.0
super,威力彩,2025-W31,holdout,current_ensemble,8,2,1000.0,87.5,87.5,-912.5,-912.5
super,威力彩,2025-W31,holdout,random_5,8,2,1000.0,137.5,137.5,-862.5,-862.5
super,威力彩,2025-W31,holdout,trained_best_5,8,2,1000.0,50.0,50.0,-950.0,-950.0
super,威力彩,2025-W31,holdout,trained_blend,8,2,1000.0,150.0,150.0,-850.0,-850.0
super,威力彩,2025-W31,holdout,trained_family_ensemble,8,2,1000.0,87.5,87.5,-912.5,-912.5
super,威力彩,2025-W32,holdout,current_ensemble,8,2,1000.0,112.5,112.5,-887.5,-887.5
super,威力彩,2025-W32,holdout,random_5,8,2,1000.0,237.5,237.5,-762.5,-762.5
super,威力彩,2025-W32,holdout,trained_best_5,8,2,1000.0,700.0,700.0,-300.0,-300.0
super,威力彩,2025-W32,holdout,trained_blend,8,2,1000.0,125.0,125.0,-875.0,-875.0
super,威力彩,2025-W32,holdout,trained_family_ensemble,8,2,1000.0,125.0,125.0,-875.0,-875.0
super,威力彩,2025-W33,holdout,current_ensemble,8,2,1000.0,300.0,300.0,-700.0,-700.0
super,威力彩,2025-W33,holdout,random_5,8,2,1000.0,262.5,262.5,-737.5,-737.5
super,威力彩,2025-W33,holdout,trained_best_5,8,2,1000.0,200.0,200.0,-800.0,-800.0
super,威力彩,2025-W33,holdout,trained_blend,8,2,1000.0,200.0,200.0,-800.0,-800.0
super,威力彩,2025-W33,holdout,trained_family_ensemble,8,2,1000.0,237.5,237.5,-762.5,-762.5
super,威力彩,2025-W34,holdout,current_ensemble,8,2,1000.0,87.5,87.5,-912.5,-912.5
super,威力彩,2025-W34,holdout,random_5,8,2,1000.0,187.5,187.5,-812.5,-812.5
super,威力彩,2025-W34,holdout,trained_best_5,8,2,1000.0,137.5,137.5,-862.5,-862.5
super,威力彩,2025-W34,holdout,trained_blend,8,2,1000.0,87.5,87.5,-912.5,-912.5
super,威力彩,2025-W34,holdout,trained_family_ensemble,8,2,1000.0,87.5,87.5,-912.5,-912.5
super,威力彩,2025-W35,holdout,current_ensemble,8,2,1000.0,225.0,225.0,-775.0,-775.0
super,威力彩,2025-W35,holdout,random_5,8,2,1000.0,325.0,325.0,-675.0,-675.0
super,威力彩,2025-W35,holdout,trained_best_5,8,2,1000.0,212.5,212.5,-787.5,-787.5
super,威力彩,2025-W35,holdout,trained_blend,8,2,1000.0,300.0,300.0,-700.0,-700.0
super,威力彩,2025-W35,holdout,trained_family_ensemble,8,2,1000.0,200.0,200.0,-800.0,-800.0
super,威力彩,2025-W36,holdout,current_ensemble,8,2,1000.0,250.0,250.0,-750.0,-750.0
super,威力彩,2025-W36,holdout,random_5,8,2,1000.0,87.5,87.5,-912.5,-912.5
super,威力彩,2025-W36,holdout,trained_best_5,8,2,1000.0,237.5,237.5,-762.5,-762.5
super,威力彩,2025-W36,holdout,trained_blend,8,2,1000.0,125.0,125.0,-875.0,-875.0
super,威力彩,2025-W36,holdout,trained_family_ensemble,8,2,1000.0,187.5,187.5,-812.5,-812.5
super,威力彩,2025-W37,holdout,current_ensemble,8,2,1000.0,187.5,187.5,-812.5,-812.5
super,威力彩,2025-W37,holdout,random_5,8,2,1000.0,212.5,212.5,-787.5,-787.5
super,威力彩,2025-W37,holdout,trained_best_5,8,2,1000.0,187.5,187.5,-812.5,-812.5
super,威力彩,2025-W37,holdout,trained_blend,8,2,1000.0,162.5,162.5,-837.5,-837.5
super,威力彩,2025-W37,holdout,trained_family_ensemble,8,2,1000.0,125.0,125.0,-875.0,-875.0
super,威力彩,2025-W38,holdout,current_ensemble,8,2,1000.0,212.5,212.5,-787.5,-787.5
super,威力彩,2025-W38,holdout,random_5,8,2,1000.0,175.0,175.0,-825.0,-825.0
super,威力彩,2025-W38,holdout,trained_best_5,8,2,1000.0,275.0,275.0,-725.0,-725.0
super,威力彩,2025-W38,holdout,trained_blend,8,2,1000.0,87.5,87.5,-912.5,-912.5
super,威力彩,2025-W38,holdout,trained_family_ensemble,8,2,1000.0,162.5,162.5,-837.5,-837.5
super,威力彩,2025-W39,holdout,current_ensemble,8,2,1000.0,112.5,112.5,-887.5,-887.5
super,威力彩,2025-W39,holdout,random_5,8,2,1000.0,100.0,100.0,-900.0,-900.0
super,威力彩,2025-W39,holdout,trained_best_5,8,2,1000.0,175.0,175.0,-825.0,-825.0
super,威力彩,2025-W39,holdout,trained_blend,8,2,1000.0,125.0,125.0,-875.0,-875.0
super,威力彩,2025-W39,holdout,trained_family_ensemble,8,2,1000.0,87.5,87.5,-912.5,-912.5
super,威力彩,2025-W40,holdout,current_ensemble,8,2,1000.0,262.5,262.5,-737.5,-737.5
super,威力彩,2025-W40,holdout,random_5,8,2,1000.0,212.5,212.5,-787.5,-787.5
super,威力彩,2025-W40,holdout,trained_best_5,8,2,1000.0,325.0,325.0,-675.0,-675.0
super,威力彩,2025-W40,holdout,trained_blend,8,2,1000.0,325.0,325.0,-675.0,-675.0
super,威力彩,2025-W40,holdout,trained_family_ensemble,8,2,1000.0,237.5,237.5,-762.5,-762.5
super,威力彩,2025-W41,holdout,current_ensemble,8,2,1000.0,187.5,187.5,-812.5,-812.5
super,威力彩,2025-W41,holdout,random_5,8,2,1000.0,162.5,162.5,-837.5,-837.5
super,威力彩,2025-W41,holdout,trained_best_5,8,2,1000.0,212.5,212.5,-787.5,-787.5
super,威力彩,2025-W41,holdout,trained_blend,8,2,1000.0,100.0,100.0,-900.0,-900.0
super,威力彩,2025-W41,holdout,trained_family_ensemble,8,2,1000.0,187.5,187.5,-812.5,-812.5
super,威力彩,2025-W42,holdout,current_ensemble,8,2,1000.0,112.5,112.5,-887.5,-887.5
super,威力彩,2025-W42,holdout,random_5,8,2,1000.0,100.0,100.0,-900.0,-900.0
super,威力彩,2025-W42,holdout,trained_best_5,8,2,1000.0,275.0,275.0,-725.0,-725.0
super,威力彩,2025-W42,holdout,trained_blend,8,2,1000.0,175.0,175.0,-825.0,-825.0
super,威力彩,2025-W42,holdout,trained_family_ensemble,8,2,1000.0,150.0,150.0,-850.0,-850.0
super,威力彩,2025-W43,holdout,current_ensemble,8,2,1000.0,162.5,162.5,-837.5,-837.5
super,威力彩,2025-W43,holdout,random_5,8,2,1000.0,175.0,175.0,-825.0,-825.0
super,威力彩,2025-W43,holdout,trained_best_5,8,2,1000.0,87.5,87.5,-912.5,-912.5
super,威力彩,2025-W43,holdout,trained_blend,8,2,1000.0,162.5,162.5,-837.5,-837.5
super,威力彩,2025-W43,holdout,trained_family_ensemble,8,2,1000.0,137.5,137.5,-862.5,-862.5
super,威力彩,2025-W44,holdout,current_ensemble,8,2,1000.0,200.0,200.0,-800.0,-800.0
super,威力彩,2025-W44,holdout,random_5,8,2,1000.0,125.0,125.0,-875.0,-875.0
super,威力彩,2025-W44,holdout,trained_best_5,8,2,1000.0,125.0,125.0,-875.0,-875.0
super,威力彩,2025-W44,holdout,trained_blend,8,2,1000.0,712.5,712.5,-287.5,-287.5
super,威力彩,2025-W44,holdout,trained_family_ensemble,8,2,1000.0,150.0,150.0,-850.0,-850.0
super,威力彩,2025-W45,holdout,current_ensemble,8,2,1000.0,137.5,137.5,-862.5,-862.5
super,威力彩,2025-W45,holdout,random_5,8,2,1000.0,150.0,150.0,-850.0,-850.0
super,威力彩,2025-W45,holdout,trained_best_5,8,2,1000.0,200.0,200.0,-800.0,-800.0
super,威力彩,2025-W45,holdout,trained_blend,8,2,1000.0,200.0,200.0,-800.0,-800.0
super,威力彩,2025-W45,holdout,trained_family_ensemble,8,2,1000.0,175.0,175.0,-825.0,-825.0
super,威力彩,2025-W46,holdout,current_ensemble,8,2,1000.0,137.5,137.5,-862.5,-862.5
super,威力彩,2025-W46,holdout,random_5,8,2,1000.0,125.0,125.0,-875.0,-875.0
super,威力彩,2025-W46,holdout,trained_best_5,8,2,1000.0,50.0,50.0,-950.0,-950.0
super,威力彩,2025-W46,holdout,trained_blend,8,2,1000.0,50.0,50.0,-950.0,-950.0
super,威力彩,2025-W46,holdout,trained_family_ensemble,8,2,1000.0,162.5,162.5,-837.5,-837.5
super,威力彩,2025-W47,holdout,current_ensemble,8,2,1000.0,100.0,100.0,-900.0,-900.0
super,威力彩,2025-W47,holdout,random_5,8,2,1000.0,225.0,225.0,-775.0,-775.0
super,威力彩,2025-W47,holdout,trained_best_5,8,2,1000.0,187.5,187.5,-812.5,-812.5
super,威力彩,2025-W47,holdout,trained_blend,8,2,1000.0,237.5,237.5,-762.5,-762.5
super,威力彩,2025-W47,holdout,trained_family_ensemble,8,2,1000.0,187.5,187.5,-812.5,-812.5
super,威力彩,2025-W48,holdout,current_ensemble,8,2,1000.0,162.5,162.5,-837.5,-837.5
super,威力彩,2025-W48,holdout,random_5,8,2,1000.0,125.0,125.0,-875.0,-875.0
super,威力彩,2025-W48,holdout,trained_best_5,8,2,1000.0,150.0,150.0,-850.0,-850.0
super,威力彩,2025-W48,holdout,trained_blend,8,2,1000.0,162.5,162.5,-837.5,-837.5
super,威力彩,2025-W48,holdout,trained_family_ensemble,8,2,1000.0,200.0,200.0,-800.0,-800.0
super,威力彩,2025-W49,holdout,current_ensemble,8,2,1000.0,162.5,162.5,-837.5,-837.5
super,威力彩,2025-W49,holdout,random_5,8,2,1000.0,200.0,200.0,-800.0,-800.0
super,威力彩,2025-W49,holdout,trained_best_5,8,2,1000.0,175.0,175.0,-825.0,-825.0
super,威力彩,2025-W49,holdout,trained_blend,8,2,1000.0,187.5,187.5,-812.5,-812.5
super,威力彩,2025-W49,holdout,trained_family_ensemble,8,2,1000.0,262.5,262.5,-737.5,-737.5
super,威力彩,2025-W50,holdout,current_ensemble,8,2,1000.0,200.0,200.0,-800.0,-800.0
super,威力彩,2025-W50,holdout,random_5,8,2,1000.0,225.0,225.0,-775.0,-775.0
super,威力彩,2025-W50,holdout,trained_best_5,8,2,1000.0,25.0,25.0,-975.0,-975.0
super,威力彩,2025-W50,holdout,trained_blend,8,2,1000.0,250.0,250.0,-750.0,-750.0
super,威力彩,2025-W50,holdout,trained_family_ensemble,8,2,1000.0,150.0,150.0,-850.0,-850.0
super,威力彩,2025-W51,holdout,current_ensemble,8,2,1000.0,637.5,637.5,-362.5,-362.5
super,威力彩,2025-W51,holdout,random_5,8,2,1000.0,200.0,200.0,-800.0,-800.0
super,威力彩,2025-W51,holdout,trained_best_5,8,2,1000.0,87.5,87.5,-912.5,-912.5
super,威力彩,2025-W51,holdout,trained_blend,8,2,1000.0,662.5,662.5,-337.5,-337.5
super,威力彩,2025-W51,holdout,trained_family_ensemble,8,2,1000.0,675.0,675.0,-325.0,-325.0
super,威力彩,2025-W52,holdout,current_ensemble,8,2,1000.0,250.0,250.0,-750.0,-750.0
super,威力彩,2025-W52,holdout,random_5,8,2,1000.0,262.5,262.5,-737.5,-737.5
super,威力彩,2025-W52,holdout,trained_best_5,8,2,1000.0,125.0,125.0,-875.0,-875.0
super,威力彩,2025-W52,holdout,trained_blend,8,2,1000.0,212.5,212.5,-787.5,-787.5
super,威力彩,2025-W52,holdout,trained_family_ensemble,8,2,1000.0,237.5,237.5,-762.5,-762.5
super,威力彩,2026-W01,holdout,current_ensemble,8,2,1000.0,125.0,125.0,-875.0,-875.0
super,威力彩,2026-W01,holdout,random_5,8,2,1000.0,237.5,237.5,-762.5,-762.5
super,威力彩,2026-W01,holdout,trained_best_5,8,2,1000.0,200.0,200.0,-800.0,-800.0
super,威力彩,2026-W01,holdout,trained_blend,8,2,1000.0,237.5,237.5,-762.5,-762.5
super,威力彩,2026-W01,holdout,trained_family_ensemble,8,2,1000.0,150.0,150.0,-850.0,-850.0
super,威力彩,2026-W02,holdout,current_ensemble,8,2,1000.0,175.0,175.0,-825.0,-825.0
super,威力彩,2026-W02,holdout,random_5,8,2,1000.0,325.0,325.0,-675.0,-675.0
super,威力彩,2026-W02,holdout,trained_best_5,8,2,1000.0,325.0,325.0,-675.0,-675.0
super,威力彩,2026-W02,holdout,trained_blend,8,2,1000.0,175.0,175.0,-825.0,-825.0
super,威力彩,2026-W02,holdout,trained_family_ensemble,8,2,1000.0,300.0,300.0,-700.0,-700.0
super,威力彩,2026-W03,holdout,current_ensemble,8,2,1000.0,212.5,212.5,-787.5,-787.5
super,威力彩,2026-W03,holdout,random_5,8,2,1000.0,137.5,137.5,-862.5,-862.5
super,威力彩,2026-W03,holdout,trained_best_5,8,2,1000.0,137.5,137.5,-862.5,-862.5
super,威力彩,2026-W03,holdout,trained_blend,8,2,1000.0,187.5,187.5,-812.5,-812.5
super,威力彩,2026-W03,holdout,trained_family_ensemble,8,2,1000.0,187.5,187.5,-812.5,-812.5
super,威力彩,2026-W04,holdout,current_ensemble,8,2,1000.0,275.0,275.0,-725.0,-725.0
super,威力彩,2026-W04,holdout,random_5,8,2,1000.0,112.5,112.5,-887.5,-887.5
super,威力彩,2026-W04,holdout,trained_best_5,8,2,1000.0,200.0,200.0,-800.0,-800.0
super,威力彩,2026-W04,holdout,trained_blend,8,2,1000.0,125.0,125.0,-875.0,-875.0
super,威力彩,2026-W04,holdout,trained_family_ensemble,8,2,1000.0,187.5,187.5,-812.5,-812.5
super,威力彩,2026-W05,holdout,current_ensemble,8,2,1000.0,262.5,262.5,-737.5,-737.5
super,威力彩,2026-W05,holdout,random_5,8,2,1000.0,212.5,212.5,-787.5,-787.5
super,威力彩,2026-W05,holdout,trained_best_5,8,2,1000.0,162.5,162.5,-837.5,-837.5
super,威力彩,2026-W05,holdout,trained_blend,8,2,1000.0,212.5,212.5,-787.5,-787.5
super,威力彩,2026-W05,holdout,trained_family_ensemble,8,2,1000.0,287.5,287.5,-712.5,-712.5
super,威力彩,2026-W06,holdout,current_ensemble,8,2,1000.0,225.0,225.0,-775.0,-775.0
super,威力彩,2026-W06,holdout,random_5,8,2,1000.0,287.5,287.5,-712.5,-712.5
super,威力彩,2026-W06,holdout,trained_best_5,8,2,1000.0,250.0,250.0,-750.0,-750.0
super,威力彩,2026-W06,holdout,trained_blend,8,2,1000.0,450.0,450.0,-550.0,-550.0
super,威力彩,2026-W06,holdout,trained_family_ensemble,8,2,1000.0,175.0,175.0,-825.0,-825.0
super,威力彩,2026-W07,holdout,current_ensemble,8,2,1000.0,250.0,250.0,-750.0,-750.0
super,威力彩,2026-W07,holdout,random_5,8,2,1000.0,137.5,137.5,-862.5,-862.5
super,威力彩,2026-W07,holdout,trained_best_5,8,2,1000.0,150.0,150.0,-850.0,-850.0
super,威力彩,2026-W07,holdout,trained_blend,8,2,1000.0,262.5,262.5,-737.5,-737.5
super,威力彩,2026-W07,holdout,trained_family_ensemble,8,2,1000.0,212.5,212.5,-787.5,-787.5
super,威力彩,2026-W08,holdout,current_ensemble,8,2,1000.0,112.5,112.5,-887.5,-887.5
super,威力彩,2026-W08,holdout,random_5,8,2,1000.0,75.0,75.0,-925.0,-925.0
super,威力彩,2026-W08,holdout,trained_best_5,8,2,1000.0,200.0,200.0,-800.0,-800.0
super,威力彩,2026-W08,holdout,trained_blend,8,2,1000.0,237.5,237.5,-762.5,-762.5
super,威力彩,2026-W08,holdout,trained_family_ensemble,8,2,1000.0,200.0,200.0,-800.0,-800.0
super,威力彩,2026-W09,holdout,current_ensemble,8,2,1000.0,75.0,75.0,-925.0,-925.0
super,威力彩,2026-W09,holdout,random_5,8,2,1000.0,287.5,287.5,-712.5,-712.5
super,威力彩,2026-W09,holdout,trained_best_5,8,2,1000.0,137.5,137.5,-862.5,-862.5
super,威力彩,2026-W09,holdout,trained_blend,8,2,1000.0,87.5,87.5,-912.5,-912.5
super,威力彩,2026-W09,holdout,trained_family_ensemble,8,2,1000.0,112.5,112.5,-887.5,-887.5
super,威力彩,2026-W10,holdout,current_ensemble,8,2,1000.0,150.0,150.0,-850.0,-850.0
super,威力彩,2026-W10,holdout,random_5,8,2,1000.0,187.5,187.5,-812.5,-812.5
super,威力彩,2026-W10,holdout,trained_best_5,8,2,1000.0,162.5,162.5,-837.5,-837.5
super,威力彩,2026-W10,holdout,trained_blend,8,2,1000.0,187.5,187.5,-812.5,-812.5
super,威力彩,2026-W10,holdout,trained_family_ensemble,8,2,1000.0,187.5,187.5,-812.5,-812.5
super,威力彩,2026-W11,holdout,current_ensemble,8,2,1000.0,125.0,125.0,-875.0,-875.0
super,威力彩,2026-W11,holdout,random_5,8,2,1000.0,162.5,162.5,-837.5,-837.5
super,威力彩,2026-W11,holdout,trained_best_5,8,2,1000.0,200.0,200.0,-800.0,-800.0
super,威力彩,2026-W11,holdout,trained_blend,8,2,1000.0,175.0,175.0,-825.0,-825.0
super,威力彩,2026-W11,holdout,trained_family_ensemble,8,2,1000.0,162.5,162.5,-837.5,-837.5
super,威力彩,2026-W12,holdout,current_ensemble,8,2,1000.0,312.5,312.5,-687.5,-687.5
super,威力彩,2026-W12,holdout,random_5,8,2,1000.0,262.5,262.5,-737.5,-737.5
super,威力彩,2026-W12,holdout,trained_best_5,8,2,1000.0,225.0,225.0,-775.0,-775.0
super,威力彩,2026-W12,holdout,trained_blend,8,2,1000.0,200.0,200.0,-800.0,-800.0
super,威力彩,2026-W12,holdout,trained_family_ensemble,8,2,1000.0,225.0,225.0,-775.0,-775.0
super,威力彩,2026-W13,holdout,current_ensemble,8,2,1000.0,275.0,275.0,-725.0,-725.0
super,威力彩,2026-W13,holdout,random_5,8,2,1000.0,212.5,212.5,-787.5,-787.5
super,威力彩,2026-W13,holdout,trained_best_5,8,2,1000.0,137.5,137.5,-862.5,-862.5
super,威力彩,2026-W13,holdout,trained_blend,8,2,1000.0,337.5,337.5,-662.5,-662.5
super,威力彩,2026-W13,holdout,trained_family_ensemble,8,2,1000.0,300.0,300.0,-700.0,-700.0
super,威力彩,2026-W14,holdout,current_ensemble,8,2,1000.0,75.0,75.0,-925.0,-925.0
super,威力彩,2026-W14,holdout,random_5,8,2,1000.0,75.0,75.0,-925.0,-925.0
super,威力彩,2026-W14,holdout,trained_best_5,8,2,1000.0,162.5,162.5,-837.5,-837.5
super,威力彩,2026-W14,holdout,trained_blend,8,2,1000.0,225.0,225.0,-775.0,-775.0
super,威力彩,2026-W14,holdout,trained_family_ensemble,8,2,1000.0,87.5,87.5,-912.5,-912.5
super,威力彩,2026-W15,holdout,current_ensemble,8,2,1000.0,150.0,150.0,-850.0,-850.0
super,威力彩,2026-W15,holdout,random_5,8,2,1000.0,212.5,212.5,-787.5,-787.5
super,威力彩,2026-W15,holdout,trained_best_5,8,2,1000.0,262.5,262.5,-737.5,-737.5
super,威力彩,2026-W15,holdout,trained_blend,8,2,1000.0,387.5,387.5,-612.5,-612.5
super,威力彩,2026-W15,holdout,trained_family_ensemble,8,2,1000.0,87.5,87.5,-912.5,-912.5
super,威力彩,2026-W16,holdout,current_ensemble,8,2,1000.0,262.5,262.5,-737.5,-737.5
super,威力彩,2026-W16,holdout,random_5,8,2,1000.0,262.5,262.5,-737.5,-737.5
super,威力彩,2026-W16,holdout,trained_best_5,8,2,1000.0,362.5,362.5,-637.5,-637.5
super,威力彩,2026-W16,holdout,trained_blend,8,2,1000.0,250.0,250.0,-750.0,-750.0
super,威力彩,2026-W16,holdout,trained_family_ensemble,8,2,1000.0,225.0,225.0,-775.0,-775.0
super,威力彩,2026-W17,holdout,current_ensemble,8,2,1000.0,137.5,137.5,-862.5,-862.5
super,威力彩,2026-W17,holdout,random_5,8,2,1000.0,162.5,162.5,-837.5,-837.5
super,威力彩,2026-W17,holdout,trained_best_5,8,2,1000.0,212.5,212.5,-787.5,-787.5
super,威力彩,2026-W17,holdout,trained_blend,8,2,1000.0,212.5,212.5,-787.5,-787.5
super,威力彩,2026-W17,holdout,trained_family_ensemble,8,2,1000.0,162.5,162.5,-837.5,-837.5
super,威力彩,2026-W18,holdout,current_ensemble,8,2,1000.0,150.0,150.0,-850.0,-850.0
super,威力彩,2026-W18,holdout,random_5,8,2,1000.0,237.5,237.5,-762.5,-762.5
super,威力彩,2026-W18,holdout,trained_best_5,8,2,1000.0,50.0,50.0,-950.0,-950.0
super,威力彩,2026-W18,holdout,trained_blend,8,2,1000.0,137.5,137.5,-862.5,-862.5
super,威力彩,2026-W18,holdout,trained_family_ensemble,8,2,1000.0,137.5,137.5,-862.5,-862.5
super,威力彩,2026-W19,holdout,current_ensemble,8,2,1000.0,112.5,112.5,-887.5,-887.5
super,威力彩,2026-W19,holdout,random_5,8,2,1000.0,325.0,325.0,-675.0,-675.0
super,威力彩,2026-W19,holdout,trained_best_5,8,2,1000.0,250.0,250.0,-750.0,-750.0
super,威力彩,2026-W19,holdout,trained_blend,8,2,1000.0,137.5,137.5,-862.5,-862.5
super,威力彩,2026-W19,holdout,trained_family_ensemble,8,2,1000.0,175.0,175.0,-825.0,-825.0
super,威力彩,2026-W20,holdout,current_ensemble,8,2,1000.0,150.0,150.0,-850.0,-850.0
super,威力彩,2026-W20,holdout,random_5,8,2,1000.0,112.5,112.5,-887.5,-887.5
super,威力彩,2026-W20,holdout,trained_best_5,8,2,1000.0,62.5,62.5,-937.5,-937.5
super,威力彩,2026-W20,holdout,trained_blend,8,2,1000.0,137.5,137.5,-862.5,-862.5
super,威力彩,2026-W20,holdout,trained_family_ensemble,8,2,1000.0,100.0,100.0,-900.0,-900.0
super,威力彩,2026-W21,holdout,current_ensemble,8,2,1000.0,350.0,350.0,-650.0,-650.0
super,威力彩,2026-W21,holdout,random_5,8,2,1000.0,262.5,262.5,-737.5,-737.5
super,威力彩,2026-W21,holdout,trained_best_5,8,2,1000.0,250.0,250.0,-750.0,-750.0
super,威力彩,2026-W21,holdout,trained_blend,8,2,1000.0,262.5,262.5,-737.5,-737.5
super,威力彩,2026-W21,holdout,trained_family_ensemble,8,2,1000.0,387.5,387.5,-612.5,-612.5
super,威力彩,2026-W22,holdout,current_ensemble,8,2,1000.0,150.0,150.0,-850.0,-850.0
super,威力彩,2026-W22,holdout,random_5,8,2,1000.0,150.0,150.0,-850.0,-850.0
super,威力彩,2026-W22,holdout,trained_best_5,8,2,1000.0,12.5,12.5,-987.5,-987.5
super,威力彩,2026-W22,holdout,trained_blend,8,2,1000.0,100.0,100.0,-900.0,-900.0
super,威力彩,2026-W22,holdout,trained_family_ensemble,8,2,1000.0,175.0,175.0,-825.0,-825.0
super,威力彩,2026-W23,holdout,current_ensemble,8,2,1000.0,75.0,75.0,-925.0,-925.0
super,威力彩,2026-W23,holdout,random_5,8,2,1000.0,200.0,200.0,-800.0,-800.0
super,威力彩,2026-W23,holdout,trained_best_5,8,2,1000.0,75.0,75.0,-925.0,-925.0
super,威力彩,2026-W23,holdout,trained_blend,8,2,1000.0,62.5,62.5,-937.5,-937.5
super,威力彩,2026-W23,holdout,trained_family_ensemble,8,2,1000.0,75.0,75.0,-925.0,-925.0
super,威力彩,2026-W24,holdout,current_ensemble,8,2,1000.0,112.5,112.5,-887.5,-887.5
super,威力彩,2026-W24,holdout,random_5,8,2,1000.0,150.0,150.0,-850.0,-850.0
super,威力彩,2026-W24,holdout,trained_best_5,8,2,1000.0,250.0,250.0,-750.0,-750.0
super,威力彩,2026-W24,holdout,trained_blend,8,2,1000.0,100.0,100.0,-900.0,-900.0
super,威力彩,2026-W24,holdout,trained_family_ensemble,8,2,1000.0,162.5,162.5,-837.5,-837.5
super,威力彩,2026-W25,holdout,current_ensemble,8,2,1000.0,200.0,200.0,-800.0,-800.0
super,威力彩,2026-W25,holdout,random_5,8,2,1000.0,100.0,100.0,-900.0,-900.0
super,威力彩,2026-W25,holdout,trained_best_5,8,2,1000.0,112.5,112.5,-887.5,-887.5
super,威力彩,2026-W25,holdout,trained_blend,8,2,1000.0,150.0,150.0,-850.0,-850.0
super,威力彩,2026-W25,holdout,trained_family_ensemble,8,2,1000.0,137.5,137.5,-862.5,-862.5
super,威力彩,2026-W26,holdout,current_ensemble,8,2,1000.0,262.5,262.5,-737.5,-737.5
super,威力彩,2026-W26,holdout,random_5,8,2,1000.0,125.0,125.0,-875.0,-875.0
super,威力彩,2026-W26,holdout,trained_best_5,8,2,1000.0,587.5,587.5,-412.5,-412.5
super,威力彩,2026-W26,holdout,trained_blend,8,2,1000.0,262.5,262.5,-737.5,-737.5
super,威力彩,2026-W26,holdout,trained_family_ensemble,8,2,1000.0,237.5,237.5,-762.5,-762.5
super,威力彩,2026-W27,holdout,current_ensemble,8,2,1000.0,87.5,87.5,-912.5,-912.5
super,威力彩,2026-W27,holdout,random_5,8,2,1000.0,112.5,112.5,-887.5,-887.5
super,威力彩,2026-W27,holdout,trained_best_5,8,2,1000.0,225.0,225.0,-775.0,-775.0
super,威力彩,2026-W27,holdout,trained_blend,8,2,1000.0,275.0,275.0,-725.0,-725.0
super,威力彩,2026-W27,holdout,trained_family_ensemble,8,2,1000.0,112.5,112.5,-887.5,-887.5
super,威力彩,2026-W28,holdout,current_ensemble,8,2,1000.0,87.5,87.5,-912.5,-912.5
super,威力彩,2026-W28,holdout,random_5,8,2,1000.0,150.0,150.0,-850.0,-850.0
super,威力彩,2026-W28,holdout,trained_best_5,8,2,1000.0,175.0,175.0,-825.0,-825.0
super,威力彩,2026-W28,holdout,trained_blend,8,2,1000.0,200.0,200.0,-800.0,-800.0
super,威力彩,2026-W28,holdout,trained_family_ensemble,8,2,1000.0,87.5,87.5,-912.5,-912.5
super,威力彩,2026-W29,holdout,current_ensemble,8,2,1000.0,225.0,225.0,-775.0,-775.0
super,威力彩,2026-W29,holdout,random_5,8,2,1000.0,87.5,87.5,-912.5,-912.5
super,威力彩,2026-W29,holdout,trained_best_5,8,2,1000.0,250.0,250.0,-750.0,-750.0
super,威力彩,2026-W29,holdout,trained_blend,8,2,1000.0,300.0,300.0,-700.0,-700.0
super,威力彩,2026-W29,holdout,trained_family_ensemble,8,2,1000.0,150.0,150.0,-850.0,-850.0
