stage,policy_id,game,game_name,split,weeks,draws,replicates,cost_per_replicate,raw_roi_mean,raw_roi_median,robust_roi_mean,fixed_roi_mean,delta_robust_roi_mean,delta_robust_roi_median,delta_ci_low,delta_ci_high,delta_fixed_roi_mean,delta_fixed_ci_low,delta_fixed_ci_high,positive_replicate_rate,active_week_rate,active_week_win_rate,median_max_drawdown,hits_per_replicate,top2_hits_all_replicates
coarse,candidate__antipop_m035_d055,super,威力彩,holdout,242,484,8,242000,-0.7989669421487604,-0.8041322314049587,-0.7989669421487604,-0.7989669421487604,-0.013016528925619835,0.00371900826446281,-0.013016528925619834,-0.013016528925619834,-0.013016528925619835,-0.013016528925619834,-0.013016528925619834,0.625,0.9793388429752066,0.510548523206751,-194600.0,279.875,0
coarse,candidate__antipop_m035_d055,super,威力彩,train,482,963,8,481500,-0.7895604880581516,-0.7868930425752856,-0.7895604880581516,-0.7895604880581516,-0.024036604361370714,0.029011422637590864,-0.02358635892116183,-0.02358635892116183,-0.024036604361370714,-0.02358635892116183,-0.02358635892116183,0.625,0.9771784232365145,0.4734607218683652,-379191.5,573.125,0
coarse,candidate__antipop_m035_d055,super,威力彩,validation,241,482,8,241000,-0.8010892116182573,-0.8018672199170125,-0.8010892116182573,-0.8010892116182573,0.01058091286307054,0.008298755186721992,0.010580912863070538,0.010580912863070538,0.01058091286307054,0.010580912863070538,0.010580912863070538,0.75,0.9585062240663901,0.4935064935064935,-194000.0,285.375,0
coarse,candidate__antipop_m035_d075,super,威力彩,holdout,242,484,8,242000,-0.7953512396694215,-0.8045454545454546,-0.7953512396694215,-0.7953512396694215,-0.009400826446280992,0.018801652892561985,-0.00940082644628099,-0.00940082644628099,-0.009400826446280992,-0.00940082644628099,-0.00940082644628099,0.625,0.9710743801652892,0.4723404255319149,-194700.0,279.625,0
coarse,candidate__antipop_m035_d075,super,威力彩,train,482,963,8,481500,-0.8080685358255452,-0.8130134994807892,-0.8080685358255452,-0.8080685358255452,-0.04254465212876427,-0.008878504672897195,-0.042110217842323654,-0.042110217842323654,-0.04254465212876427,-0.042110217842323654,-0.042110217842323654,0.25,0.9730290456431535,0.47761194029850745,-391466.0,574.75,0
coarse,candidate__antipop_m035_d075,super,威力彩,validation,241,482,8,241000,-0.7830394190871369,-0.8114107883817427,-0.7830394190871369,-0.7830394190871369,0.02863070539419087,0.008506224066390042,0.02863070539419087,0.02863070539419087,0.02863070539419087,0.02863070539419087,0.02863070539419087,0.75,0.970954356846473,0.5085470085470085,-195550.0,288.0,0
coarse,candidate__antipop_m035_d090,super,威力彩,holdout,242,484,8,242000,-0.7997417355371901,-0.8076446280991736,-0.7997417355371901,-0.7997417355371901,-0.013791322314049587,0.0014462809917355369,-0.013791322314049587,-0.013791322314049587,-0.013791322314049587,-0.013791322314049587,-0.013791322314049587,0.5,0.9752066115702479,0.5084745762711864,-195450.0,282.75,0
coarse,candidate__antipop_m035_d090,super,威力彩,train,482,963,8,481500,-0.8126715991692627,-0.8165347871235722,-0.8126715991692627,-0.8126715991692627,-0.047147715472481824,-0.01647455867082035,-0.04696913900414938,-0.04696913900414938,-0.047147715472481824,-0.04696913900414938,-0.04696913900414938,0.25,0.9688796680497925,0.49036402569593146,-393161.5,571.625,0
coarse,candidate__antipop_m035_d090,super,威力彩,validation,241,482,8,241000,-0.7982883817427385,-0.8151452282157676,-0.7982883817427385,-0.7982883817427385,0.013381742738589211,0.012863070539419087,0.013381742738589213,0.013381742738589213,0.013381742738589211,0.013381742738589213,0.013381742738589213,0.625,0.9875518672199171,0.5168067226890757,-196450.0,286.875,0
coarse,candidate__antipop_m060_d055,super,威力彩,holdout,242,484,8,242000,-0.790650826446281,-0.8018595041322314,-0.790650826446281,-0.790650826446281,-0.004700413223140498,-0.009297520661157025,-0.004700413223140494,-0.004700413223140494,-0.004700413223140498,-0.004700413223140494,-0.004700413223140494,0.375,0.9752066115702479,0.4915254237288136,-194050.0,279.875,0
coarse,candidate__antipop_m060_d055,super,威力彩,train,482,963,8,481500,-0.7637380581516096,-0.7950404984423676,-0.7637380581516096,-0.7637380581516096,0.001785825545171346,-0.00546521287642783,0.0018617738589211579,0.0018617738589211579,0.001785825545171346,0.0018617738589211579,0.0018617738589211579,0.375,0.975103734439834,0.48723404255319147,-382812.0,566.125,0
coarse,candidate__antipop_m060_d055,super,威力彩,validation,241,482,8,241000,-0.7991182572614108,-0.8159751037344398,-0.7991182572614108,-0.7991182572614108,0.012551867219917011,-0.003112033195020747,0.012551867219917011,0.012551867219917011,0.012551867219917011,0.012551867219917011,0.012551867219917011,0.5,0.979253112033195,0.5,-196650.0,284.5,0
coarse,candidate__antipop_m060_d075,super,威力彩,holdout,242,484,8,242000,-0.8050619834710744,-0.8161157024793388,-0.8050619834710744,-0.8050619834710744,-0.019111570247933883,-0.022520661157024793,-0.019111570247933883,-0.019111570247933883,-0.019111570247933883,-0.019111570247933883,-0.019111570247933883,0.375,0.9793388429752066,0.5063291139240507,-197500.0,286.875,0
coarse,candidate__antipop_m060_d075,super,威力彩,train,482,963,8,481500,-0.7996555036344756,-0.8060841121495327,-0.7996555036344756,-0.7996555036344756,-0.03413161993769471,-0.006130841121495327,-0.03407028008298754,-0.03407028008298754,-0.03413161993769471,-0.03407028008298754,-0.03407028008298754,0.375,0.9813278008298755,0.5010570824524313,-388129.5,567.75,0
coarse,candidate__antipop_m060_d075,super,威力彩,validation,241,482,8,241000,-0.7898340248962655,-0.7890041493775934,-0.7898340248962655,-0.7898340248962655,0.02183609958506224,0.02116182572614108,0.021836099585062243,0.021836099585062243,0.02183609958506224,0.021836099585062243,0.021836099585062243,0.625,0.970954356846473,0.47435897435897434,-195350.0,277.25,0
coarse,candidate__antipop_m060_d090,super,威力彩,holdout,242,484,8,242000,-0.8039772727272727,-0.8043388429752065,-0.8039772727272727,-0.8039772727272727,-0.01802685950413223,-0.011363636363636364,-0.018026859504132235,-0.018026859504132235,-0.01802685950413223,-0.018026859504132235,-0.018026859504132235,0.375,0.9628099173553719,0.5064377682403434,-194650.0,282.0,0
coarse,candidate__antipop_m060_d090,super,威力彩,train,482,963,8,481500,-0.8091882139148494,-0.8158380062305296,-0.8091882139148494,-0.8091882139148494,-0.04366433021806854,-0.0027289719626168224,-0.04354123443983402,-0.04354123443983402,-0.04366433021806854,-0.04354123443983402,-0.04354123443983402,0.375,0.9854771784232366,0.4694736842105263,-392826.0,563.0,0
coarse,candidate__antipop_m060_d090,super,威力彩,validation,241,482,8,241000,-0.8212655601659751,-0.8188796680497925,-0.8212655601659751,-0.8212655601659751,-0.009595435684647302,-0.005809128630705394,-0.009595435684647302,-0.009595435684647302,-0.009595435684647302,-0.009595435684647302,-0.009595435684647302,0.25,0.979253112033195,0.5254237288135594,-197350.0,277.0,0
coarse,candidate__antipop_m085_d055,super,威力彩,holdout,242,484,8,242000,-0.7996384297520661,-0.8113636363636363,-0.7996384297520661,-0.7996384297520661,-0.013688016528925621,-0.01818181818181818,-0.013688016528925621,-0.013688016528925621,-0.013688016528925621,-0.013688016528925621,-0.013688016528925621,0.375,0.9669421487603306,0.49145299145299143,-196350.0,274.125,0
coarse,candidate__antipop_m085_d055,super,威力彩,train,482,963,8,481500,-0.7580376427829699,-0.7919148494288681,-0.7580376427829699,-0.7580376427829699,0.007486240913811007,0.0017995846313603324,0.007920643153526969,0.007920643153526969,0.007486240913811007,0.007920643153526969,0.007920643153526969,0.5,0.979253112033195,0.4936440677966102,-382507.0,561.75,0
coarse,candidate__antipop_m085_d055,super,威力彩,validation,241,482,8,241000,-0.8035788381742739,-0.8122406639004149,-0.8035788381742739,-0.8035788381742739,0.008091286307053941,-0.004356846473029046,0.008091286307053941,0.008091286307053941,0.008091286307053941,0.008091286307053941,0.008091286307053941,0.5,0.9585062240663901,0.5324675324675324,-195800.0,279.75,0
coarse,candidate__antipop_m085_d075,super,威力彩,holdout,242,484,8,242000,-0.8127066115702479,-0.8165289256198347,-0.8127066115702479,-0.8127066115702479,-0.02675619834710744,-0.008471074380165288,-0.026756198347107435,-0.026756198347107435,-0.02675619834710744,-0.026756198347107435,-0.026756198347107435,0.375,0.9917355371900827,0.5,-197600.0,280.375,0
coarse,candidate__antipop_m085_d075,super,威力彩,train,482,963,8,481500,-0.7884091381100727,-0.7908276220145378,-0.7884091381100727,-0.7884091381100727,-0.022885254413291794,0.011146417445482866,-0.02280964730290457,-0.02280964730290457,-0.022885254413291794,-0.02280964730290457,-0.02280964730290457,0.5,0.9647302904564315,0.4881720430107527,-380783.5,566.875,0
coarse,candidate__antipop_m085_d075,super,威力彩,validation,241,482,8,241000,-0.7236514522821577,-0.8128630705394191,-0.7236514522821577,-0.7236514522821577,0.08801867219917013,0.016390041493775934,0.08801867219917013,0.08801867219917013,0.08801867219917013,0.08801867219917013,0.08801867219917013,0.625,0.983402489626556,0.540084388185654,-195900.0,284.5,0
coarse,candidate__antipop_m085_d090,super,威力彩,holdout,242,484,8,242000,-0.7976756198347108,-0.8,-0.7976756198347108,-0.7976756198347108,-0.011725206611570248,-0.0014462809917355369,-0.011725206611570248,-0.011725206611570248,-0.011725206611570248,-0.011725206611570248,-0.011725206611570248,0.5,0.987603305785124,0.5188284518828452,-193600.0,288.625,0
coarse,candidate__antipop_m085_d090,super,威力彩,train,482,963,8,481500,-0.7596121495327103,-0.7946085150571132,-0.7596121495327103,-0.7596121495327103,0.005911734164070616,0.009133956386292837,0.005931535269709538,0.005931535269709538,0.005911734164070616,0.005931535269709538,0.005931535269709538,0.5,0.983402489626556,0.48945147679324896,-382604.0,571.5,0
coarse,candidate__antipop_m085_d090,super,威力彩,validation,241,482,8,241000,-0.8035788381742739,-0.8134854771784232,-0.8035788381742739,-0.8035788381742739,0.008091286307053943,0.0010373443983402492,0.008091286307053941,0.008091286307053941,0.008091286307053943,0.008091286307053941,0.008091286307053941,0.5,0.979253112033195,0.5042372881355932,-196050.0,283.375,0
coarse,candidate__balance_loose,super,威力彩,holdout,242,484,8,242000,-0.7983987603305785,-0.8055785123966942,-0.7983987603305785,-0.7983987603305785,-0.012448347107438015,-0.0006198347107438017,-0.012448347107438017,-0.012448347107438017,-0.012448347107438015,-0.012448347107438017,-0.012448347107438017,0.375,0.8264462809917356,0.48,-194950.0,281.25,0
coarse,candidate__balance_loose,super,威力彩,train,482,963,8,481500,-0.7653483904465213,-0.8089439252336448,-0.7653483904465213,-0.7653483904465213,0.00017549325025960537,-3.530633437175493e-05,0.00017531120331950204,0.00017531120331950204,0.00017549325025960537,0.00017531120331950204,0.00017531120331950204,0.375,0.8008298755186722,0.5,-389506.5,572.0,0
coarse,candidate__balance_loose,super,威力彩,validation,241,482,8,241000,-0.7984958506224067,-0.8172199170124481,-0.7984958506224067,-0.7984958506224067,0.013174273858921162,0.0056016597510373444,0.013174273858921162,0.013174273858921162,0.013174273858921162,0.013174273858921162,0.013174273858921162,0.625,0.7800829875518672,0.5372340425531915,-196950.0,285.25,0
coarse,candidate__balance_standard,super,威力彩,holdout,242,484,8,242000,-0.7946797520661157,-0.8128099173553719,-0.7946797520661157,-0.7946797520661157,-0.008729338842975207,-0.001859504132231405,-0.008729338842975208,-0.008729338842975208,-0.008729338842975207,-0.008729338842975208,-0.008729338842975208,0.375,0.9710743801652892,0.48936170212765956,-196700.0,284.125,0
coarse,candidate__balance_standard,super,威力彩,train,482,963,8,481500,-0.7706840602284527,-0.8127487019730011,-0.7706840602284527,-0.7706840602284527,-0.005160176531671859,-0.003245067497403946,-0.0050510892116182576,-0.0050510892116182576,-0.005160176531671859,-0.0050510892116182576,-0.0050510892116182576,0.375,0.9585062240663901,0.48917748917748916,-391338.5,574.0,0
coarse,candidate__balance_standard,super,威力彩,validation,241,482,8,241000,-0.8067427385892116,-0.8056016597510374,-0.8067427385892116,-0.8067427385892116,0.004927385892116183,0.004979253112033195,0.004927385892116183,0.004927385892116183,0.004927385892116183,0.004927385892116183,0.004927385892116183,0.625,0.941908713692946,0.5506607929515418,-194150.0,299.25,0
coarse,candidate__balance_tight,super,威力彩,holdout,242,484,8,242000,-0.8023243801652893,-0.8103305785123966,-0.8023243801652893,-0.8023243801652893,-0.01637396694214876,-0.0128099173553719,-0.016373966942148762,-0.016373966942148762,-0.01637396694214876,-0.016373966942148762,-0.016373966942148762,0.375,0.9628099173553719,0.5107296137339056,-196100.0,289.0,0
coarse,candidate__balance_tight,super,威力彩,train,482,963,8,481500,-0.7939774143302181,-0.8028026998961578,-0.7939774143302181,-0.7939774143302181,-0.02845353063343718,-0.002509865005192108,-0.028475881742738587,-0.028475881742738587,-0.02845353063343718,-0.028475881742738587,-0.028475881742738587,0.5,0.9854771784232366,0.4610526315789474,-386549.5,567.75,0
coarse,candidate__balance_tight,super,威力彩,validation,241,482,8,241000,-0.8108402489626556,-0.8130705394190871,-0.8108402489626556,-0.8108402489626556,0.0008298755186721983,0.0035269709543568465,0.0008298755186721997,0.0008298755186721997,0.0008298755186721983,0.0008298755186721997,0.0008298755186721997,0.5,0.9626556016597511,0.5344827586206896,-195950.0,289.5,0
coarse,candidate__cold_g075_c2,super,威力彩,holdout,242,484,8,242000,-0.7870867768595041,-0.7989669421487603,-0.7870867768595041,-0.7870867768595041,-0.0011363636363636365,-0.0006198347107438016,-0.0011363636363636378,-0.0011363636363636378,-0.0011363636363636365,-0.0011363636363636378,-0.0011363636363636378,0.5,0.9628099173553719,0.44635193133047213,-193350.0,297.125,0
coarse,candidate__cold_g075_c2,super,威力彩,train,482,963,8,481500,-0.7673598130841122,-0.8092731048805816,-0.7673598130841122,-0.7673598130841122,-0.001835929387331256,-0.012471443406022846,-0.0017471473029045653,-0.0017471473029045653,-0.001835929387331256,-0.0017471473029045653,-0.0017471473029045653,0.375,0.983402489626556,0.4409282700421941,-389782.5,568.625,0
coarse,candidate__cold_g075_c2,super,威力彩,validation,241,482,8,241000,-0.7280082987551867,-0.7923236514522822,-0.7280082987551867,-0.7280082987551867,0.08366182572614107,0.03568464730290456,0.08366182572614109,0.08366182572614109,0.08366182572614107,0.08366182572614109,0.08366182572614109,0.75,0.979253112033195,0.5084745762711864,-190950.0,272.625,0
coarse,candidate__cold_g075_c4,super,威力彩,holdout,242,484,8,242000,-0.7787706611570248,-0.7756198347107438,-0.7787706611570248,-0.7787706611570248,0.007179752066115701,0.006198347107438017,0.007179752066115704,0.007179752066115704,0.007179752066115701,0.007179752066115704,0.007179752066115704,0.5,0.9710743801652892,0.4851063829787234,-187700.0,304.125,0
coarse,candidate__cold_g075_c4,super,威力彩,train,482,963,8,481500,-0.7623634475597092,-0.8016282450674974,-0.7623634475597092,-0.7623634475597092,0.00316043613707165,-0.013490134994807893,0.0032440352697095448,0.0032440352697095448,0.00316043613707165,0.0032440352697095448,0.0032440352697095448,0.375,0.9875518672199171,0.4432773109243697,-385984.0,569.625,0
coarse,candidate__cold_g075_c4,super,威力彩,validation,241,482,8,241000,-0.8225622406639004,-0.816597510373444,-0.8225622406639004,-0.8225622406639004,-0.010892116182572614,-0.007883817427385892,-0.010892116182572615,-0.010892116182572615,-0.010892116182572614,-0.010892116182572615,-0.010892116182572615,0.375,0.983402489626556,0.4472573839662447,-196800.0,267.125,0
coarse,candidate__cold_g075_c8,super,威力彩,holdout,242,484,8,242000,-0.8027892561983472,-0.803099173553719,-0.8027892561983472,-0.8027892561983472,-0.016838842975206613,0.0022727272727272726,-0.01683884297520661,-0.01683884297520661,-0.016838842975206613,-0.01683884297520661,-0.01683884297520661,0.5,0.9752066115702479,0.5338983050847458,-194350.0,303.875,0
coarse,candidate__cold_g075_c8,super,威力彩,train,482,963,8,481500,-0.7161783489096574,-0.7766531671858775,-0.7161783489096574,-0.7161783489096574,0.04934553478712357,0.005948078920041537,0.04938122406639004,0.04938122406639004,0.04934553478712357,0.04938122406639004,0.04938122406639004,0.5,0.9854771784232366,0.4631578947368421,-374638.5,558.0,0
coarse,candidate__cold_g075_c8,super,威力彩,validation,241,482,8,241000,-0.8065871369294606,-0.8141078838174274,-0.8065871369294606,-0.8065871369294606,0.005082987551867219,0.0031120331950207467,0.00508298755186722,0.00508298755186722,0.005082987551867219,0.00508298755186722,0.00508298755186722,0.625,0.979253112033195,0.4406779661016949,-196200.0,268.75,0
coarse,candidate__cold_g150_c2,super,威力彩,holdout,242,484,8,242000,-0.7827479338842975,-0.8024793388429752,-0.7827479338842975,-0.7827479338842975,0.003202479338842973,0.023140495867768597,0.003202479338842976,0.003202479338842976,0.003202479338842973,0.003202479338842976,0.003202479338842976,0.625,0.9917355371900827,0.4791666666666667,-194200.0,306.0,0
coarse,candidate__cold_g150_c2,super,威力彩,train,482,963,8,481500,-0.5210778816199377,-0.8032585669781931,-0.7768676012461059,-0.7768676012461059,-0.01134371754932503,-0.0036209761163032194,-0.011245072614107883,-0.011245072614107883,-0.01134371754932503,-0.011245072614107883,-0.011245072614107883,0.375,0.979253112033195,0.4406779661016949,-388586.5,567.125,1
coarse,candidate__cold_g150_c2,super,威力彩,validation,241,482,8,241000,-0.7920643153526971,-0.8099585062240664,-0.7920643153526971,-0.7920643153526971,0.019605809128630705,0.010995850622406638,0.019605809128630705,0.019605809128630705,0.019605809128630705,0.019605809128630705,0.019605809128630705,0.5,0.970954356846473,0.4188034188034188,-195200.0,266.0,0
coarse,candidate__cold_g150_c4,super,威力彩,holdout,242,484,8,242000,-0.8068698347107438,-0.8192148760330579,-0.8068698347107438,-0.8068698347107438,-0.020919421487603305,-0.02066115702479339,-0.020919421487603305,-0.020919421487603305,-0.020919421487603305,-0.020919421487603305,-0.020919421487603305,0.375,0.9669421487603306,0.41452991452991456,-198250.0,292.125,0
coarse,candidate__cold_g150_c4,super,威力彩,train,482,963,8,481500,-0.7629670301142264,-0.8012949117341641,-0.7629670301142264,-0.7629670301142264,0.0025568535825545137,0.013473520249221185,0.002641078838174276,0.002641078838174276,0.0025568535825545137,0.002641078838174276,0.002641078838174276,0.625,0.9854771784232366,0.43157894736842106,-385823.5,572.875,0
coarse,candidate__cold_g150_c4,super,威力彩,validation,241,482,8,241000,-0.8299792531120331,-0.8363070539419086,-0.8299792531120331,-0.8299792531120331,-0.018309128630705395,-0.011203319502074689,-0.018309128630705395,-0.018309128630705395,-0.018309128630705395,-0.018309128630705395,-0.018309128630705395,0.125,0.966804979253112,0.4034334763948498,-201550.0,271.375,0
coarse,candidate__cold_g150_c8,super,威力彩,holdout,242,484,8,242000,-0.8248450413223141,-0.824793388429752,-0.8248450413223141,-0.8248450413223141,-0.03889462809917355,-0.02706611570247934,-0.03889462809917355,-0.03889462809917355,-0.03889462809917355,-0.03889462809917355,-0.03889462809917355,0.375,0.9917355371900827,0.3958333333333333,-199600.0,291.625,0
coarse,candidate__cold_g150_c8,super,威力彩,train,482,963,8,481500,-0.8181690031152647,-0.8240571131879544,-0.8181690031152647,-0.8181690031152647,-0.052645119418483904,-0.012277258566978193,-0.05250363070539419,-0.05250363070539419,-0.052645119418483904,-0.05250363070539419,-0.05250363070539419,0.125,0.9771784232365145,0.4140127388535032,-396783.5,568.0,0
coarse,candidate__cold_g150_c8,super,威力彩,validation,241,482,8,241000,-0.8278008298755186,-0.8358921161825726,-0.8278008298755186,-0.8278008298755186,-0.01613070539419087,-0.01970954356846473,-0.016130705394190873,-0.016130705394190873,-0.01613070539419087,-0.016130705394190873,-0.016130705394190873,0.25,0.991701244813278,0.401673640167364,-201450.0,278.125,0
coarse,candidate__cold_g225_c2,super,威力彩,holdout,242,484,8,242000,-0.8012396694214876,-0.8099173553719008,-0.8012396694214876,-0.8012396694214876,-0.015289256198347107,0.003925619834710743,-0.015289256198347107,-0.015289256198347107,-0.015289256198347107,-0.015289256198347107,-0.015289256198347107,0.5,0.9917355371900827,0.45,-196000.0,300.375,0
coarse,candidate__cold_g225_c2,super,威力彩,train,482,963,8,481500,-0.7736814641744548,-0.8209044652128765,-0.7736814641744548,-0.7736814641744548,-0.00815758047767393,-0.00654828660436137,-0.008062240663900417,-0.008062240663900417,-0.00815758047767393,-0.008062240663900417,-0.008062240663900417,0.375,0.9854771784232366,0.4189473684210526,-395265.5,573.75,0
coarse,candidate__cold_g225_c2,super,威力彩,validation,241,482,8,241000,-0.8151970954356846,-0.8290456431535269,-0.8151970954356846,-0.8151970954356846,-0.0035269709543568452,-0.01037344398340249,-0.0035269709543568465,-0.0035269709543568465,-0.0035269709543568452,-0.0035269709543568465,-0.0035269709543568465,0.375,0.975103734439834,0.4085106382978723,-199800.0,264.875,0
coarse,candidate__cold_g225_c4,super,威力彩,holdout,242,484,8,242000,-0.8043904958677686,-0.8169421487603306,-0.8043904958677686,-0.8043904958677686,-0.018440082644628097,-0.005578512396694215,-0.018440082644628097,-0.018440082644628097,-0.018440082644628097,-0.018440082644628097,-0.018440082644628097,0.5,0.9917355371900827,0.4,-198000.0,295.875,0
coarse,candidate__cold_g225_c4,super,威力彩,train,482,963,8,481500,2.4759667705088266,-0.8104226375908619,-0.8056555036344756,-0.8056555036344756,-0.04013161993769471,-0.010696780893042577,-0.04000311203319502,-0.04000311203319502,-0.04013161993769471,-0.04000311203319502,-0.04000311203319502,0.375,0.9937759336099585,0.40501043841336115,-390218.5,570.75,1
coarse,candidate__cold_g225_c4,super,威力彩,validation,241,482,8,241000,-0.816701244813278,-0.8178423236514523,-0.816701244813278,-0.816701244813278,-0.005031120331950207,-0.00933609958506224,-0.00503112033195021,-0.00503112033195021,-0.005031120331950207,-0.00503112033195021,-0.00503112033195021,0.25,0.991701244813278,0.3723849372384937,-197100.0,275.125,0
coarse,candidate__cold_g225_c8,super,威力彩,holdout,242,484,8,242000,-0.8220041322314049,-0.8359504132231405,-0.8220041322314049,-0.8220041322314049,-0.03605371900826446,-0.017355371900826446,-0.03605371900826446,-0.03605371900826446,-0.03605371900826446,-0.03605371900826446,-0.03605371900826446,0.25,0.9834710743801653,0.36134453781512604,-202300.0,287.375,0
coarse,candidate__cold_g225_c8,super,威力彩,train,482,963,8,481500,-0.8153489096573209,-0.8187341640706127,-0.8153489096573209,-0.8153489096573209,-0.04982502596053998,-0.011589823468328141,-0.049686462655601664,-0.049686462655601664,-0.04982502596053998,-0.049686462655601664,-0.049686462655601664,0.375,0.991701244813278,0.3682008368200837,-394220.5,564.125,0
coarse,candidate__cold_g225_c8,super,威力彩,validation,241,482,8,241000,-0.8175829875518672,-0.8257261410788381,-0.8175829875518672,-0.8175829875518672,-0.005912863070539421,-0.01950207468879668,-0.005912863070539422,-0.005912863070539422,-0.005912863070539421,-0.005912863070539422,-0.005912863070539422,0.375,0.991701244813278,0.35564853556485354,-199000.0,274.75,0
coarse,candidate__hot_w100_d094,super,威力彩,holdout,242,484,8,242000,-0.8066632231404959,-0.8076446280991736,-0.8066632231404959,-0.8066632231404959,-0.02071280991735537,-0.01714876033057851,-0.020712809917355367,-0.020712809917355367,-0.02071280991735537,-0.020712809917355367,-0.020712809917355367,0.375,0.9917355371900827,0.4708333333333333,-196450.0,282.625,0
coarse,candidate__hot_w100_d094,super,威力彩,train,482,963,8,481500,-0.8011391484942887,-0.8015389408099689,-0.8011391484942887,-0.8011391484942887,-0.03561526479750779,-0.007259605399792316,-0.0354914419087137,-0.0354914419087137,-0.03561526479750779,-0.0354914419087137,-0.0354914419087137,0.375,0.983402489626556,0.4873417721518987,-386105.0,578.875,0
coarse,candidate__hot_w100_d094,super,威力彩,validation,241,482,8,241000,-0.7895228215767635,-0.7939834024896266,-0.7895228215767635,-0.7895228215767635,0.022147302904564313,0.02614107883817427,0.022147302904564316,0.022147302904564316,0.022147302904564313,0.022147302904564316,0.022147302904564316,0.75,0.970954356846473,0.5085470085470085,-191350.0,287.0,0
coarse,candidate__hot_w100_d097,super,威力彩,holdout,242,484,8,242000,-0.8117768595041323,-0.8041322314049587,-0.8117768595041323,-0.8117768595041323,-0.025826446280991736,-0.01714876033057851,-0.025826446280991736,-0.025826446280991736,-0.025826446280991736,-0.025826446280991736,-0.025826446280991736,0.25,0.9793388429752066,0.4388185654008439,-197150.0,273.75,0
coarse,candidate__hot_w100_d097,super,威力彩,train,482,963,8,481500,-0.7885163551401869,-0.7865192107995846,-0.7885163551401869,-0.7885163551401869,-0.02299247144340602,0.024936656282450675,-0.022881742738589207,-0.022881742738589207,-0.02299247144340602,-0.022881742738589207,-0.022881742738589207,0.625,0.979253112033195,0.4682203389830508,-379385.5,575.375,0
coarse,candidate__hot_w100_d097,super,威力彩,validation,241,482,8,241000,-0.8065352697095436,-0.8151452282157676,-0.8065352697095436,-0.8065352697095436,0.0051348547717842315,0.00995850622406639,0.005134854771784233,0.005134854771784233,0.0051348547717842315,0.005134854771784233,0.005134854771784233,0.625,0.979253112033195,0.5338983050847458,-196450.0,286.0,0
coarse,candidate__hot_w100_d099,super,威力彩,holdout,242,484,8,242000,-0.7944731404958678,-0.7966942148760331,-0.7944731404958678,-0.7944731404958678,-0.008522727272727272,-0.004132231404958678,-0.008522727272727272,-0.008522727272727272,-0.008522727272727272,-0.008522727272727272,-0.008522727272727272,0.25,0.9752066115702479,0.4661016949152542,-194100.0,276.5,0
coarse,candidate__hot_w100_d099,super,威力彩,train,482,963,8,481500,-0.7856754932502596,-0.7872575285565939,-0.7856754932502596,-0.7856754932502596,-0.02015160955347871,0.0062429906542056076,-0.020043827800829875,-0.020043827800829875,-0.02015160955347871,-0.020043827800829875,-0.020043827800829875,0.625,0.9854771784232366,0.47789473684210526,-380555.0,568.75,0
coarse,candidate__hot_w100_d099,super,威力彩,validation,241,482,8,241000,-0.791960580912863,-0.8031120331950208,-0.791960580912863,-0.791960580912863,0.01970954356846473,0.006224066390041494,0.01970954356846473,0.01970954356846473,0.01970954356846473,0.01970954356846473,0.01970954356846473,0.625,0.995850622406639,0.5458333333333333,-193550.0,292.25,0
coarse,candidate__hot_w20_d094,super,威力彩,holdout,242,484,8,242000,-0.802892561983471,-0.8200413223140496,-0.802892561983471,-0.802892561983471,-0.01694214876033058,-0.004132231404958678,-0.01694214876033058,-0.01694214876033058,-0.01694214876033058,-0.01694214876033058,-0.01694214876033058,0.5,0.9710743801652892,0.48936170212765956,-198450.0,283.5,0
coarse,candidate__hot_w20_d094,super,威力彩,train,482,963,8,481500,-0.7919060228452752,-0.80203738317757,-0.7919060228452752,-0.7919060228452752,-0.026382139148494292,-0.0054195223260643825,-0.026267894190871367,-0.026267894190871367,-0.026382139148494292,-0.026267894190871367,-0.026267894190871367,0.375,0.9813278008298755,0.4714587737843552,-386315.0,572.125,0
coarse,candidate__hot_w20_d094,super,威力彩,validation,241,482,8,241000,-0.7977178423236515,-0.8068464730290457,-0.7977178423236515,-0.7977178423236515,0.01395228215767635,0.017427385892116183,0.01395228215767635,0.01395228215767635,0.01395228215767635,0.01395228215767635,0.01395228215767635,0.75,0.9543568464730291,0.508695652173913,-194450.0,285.25,0
coarse,candidate__hot_w20_d097,super,威力彩,holdout,242,484,8,242000,-0.7947314049586777,-0.802892561983471,-0.7947314049586777,-0.7947314049586777,-0.008780991735537189,0.0012396694214876032,-0.008780991735537187,-0.008780991735537187,-0.008780991735537189,-0.008780991735537187,-0.008780991735537187,0.5,0.9752066115702479,0.5,-194300.0,281.75,0
coarse,candidate__hot_w20_d097,super,威力彩,train,482,963,8,481500,-0.7392328660436137,-0.777858774662513,-0.7392328660436137,-0.7392328660436137,0.026291017653167183,-0.00794392523364486,0.026350622406639,0.026350622406639,0.026291017653167183,0.026350622406639,0.026350622406639,0.375,0.970954356846473,0.4722222222222222,-376350.5,570.0,0
coarse,candidate__hot_w20_d097,super,威力彩,validation,241,482,8,241000,-0.7880186721991701,-0.8064315352697096,-0.7880186721991701,-0.7880186721991701,0.023651452282157676,0.029045643153526972,0.023651452282157676,0.023651452282157676,0.023651452282157676,0.023651452282157676,0.023651452282157676,0.75,0.983402489626556,0.5147679324894515,-194350.0,289.625,0
coarse,candidate__hot_w20_d099,super,威力彩,holdout,242,484,8,242000,-0.7962809917355372,-0.8099173553719008,-0.7962809917355372,-0.7962809917355372,-0.010330578512396695,0.006198347107438017,-0.010330578512396695,-0.010330578512396695,-0.010330578512396695,-0.010330578512396695,-0.010330578512396695,0.625,0.9834710743801653,0.4957983193277311,-196000.0,282.5,0
coarse,candidate__hot_w20_d099,super,威力彩,train,482,963,8,481500,-0.7930516614745586,-0.7982326064382139,-0.7930516614745586,-0.7930516614745586,-0.02752777777777778,-0.0032118380062305294,-0.027412344398340248,-0.027412344398340248,-0.02752777777777778,-0.027412344398340248,-0.027412344398340248,0.375,0.975103734439834,0.4595744680851064,-389355.0,564.0,0
coarse,candidate__hot_w20_d099,super,威力彩,validation,241,482,8,241000,-0.7964211618257262,-0.803941908713693,-0.7964211618257262,-0.7964211618257262,0.015248962655601661,0.019087136929460582,0.01524896265560166,0.01524896265560166,0.015248962655601661,0.01524896265560166,0.01524896265560166,0.75,0.9543568464730291,0.5217391304347826,-193750.0,293.75,0
coarse,candidate__hot_w50_d094,super,威力彩,holdout,242,484,8,242000,-0.7334710743801653,-0.8119834710743802,-0.7334710743801653,-0.7334710743801653,0.052479338842975204,-0.009297520661157025,0.052479338842975204,0.052479338842975204,0.052479338842975204,0.052479338842975204,0.052479338842975204,0.5,0.9752066115702479,0.4830508474576271,-197500.0,285.0,0
coarse,candidate__hot_w50_d094,super,威力彩,train,482,963,8,481500,-0.8020218068535826,-0.8063208722741433,-0.8020218068535826,-0.8020218068535826,-0.036497923156801663,-0.002482866043613707,-0.03637318464730291,-0.03637318464730291,-0.036497923156801663,-0.03637318464730291,-0.03637318464730291,0.375,0.9875518672199171,0.46638655462184875,-388361.0,575.5,0
coarse,candidate__hot_w50_d094,super,威力彩,validation,241,482,8,241000,-0.791441908713693,-0.7989626556016598,-0.791441908713693,-0.791441908713693,0.020228215767634852,0.024481327800829875,0.020228215767634856,0.020228215767634856,0.020228215767634852,0.020228215767634856,0.020228215767634856,0.625,0.966804979253112,0.5021459227467812,-192550.0,287.0,0
coarse,candidate__hot_w50_d097,super,威力彩,holdout,242,484,8,242000,-0.809297520661157,-0.8121900826446281,-0.809297520661157,-0.809297520661157,-0.02334710743801653,-0.01797520661157025,-0.02334710743801653,-0.02334710743801653,-0.02334710743801653,-0.02334710743801653,-0.02334710743801653,0.375,0.9669421487603306,0.4230769230769231,-196550.0,280.375,0
coarse,candidate__hot_w50_d097,super,威力彩,train,482,963,8,481500,-0.7965983904465213,-0.7943239875389408,-0.7965983904465213,-0.7965983904465213,-0.031074506749740397,0.0006947040498442368,-0.03095539419087137,-0.03095539419087137,-0.031074506749740397,-0.03095539419087137,-0.03095539419087137,0.5,0.9813278008298755,0.48625792811839325,-385112.0,570.5,0
coarse,candidate__hot_w50_d097,super,威力彩,validation,241,482,8,241000,-0.803838174273859,-0.8107883817427386,-0.803838174273859,-0.803838174273859,0.00783195020746888,0.015352697095435686,0.00783195020746888,0.00783195020746888,0.00783195020746888,0.00783195020746888,0.00783195020746888,0.625,0.970954356846473,0.5256410256410257,-195400.0,285.5,0
coarse,candidate__hot_w50_d099,super,威力彩,holdout,242,484,8,242000,-0.8207644628099173,-0.818801652892562,-0.8207644628099173,-0.8207644628099173,-0.034814049586776856,-0.02190082644628099,-0.03481404958677686,-0.03481404958677686,-0.034814049586776856,-0.03481404958677686,-0.03481404958677686,0.25,0.9752066115702479,0.4703389830508475,-198150.0,281.125,0
coarse,candidate__hot_w50_d099,super,威力彩,train,482,963,8,481500,-0.7998128245067497,-0.8141858774662513,-0.7998128245067497,-0.7998128245067497,-0.034288940809968846,-0.002357217030114226,-0.034166493775933615,-0.034166493775933615,-0.034288940809968846,-0.034166493775933615,-0.034166493775933615,0.375,0.979253112033195,0.4682203389830508,-392484.5,557.875,0
coarse,candidate__hot_w50_d099,super,威力彩,validation,241,482,8,241000,-0.7902489626556016,-0.8099585062240664,-0.7902489626556016,-0.7902489626556016,0.02142116182572614,0.015352697095435686,0.02142116182572614,0.02142116182572614,0.02142116182572614,0.02142116182572614,0.02142116182572614,0.75,0.970954356846473,0.5256410256410257,-195200.0,290.25,0
coarse,random_5,super,威力彩,holdout,242,484,8,242000,-0.7859504132231405,-0.8022727272727272,-0.7859504132231405,-0.7859504132231405,0.0,0.0,0.0,0.0,0.0,0.0,0.0,0.0,0.0,0.5,-194150.0,280.5,0
coarse,random_5,super,威力彩,train,482,963,8,481500,-0.7655238836967808,-0.8131090342679128,-0.7655238836967808,-0.7655238836967808,0.0,0.0,0.0,0.0,0.0,0.0,0.0,0.0,0.0,0.5,-391512.0,568.375,0
coarse,random_5,super,威力彩,validation,241,482,8,241000,-0.8116701244813278,-0.8101659751037344,-0.8116701244813278,-0.8116701244813278,0.0,0.0,0.0,0.0,0.0,0.0,0.0,0.0,0.0,0.5,-196250.0,277.125,0
coarse,candidate__antipop_m035_d055,lotto649,大樂透,holdout,255,573,8,143250,-0.6986343804537521,-0.7068062827225131,-0.6986343804537521,-0.7128612565445026,-0.041077661431064574,-0.003176265270506108,-0.037679971988795524,-0.037679971988795524,-0.007210296684118673,-0.013434313725490199,-0.013434313725490199,0.5,0.8980392156862745,0.4585152838427948,-101550.0,86.0,0
coarse,candidate__antipop_m035_d055,lotto649,大樂透,train,510,1038,8,259500,-0.6701787090558766,-0.6719479768786127,-0.6701787090558766,-0.6701787090558766,-0.012698458574181119,-0.017314065510597304,-0.011468709150326797,-0.011468709150326797,0.00538728323699422,0.006936192810457515,0.006936192810457515,0.375,0.8627450980392157,0.49318181818181817,-176181.5,158.625,0
coarse,candidate__antipop_m035_d055,lotto649,大樂透,validation,255,542,8,135500,-0.6563745387453874,-0.6966789667896679,-0.6563745387453874,-0.6931337638376384,0.03229151291512915,0.008612546125461255,0.03325410830999067,0.03325410830999067,0.008269372693726936,0.010568814192343606,0.010568814192343606,0.5,0.8980392156862745,0.49344978165938863,-94800.0,89.875,0
coarse,candidate__antipop_m035_d075,lotto649,大樂透,holdout,255,573,8,143250,-0.7045375218150087,-0.7102966841186736,-0.7045375218150087,-0.7045375218150087,-0.046980802792321114,-0.04397905759162304,-0.04564752567693744,-0.04564752567693744,0.0011134380453752205,-0.005417553688141926,-0.005417553688141926,0.375,0.9019607843137255,0.5130434782608696,-101750.0,86.25,0
coarse,candidate__antipop_m035_d075,lotto649,大樂透,train,510,1038,8,259500,-0.6531449903660886,-0.6643236994219652,-0.6531449903660886,-0.6719985549132947,0.004335260115606937,0.0028208092485549133,0.004378326330532214,0.004378326330532214,0.0035674373795761085,0.0035969537815126063,0.0035969537815126063,0.5,0.8705882352941177,0.48423423423423423,-173324.0,160.625,0
coarse,candidate__antipop_m035_d075,lotto649,大樂透,validation,255,542,8,135500,-0.6324760147601476,-0.7056568265682657,-0.6324760147601476,-0.7177610701107011,0.05619003690036901,-0.018265682656826567,0.06133239962651727,0.06133239962651727,-0.016357933579335793,-0.015767600373482727,-0.015767600373482727,0.5,0.9058823529411765,0.47186147186147187,-95616.5,82.25,0
coarse,candidate__antipop_m035_d090,lotto649,大樂透,holdout,255,573,8,143250,-0.6737975567190226,-0.6851657940663176,-0.6737975567190226,-0.6905759162303665,-0.016240837696335077,0.007993019197207678,-0.01697394957983193,-0.01697394957983193,0.015075043630017453,0.004405042016806721,0.004405042016806721,0.5,0.8705882352941177,0.5225225225225225,-98450.0,92.25,0
coarse,candidate__antipop_m035_d090,lotto649,大樂透,train,510,1038,8,259500,-0.6465260115606937,-0.6678246628131022,-0.6465260115606937,-0.6824311175337187,0.010954238921001927,-0.029678227360308285,0.011423050887021474,0.011423050887021474,-0.006865125240847783,-0.00671077264239029,-0.00671077264239029,0.375,0.8745098039215686,0.49327354260089684,-173300.5,158.125,0
coarse,candidate__antipop_m035_d090,lotto649,大樂透,validation,255,542,8,135500,-0.613369926199262,-0.6859483394833948,-0.613369926199262,-0.7069243542435424,0.07529612546125462,0.028040590405904058,0.08061535947712418,0.08061535947712418,-0.00552121771217712,-0.005272875816993463,-0.005272875816993463,0.75,0.8862745098039215,0.4911504424778761,-93200.0,82.875,0
coarse,candidate__antipop_m060_d055,lotto649,大樂透,holdout,255,573,8,143250,-0.6471186736474694,-0.6928446771378708,-0.6471186736474694,-0.7043935427574171,0.010438045375218152,-0.005535776614310646,0.021142483660130718,0.021142483660130718,0.0012574171029668417,-0.0029775443510737637,-0.0029775443510737637,0.5,0.8784313725490196,0.48660714285714285,-99700.0,87.875,0
coarse,candidate__antipop_m060_d055,lotto649,大樂透,train,510,1038,8,259500,-0.655873795761079,-0.6683217726396917,-0.655873795761079,-0.679397880539499,0.0016064547206165699,-0.024362235067437378,0.003260445845004667,0.003260445845004667,-0.0038318882466281314,-0.002273867880485528,-0.002273867880485528,0.375,0.8607843137254902,0.4988610478359909,-173729.5,160.0,0
coarse,candidate__antipop_m060_d055,lotto649,大樂透,validation,255,542,8,135500,-0.6815618081180812,-0.6842324723247233,-0.6815618081180812,-0.6815618081180812,0.007104243542435424,-0.004597785977859778,0.006574416433239962,0.006574416433239962,0.019841328413284134,0.020110690943043883,0.020110690943043883,0.5,0.8588235294117647,0.4977168949771689,-93350.0,90.0,0
coarse,candidate__antipop_m060_d075,lotto649,大樂透,holdout,255,573,8,143250,-0.6818429319371728,-0.6949389179755672,-0.6818429319371728,-0.7082329842931937,-0.024286212914485166,-0.026959860383944156,-0.019156022408963583,-0.019156022408963583,-0.0025820244328097724,-0.008576050420168069,-0.008576050420168069,0.375,0.8666666666666667,0.5067873303167421,-99900.0,87.625,0
coarse,candidate__antipop_m060_d075,lotto649,大樂透,train,510,1038,8,259500,-0.6719229287090559,-0.6715125240847785,-0.6719229287090559,-0.6719229287090559,-0.014442678227360308,-0.038369942196531795,-0.01566685340802988,-0.01566685340802988,0.0036430635838150295,0.0027380485527544354,0.0027380485527544354,0.375,0.8705882352941177,0.47072072072072074,-174257.5,159.625,0
coarse,candidate__antipop_m060_d075,lotto649,大樂透,validation,255,542,8,135500,-0.6833265682656826,-0.6870848708487085,-0.6833265682656826,-0.6977278597785977,0.0053394833948339476,-0.00433210332103321,0.004134827264239027,0.004134827264239027,0.003675276752767527,0.002366199813258635,0.002366199813258635,0.5,0.8588235294117647,0.4931506849315068,-93550.0,82.875,0
coarse,candidate__antipop_m060_d090,lotto649,大樂透,holdout,255,573,8,143250,-0.6037303664921466,-0.6563176265270506,-0.6037303664921466,-0.7150200698080279,0.053826352530541015,9.424083769633482e-05,0.06168230625583567,0.06168230625583567,-0.009369109947643978,-0.0231249766573296,-0.0231249766573296,0.5,0.8470588235294118,0.4583333333333333,-94567.5,87.625,0
coarse,candidate__antipop_m060_d090,lotto649,大樂透,train,510,1038,8,259500,-0.5264826589595376,-0.6508034682080925,-0.5264826589595376,-0.6639426782273603,0.13099759152215798,0.01595761078998073,0.13365727124183008,0.13365727124183008,0.011623314065510596,0.012176388888888893,0.012176388888888893,0.625,0.8803921568627451,0.48775055679287305,-168883.5,166.75,0
coarse,candidate__antipop_m060_d090,lotto649,大樂透,validation,255,542,8,135500,-0.6743127306273062,-0.6832435424354244,-0.6743127306273062,-0.7141236162361624,0.014353321033210333,0.033306273062730624,0.016489215686274507,0.016489215686274507,-0.012720479704797047,-0.012283333333333334,-0.012283333333333334,0.625,0.8705882352941177,0.4954954954954955,-93029.5,83.125,0
coarse,candidate__antipop_m085_d055,lotto649,大樂透,holdout,255,573,8,143250,-0.6990497382198952,-0.7026178010471203,-0.6990497382198952,-0.6990497382198952,-0.04149301919720768,-0.058760907504363004,-0.039392203548085904,-0.039392203548085904,0.006601221640488655,0.0008377684407096165,0.0008377684407096165,0.375,0.8745098039215686,0.5067264573991032,-101100.0,88.375,0
coarse,candidate__antipop_m085_d055,lotto649,大樂透,train,510,1038,8,259500,-0.6074349710982659,-0.6616165703275529,-0.6074349710982659,-0.6927803468208092,0.050045279383429675,-0.030976878612716766,0.05225598739495799,0.05225598739495799,-0.017214354527938344,-0.016190581232493,-0.016190581232493,0.375,0.8705882352941177,0.46396396396396394,-171689.5,160.125,0
coarse,candidate__antipop_m085_d055,lotto649,大樂透,validation,255,542,8,135500,-0.6697536900369003,-0.6974169741697417,-0.6697536900369003,-0.713729704797048,0.018912361623616238,-0.003483394833948339,0.020714332399626518,0.020714332399626518,-0.012326568265682658,-0.012484687208216619,-0.012484687208216619,0.5,0.8941176470588236,0.4956140350877193,-94700.0,83.375,0
coarse,candidate__antipop_m085_d075,lotto649,大樂透,holdout,255,573,8,143250,-0.6732696335078534,-0.681022687609075,-0.6732696335078534,-0.693216404886562,-0.015712914485165794,-0.010907504363001745,-0.013004528478057888,-0.013004528478057888,0.012434554973821989,0.004814659197012138,0.004814659197012138,0.5,0.8823529411764706,0.5155555555555555,-98456.5,93.0,0
coarse,candidate__antipop_m085_d075,lotto649,大樂透,train,510,1038,8,259500,-0.5662408477842004,-0.6628921001926782,-0.5662408477842004,-0.691073217726397,0.09123940269749518,0.03428709055876686,0.09361306022408963,0.09361306022408963,-0.015507225433526011,-0.01501733193277311,-0.01501733193277311,0.625,0.8607843137254902,0.44874715261959,-172020.5,152.875,0
coarse,candidate__antipop_m085_d075,lotto649,大樂透,validation,255,542,8,135500,-0.6757795202952029,-0.6782472324723248,-0.6757795202952029,-0.692179889298893,0.01288653136531365,0.017162361623616236,0.01348781512605042,0.01348781512605042,0.009223247232472325,0.00959467787114846,0.00959467787114846,0.5,0.8901960784313725,0.5022026431718062,-91902.5,86.5,0
coarse,candidate__antipop_m085_d090,lotto649,大樂透,holdout,255,573,8,143250,-0.7075157068062827,-0.7179755671902268,-0.7075157068062827,-0.7075157068062827,-0.04995898778359511,-0.059336823734729496,-0.04804869281045752,-0.04804869281045752,-0.0018647469458987786,-0.007818720821661998,-0.007818720821661998,0.375,0.8745098039215686,0.5112107623318386,-102850.0,91.125,0
coarse,candidate__antipop_m085_d090,lotto649,大樂透,train,510,1038,8,259500,-0.6434585741811175,-0.6603063583815029,-0.6434585741811175,-0.6666112716763006,0.014021676300578033,-0.0010481695568400774,0.013183531746031747,0.013183531746031747,0.008954720616570327,0.00802715919701214,0.00802715919701214,0.5,0.8901960784313725,0.4955947136563877,-171521.5,155.5,0
coarse,candidate__antipop_m085_d090,lotto649,大樂透,validation,255,542,8,135500,-0.7038957564575645,-0.7224132841328412,-0.7038957564575645,-0.7196273062730627,-0.015229704797047971,-0.01411070110701107,-0.020326283846872083,-0.020326283846872083,-0.018224169741697417,-0.023508636788048553,-0.023508636788048553,0.375,0.8588235294117647,0.4474885844748858,-97887.0,81.125,0
coarse,candidate__balance_loose,lotto649,大樂透,holdout,255,573,8,143250,-0.6814799301919721,-0.6852146596858638,-0.6814799301919721,-0.706,-0.023923211169284468,0.0,-0.02738263305322129,-0.02738263305322129,-0.00034904013961605624,-0.0008963585434173671,-0.0008963585434173671,0.5,0.596078431372549,0.4605263157894737,-98857.0,88.375,0
coarse,candidate__balance_loose,lotto649,大樂透,train,510,1038,8,259500,-0.6770708092485549,-0.6838381502890173,-0.6770708092485549,-0.6770708092485549,-0.019590558766859348,-0.0071618497109826595,-0.01941153127917834,-0.01941153127917834,-0.001504816955684008,-0.0010066293183940232,-0.0010066293183940232,0.5,0.5941176470588235,0.5214521452145214,-177456.0,164.75,0
coarse,candidate__balance_loose,lotto649,大樂透,validation,255,542,8,135500,-0.696700184501845,-0.7068154981549816,-0.696700184501845,-0.7094372693726937,-0.008034132841328413,-0.01033210332103321,-0.004094724556489262,-0.004094724556489262,-0.008034132841328413,-0.004094724556489262,-0.004094724556489262,0.375,0.5882352941176471,0.44,-95773.5,83.75,0
coarse,candidate__balance_standard,lotto649,大樂透,holdout,255,573,8,143250,-0.6422958115183246,-0.6663176265270506,-0.6422958115183246,-0.7118673647469459,0.015260907504363,-0.0006980802792321117,0.01338043884220355,0.01338043884220355,-0.006216404886561956,-0.0107499533146592,-0.0107499533146592,0.25,0.792156862745098,0.5148514851485149,-97250.0,88.5,0
coarse,candidate__balance_standard,lotto649,大樂透,train,510,1038,8,259500,-0.6792336223506744,-0.6861734104046242,-0.6792336223506744,-0.6792336223506744,-0.021753371868978803,-0.03817919075144509,-0.02204761904761905,-0.02204761904761905,-0.003667630057803467,-0.003642717086834733,-0.003642717086834733,0.375,0.8019607843137255,0.4963325183374083,-179297.5,164.5,0
coarse,candidate__balance_standard,lotto649,大樂透,validation,255,542,8,135500,-0.6919566420664206,-0.6954317343173432,-0.6919566420664206,-0.6919566420664206,-0.0032905904059040603,-2.2140221402214624e-05,-0.005566013071895426,-0.005566013071895426,0.009446494464944648,0.007970261437908497,0.007970261437908497,0.5,0.7647058823529411,0.517948717948718,-94631.0,88.5,0
coarse,candidate__balance_tight,lotto649,大樂透,holdout,255,573,8,143250,-0.6936753926701571,-0.6858638743455497,-0.6936753926701571,-0.7116928446771379,-0.036118673647469464,-0.039790575916230364,-0.03361260504201681,-0.03361260504201681,-0.0060418848167539275,-0.013625770308123251,-0.013625770308123251,0.25,0.8745098039215686,0.484304932735426,-99950.0,88.0,0
coarse,candidate__balance_tight,lotto649,大樂透,train,510,1038,8,259500,-0.6726180154142581,-0.6780346820809249,-0.6726180154142581,-0.6726180154142581,-0.015137764932562619,-0.021105973025048172,-0.01640596405228758,-0.01640596405228758,0.002947976878612717,0.001998937908496734,0.001998937908496734,0.375,0.8274509803921568,0.5213270142180095,-175950.0,160.75,0
coarse,candidate__balance_tight,lotto649,大樂透,validation,255,542,8,135500,-0.6919916974169742,-0.6936309963099632,-0.6919916974169742,-0.6919916974169742,-0.003325645756457566,-0.00017343173431734384,-0.013566479925303456,-0.013566479925303456,0.009411439114391143,-3.0205415499533667e-05,-3.0205415499533667e-05,0.5,0.803921568627451,0.4926829268292683,-93987.0,86.75,0
coarse,candidate__cold_g075_c2,lotto649,大樂透,holdout,255,573,8,143250,-0.7034171029668412,-0.7121396160558464,-0.7034171029668412,-0.7297914485165794,-0.04586038394415358,-0.04978708551483421,-0.041724836601307186,-0.041724836601307186,-0.02414048865619546,-0.031127217553688143,-0.031127217553688143,0.125,0.8549019607843137,0.481651376146789,-102014.0,84.5,0
coarse,candidate__cold_g075_c2,lotto649,大樂透,train,510,1038,8,259500,-0.6768853564547206,-0.6675221579961464,-0.6768853564547206,-0.69846387283237,-0.01940510597302505,-0.022038535645472063,-0.02321527777777778,-0.02321527777777778,-0.022897880539499038,-0.02304174836601307,-0.02304174836601307,0.375,0.8784313725490196,0.46651785714285715,-174627.5,152.625,0
coarse,candidate__cold_g075_c2,lotto649,大樂透,validation,255,542,8,135500,-0.6566752767527675,-0.6969446494464945,-0.6566752767527675,-0.6946254612546126,0.03199077490774908,0.00537269372693727,0.035698319327731085,0.035698319327731085,0.006777675276752767,0.008903221288515405,0.008903221288515405,0.5,0.8313725490196079,0.4669811320754717,-94436.0,85.0,0
coarse,candidate__cold_g075_c4,lotto649,大樂透,holdout,255,573,8,143250,-0.694868237347295,-0.7079441535776614,-0.694868237347295,-0.7227783595113438,-0.03731151832460733,-0.02368586387434555,-0.0331610177404295,-0.0331610177404295,-0.01712739965095986,-0.024288888888888895,-0.024288888888888895,0.25,0.8666666666666667,0.4434389140271493,-101663.0,82.875,0
coarse,candidate__cold_g075_c4,lotto649,大樂透,train,510,1038,8,259500,-0.5934412331406551,-0.7046801541425819,-0.5934412331406551,-0.6962129094412332,0.06403901734104046,-0.030664739884393062,0.06301654995331465,0.06301654995331465,-0.020646917148362236,-0.023163842203548085,-0.023163842203548085,0.375,0.8705882352941177,0.45045045045045046,-182864.5,159.0,0
coarse,candidate__cold_g075_c4,lotto649,大樂透,validation,255,542,8,135500,-0.6868071955719557,-0.71070110701107,-0.6868071955719557,-0.7206854243542435,0.0018588560885608864,-0.0016420664206642063,0.0014021942110177352,0.0014021942110177352,-0.01928228782287823,-0.02106545284780579,-0.02106545284780579,0.5,0.8745098039215686,0.452914798206278,-96300.0,80.0,0
coarse,candidate__cold_g075_c8,lotto649,大樂透,holdout,255,573,8,143250,-0.6916797556719023,-0.6889598603839442,-0.6916797556719023,-0.7163821989528796,-0.03412303664921466,-0.01530890052356021,-0.03240592903828198,-0.03240592903828198,-0.010731239092495638,-0.019929878618113916,-0.019929878618113916,0.25,0.8470588235294118,0.4537037037037037,-98693.5,85.125,0
coarse,candidate__cold_g075_c8,lotto649,大樂透,train,510,1038,8,259500,-0.5984450867052024,-0.6377726396917148,-0.5984450867052024,-0.676934971098266,0.05903516377649326,0.004061657032755298,0.04041695845004668,0.04041695845004668,-0.0013689788053949906,-0.002460982726423905,-0.002460982726423905,0.5,0.8666666666666667,0.4434389140271493,-165502.0,156.375,0
coarse,candidate__cold_g075_c8,lotto649,大樂透,validation,255,542,8,135500,-0.7067389298892989,-0.6969114391143911,-0.7067389298892989,-0.7067389298892989,-0.01807287822878229,-0.00031365313653136575,-0.01807511671335201,-0.01807511671335201,-0.00533579335793358,-0.004538842203548087,-0.004538842203548087,0.5,0.8823529411764706,0.4622222222222222,-94431.5,83.5,0
coarse,candidate__cold_g150_c2,lotto649,大樂透,holdout,255,573,8,143250,-0.6903481675392671,-0.6931588132635254,-0.6903481675392671,-0.7289380453752181,-0.032791448516579405,-0.031148342059336823,-0.025806209150326793,-0.025806209150326793,-0.023287085514834206,-0.02893309990662932,-0.02893309990662932,0.25,0.8862745098039215,0.45132743362831856,-99295.0,83.75,0
coarse,candidate__cold_g150_c2,lotto649,大樂透,train,510,1038,8,259500,-0.6517894990366089,-0.6675645472061658,-0.6517894990366089,-0.6660414258188825,0.005690751445086705,-0.0037360308285163783,0.0044967436974789905,0.0044967436974789905,0.00952456647398844,0.008398214285714287,0.008398214285714287,0.5,0.8745098039215686,0.47757847533632286,-175009.5,163.75,0
coarse,candidate__cold_g150_c2,lotto649,大樂透,validation,255,542,8,135500,-0.7006448339483395,-0.6918081180811808,-0.7006448339483395,-0.7092426199261993,-0.011978782287822877,-0.017505535055350553,-0.012169234360410832,-0.012169234360410832,-0.007839483394833948,-0.0077702147525676975,-0.0077702147525676975,0.375,0.9019607843137255,0.48695652173913045,-93740.0,82.25,0
coarse,candidate__cold_g150_c4,lotto649,大樂透,holdout,255,573,8,143250,-0.6842469458987783,-0.6963350785340314,-0.6842469458987783,-0.7212574171029669,-0.02669022687609075,-0.019280977312390923,-0.0279765172735761,-0.0279765172735761,-0.015606457242582899,-0.02932889822595705,-0.02932889822595705,0.375,0.9176470588235294,0.43162393162393164,-100550.0,83.25,0
coarse,candidate__cold_g150_c4,lotto649,大樂透,train,510,1038,8,259500,-0.6224725433526012,-0.6357976878612717,-0.6224725433526012,-0.6630799614643546,0.035007707129094415,0.016028901734104047,0.03311530112044818,0.03311530112044818,0.012486030828516377,0.010196183473389358,0.010196183473389358,0.75,0.8862745098039215,0.45132743362831856,-165639.5,169.5,0
coarse,candidate__cold_g150_c4,lotto649,大樂透,validation,255,542,8,135500,-0.7000488929889298,-0.6988929889298893,-0.7000488929889298,-0.7000488929889298,-0.011382841328413284,-0.01337638376383764,-0.010740382819794584,-0.010740382819794584,0.001354243542435424,0.0027958916900093374,0.0027958916900093374,0.375,0.8823529411764706,0.44,-94700.0,87.875,0
coarse,candidate__cold_g150_c8,lotto649,大樂透,holdout,255,573,8,143250,-0.6696832460732984,-0.686303664921466,-0.6696832460732984,-0.6949624781849912,-0.01212652705061082,-0.03659685863874346,-0.01735233426704015,-0.01735233426704015,0.01068848167539267,-0.005524323062558361,-0.005524323062558361,0.375,0.8666666666666667,0.4072398190045249,-98830.5,89.0,0
coarse,candidate__cold_g150_c8,lotto649,大樂透,train,510,1038,8,259500,-0.6310255298651253,-0.6260346820809248,-0.6310255298651253,-0.64896387283237,0.026454720616570327,0.039818882466281305,0.02565075863678805,0.02565075863678805,0.026602119460500964,0.02580075863678805,0.02580075863678805,0.75,0.8784313725490196,0.421875,-164590.5,173.5,0
coarse,candidate__cold_g150_c8,lotto649,大樂透,validation,255,542,8,135500,-0.665260147601476,-0.7092250922509225,-0.665260147601476,-0.7082112546125461,0.023405904059040594,-0.024719557195571958,0.023314285714285718,0.023314285714285718,-0.006808118081180812,-0.008795518207282917,-0.008795518207282917,0.375,0.8862745098039215,0.4026548672566372,-96100.0,85.5,0
coarse,candidate__cold_g225_c2,lotto649,大樂透,holdout,255,573,8,143250,-0.6971701570680628,-0.7109947643979058,-0.6971701570680628,-0.7118202443280978,-0.03961343804537522,-0.02219546247818499,-0.03673048552754435,-0.03673048552754435,-0.006169284467713787,-0.012960317460317464,-0.012960317460317464,0.375,0.9137254901960784,0.463519313304721,-101850.0,85.5,0
coarse,candidate__cold_g225_c2,lotto649,大樂透,train,510,1038,8,259500,-0.6251305394990366,-0.6381368015414258,-0.6251305394990366,-0.6635149325626204,0.03234971098265896,0.004227360308285163,0.02970295284780579,0.02970295284780579,0.012051059730250481,0.00904609010270775,0.00904609010270775,0.5,0.8823529411764706,0.43777777777777777,-168959.5,165.625,0
coarse,candidate__cold_g225_c2,lotto649,大樂透,validation,255,542,8,135500,-0.6355498154981549,-0.686040590405904,-0.6355498154981549,-0.7016014760147601,0.05311623616236162,0.03842435424354243,0.03070485527544351,0.03070485527544351,-0.000198339483394834,-0.0015319794584500478,-0.0015319794584500478,0.75,0.9098039215686274,0.47844827586206895,-92958.5,85.625,0
coarse,candidate__cold_g225_c4,lotto649,大樂透,holdout,255,573,8,143250,-0.723173647469459,-0.7351692844677138,-0.723173647469459,-0.723173647469459,-0.06561692844677137,-0.0706806282722513,-0.07407595704948647,-0.07407595704948647,-0.017522687609075042,-0.03384598506069095,-0.03384598506069095,0.25,0.9254901960784314,0.3644067796610169,-105848.0,83.75,0
coarse,candidate__cold_g225_c4,lotto649,大樂透,train,510,1038,8,259500,-0.6259171483622351,-0.6422870905587669,-0.6259171483622351,-0.6525592485549133,0.0315631021194605,0.017055876685934487,0.02720901027077498,0.02720901027077498,0.02300674373795761,0.021688748832866478,0.021688748832866478,0.625,0.8647058823529412,0.40589569160997735,-168662.0,173.0,0
coarse,candidate__cold_g225_c4,lotto649,大樂透,validation,255,542,8,135500,-0.6905055350553506,-0.696660516605166,-0.6905055350553506,-0.6905055350553506,-0.0018394833948339494,0.0004206642066420666,-0.0009754435107376346,-0.0009754435107376346,0.010897601476014759,0.012560830999066287,0.012560830999066287,0.5,0.9058823529411765,0.36796536796536794,-94397.5,86.125,0
coarse,candidate__cold_g225_c8,lotto649,大樂透,holdout,255,573,8,143250,-0.6827347294938918,-0.7006457242582897,-0.6827347294938918,-0.6961692844677139,-0.02517801047120419,-0.01643979057591623,-0.032974042950513545,-0.032974042950513545,0.009481675392670157,-0.007838188608776848,-0.007838188608776848,0.375,0.9019607843137255,0.3695652173913043,-100620.0,92.5,0
coarse,candidate__cold_g225_c8,lotto649,大樂透,train,510,1038,8,259500,-0.5754894026974952,-0.6387456647398844,-0.5754894026974952,-0.6350910404624277,0.08199084778420039,0.026732177263969172,0.08246758870214753,0.08246758870214753,0.04047495183044316,0.040219059290382816,0.040219059290382816,0.625,0.8980392156862745,0.37554585152838427,-165954.5,178.25,0
coarse,candidate__cold_g225_c8,lotto649,大樂透,validation,255,542,8,135500,-0.7001605166051661,-0.6975977859778597,-0.7001605166051661,-0.7001605166051661,-0.011494464944649447,-0.02007749077490775,-0.011182072829131657,-0.011182072829131657,0.0012426199261992617,0.002354201680672266,0.002354201680672266,0.375,0.9215686274509803,0.3702127659574468,-94674.5,89.5,0
coarse,candidate__hot_w100_d094,lotto649,大樂透,holdout,255,573,8,143250,-0.6325968586387435,-0.6802792321116928,-0.6325968586387435,-0.7170061082024433,0.024959860383944155,-0.0013926701570680627,0.03209775910364147,0.03209775910364147,-0.011355148342059336,-0.011315266106442576,-0.011315266106442576,0.5,0.8941176470588236,0.5,-98363.0,87.0,0
coarse,candidate__hot_w100_d094,lotto649,大樂透,train,510,1038,8,259500,-0.6128314065510597,-0.6572543352601157,-0.6128314065510597,-0.6724624277456648,0.04464884393063584,-0.03355105973025048,0.04663595938375349,0.04663595938375349,0.0031035645472061654,0.00435752801120448,0.00435752801120448,0.375,0.8705882352941177,0.5112612612612613,-175720.0,157.625,0
coarse,candidate__hot_w100_d094,lotto649,大樂透,validation,255,542,8,135500,-0.6753745387453874,-0.697690036900369,-0.6753745387453874,-0.7066079335793358,0.013291512915129151,0.02288929889298893,0.012433613445378149,0.012433613445378149,-0.00520479704797048,-0.007223249299719887,-0.007223249299719887,0.625,0.8862745098039215,0.5132743362831859,-94537.0,85.375,0
coarse,candidate__hot_w100_d097,lotto649,大樂透,holdout,255,573,8,143250,-0.6596640488656196,-0.7084677137870855,-0.6596640488656196,-0.7209232111692845,-0.0021073298429319324,-0.028666666666666667,0.008195845004668523,0.008195845004668523,-0.015272251308900524,-0.020400653594771247,-0.020400653594771247,0.125,0.8588235294117647,0.4703196347031963,-101738.0,88.25,0
coarse,candidate__hot_w100_d097,lotto649,大樂透,train,510,1038,8,259500,-0.6606435452793834,-0.6813815028901734,-0.6606435452793834,-0.6895640655105972,-0.003163294797687863,0.0019036608863198458,-0.0034912348272642417,-0.0034912348272642417,-0.0139980732177264,-0.014517215219421103,-0.014517215219421103,0.625,0.8784313725490196,0.47098214285714285,-179258.0,156.875,0
coarse,candidate__hot_w100_d097,lotto649,大樂透,validation,255,542,8,135500,-0.6906789667896679,-0.6860738007380074,-0.6906789667896679,-0.6906789667896679,-0.0020129151291512918,0.002859778597785978,-0.0051378851540616255,-0.0051378851540616255,0.010724169741697417,0.008398389355742298,0.008398389355742298,0.5,0.8823529411764706,0.48,-92963.0,89.0,0
coarse,candidate__hot_w100_d099,lotto649,大樂透,holdout,255,573,8,143250,-0.6081928446771379,-0.7049773123909249,-0.6081928446771379,-0.71445462478185,0.049363874345549744,-0.01112041884816754,0.05321970121381887,0.05321970121381887,-0.008803664921465967,-0.012789402427637722,-0.012789402427637722,0.375,0.8431372549019608,0.4558139534883721,-100988.0,90.25,0
coarse,candidate__hot_w100_d099,lotto649,大樂透,train,510,1038,8,259500,-0.6678501926782273,-0.6730019267822736,-0.6678501926782273,-0.6905452793834297,-0.010369942196531791,-0.009,-0.011734021942110174,-0.011734021942110174,-0.014979287090558768,-0.016424708216619982,-0.016424708216619982,0.5,0.8745098039215686,0.47533632286995514,-178173.5,156.875,0
coarse,candidate__hot_w100_d099,lotto649,大樂透,validation,255,542,8,135500,-0.6419372693726937,-0.7261881918819189,-0.6419372693726937,-0.7142038745387453,0.04672878228782287,-0.04038376383763838,0.04777696078431372,0.04777696078431372,-0.012800738007380075,-0.015487745098039216,-0.015487745098039216,0.375,0.8588235294117647,0.4429223744292237,-98398.5,84.25,0
coarse,candidate__hot_w20_d094,lotto649,大樂透,holdout,255,573,8,143250,-0.6370427574171029,-0.6914485165794066,-0.6370427574171029,-0.7075043630017452,0.020513961605584642,-0.00038394415357766165,0.034203501400560235,0.034203501400560235,-0.001853403141361257,-0.004732212885154061,-0.004732212885154061,0.5,0.8509803921568627,0.5345622119815668,-99050.0,88.5,0
coarse,candidate__hot_w20_d094,lotto649,大樂透,train,510,1038,8,259500,-0.6416339113680154,-0.6539633911368015,-0.6416339113680154,-0.6750635838150288,0.015846339113680153,-0.008013487475915222,0.01589646358543417,0.01589646358543417,0.0005024084778420031,0.00028175770308123054,0.00028175770308123054,0.5,0.8549019607843137,0.4954128440366973,-177280.5,157.5,0
coarse,candidate__hot_w20_d094,lotto649,大樂透,validation,255,542,8,135500,-0.534190036900369,-0.7136531365313653,-0.534190036900369,-0.7114612546125462,0.1544760147601476,-0.001140221402214021,0.16733949579831933,0.16733949579831933,-0.010058118081180812,-0.007518347338935574,-0.007518347338935574,0.5,0.8627450980392157,0.5,-96700.0,83.875,0
coarse,candidate__hot_w20_d097,lotto649,大樂透,holdout,255,573,8,143250,-0.6387486910994764,-0.7019197207678882,-0.6387486910994764,-0.7171998254799302,0.01880802792321117,-0.00038394415357766165,0.03345863678804856,0.03345863678804856,-0.011548865619546248,-0.014453548085901031,-0.014453548085901031,0.5,0.8745098039215686,0.4977578475336323,-101150.0,86.0,0
coarse,candidate__hot_w20_d097,lotto649,大樂透,train,510,1038,8,259500,-0.6075081888246628,-0.608728323699422,-0.6075081888246628,-0.6698583815028901,0.04997206165703276,0.056749518304431604,0.05170738795518207,0.05170738795518207,0.005707610789980733,0.0066617997198879534,0.0066617997198879534,0.625,0.8980392156862745,0.5131004366812227,-168150.5,159.25,0
coarse,candidate__hot_w20_d097,lotto649,大樂透,validation,255,542,8,135500,-0.6211070110701107,-0.687841328413284,-0.6211070110701107,-0.7010212177121771,0.06755904059040589,0.035760147601476014,0.07451045751633986,0.07451045751633986,0.000381918819188191,0.0031183006535947717,0.0031183006535947717,0.75,0.8627450980392157,0.5136363636363637,-93302.5,84.875,0
coarse,candidate__hot_w20_d099,lotto649,大樂透,holdout,255,573,8,143250,-0.5252478184991274,-0.6866073298429319,-0.5252478184991274,-0.7116265270506108,0.1323089005235602,0.004502617801047121,0.16063846872082166,0.16063846872082166,-0.005975567190226876,-0.008533520074696549,-0.008533520074696549,0.5,0.8823529411764706,0.48,-99006.5,86.0,0
coarse,candidate__hot_w20_d099,lotto649,大樂透,train,510,1038,8,259500,-0.6389301541425819,-0.6548285163776493,-0.6389301541425819,-0.6616791907514451,0.01855009633911368,0.022163776493256262,0.018640931372549026,0.018640931372549026,0.01388680154142582,0.013895343137254903,0.013895343137254903,0.625,0.8823529411764706,0.5111111111111111,-170585.0,161.75,0
coarse,candidate__hot_w20_d099,lotto649,大樂透,validation,255,542,8,135500,-0.684320110701107,-0.6996309963099632,-0.684320110701107,-0.7145673431734317,0.004345940959409594,0.00977490774907749,0.008109757236227822,0.008109757236227822,-0.013164206642066422,-0.010499066293183944,-0.010499066293183944,0.625,0.8980392156862745,0.4847161572052402,-94900.0,83.0,0
coarse,candidate__hot_w50_d094,lotto649,大樂透,holdout,255,573,8,143250,-0.6318987783595114,-0.6837696335078534,-0.6318987783595114,-0.7163080279232111,0.025657940663176268,0.004935427574171029,0.03378776844070963,0.03378776844070963,-0.010657068062827227,-0.009625256769374419,-0.009625256769374419,0.75,0.8901960784313725,0.4977973568281938,-98200.0,86.75,0
coarse,candidate__hot_w50_d094,lotto649,大樂透,train,510,1038,8,259500,-0.6649682080924855,-0.6589036608863199,-0.6649682080924855,-0.6721767822736031,-0.007487957610789983,-0.0348150289017341,-0.006401295518207284,-0.006401295518207284,0.0033892100192678214,0.004667822128851541,0.004667822128851541,0.375,0.8725490196078431,0.503370786516854,-177007.0,156.0,0
coarse,candidate__hot_w50_d094,lotto649,大樂透,validation,255,542,8,135500,-0.6751217712177122,-0.7011070110701108,-0.6751217712177122,-0.7063551660516605,0.013544280442804426,-0.0011402214022140221,0.012313818860877684,0.012313818860877684,-0.004952029520295204,-0.007343043884220354,-0.007343043884220354,0.375,0.8784313725490196,0.5044642857142857,-95000.0,85.625,0
coarse,candidate__hot_w50_d097,lotto649,大樂透,holdout,255,573,8,143250,-0.6469458987783595,-0.7028830715532286,-0.6469458987783595,-0.722152705061082,0.010610820244328098,-0.015092495636998255,0.006511204481792728,0.006511204481792728,-0.01650174520069808,-0.026562605042016806,-0.026562605042016806,0.5,0.8588235294117647,0.45662100456621,-100688.0,87.5,0
coarse,candidate__hot_w50_d097,lotto649,大樂透,train,510,1038,8,259500,-0.6308815028901734,-0.6563217726396917,-0.6308815028901734,-0.6673843930635839,0.02659874759152216,0.0070597302504816955,0.026973891223155928,0.026973891223155928,0.00818159922928709,0.00823173436041083,0.00823173436041083,0.5,0.8980392156862745,0.49344978165938863,-170914.0,157.875,0
coarse,candidate__hot_w50_d097,lotto649,大樂透,validation,255,542,8,135500,-0.6838394833948339,-0.712649446494465,-0.6838394833948339,-0.7150728782287823,0.004826568265682655,-0.006797047970479705,0.004350163398692805,0.004350163398692805,-0.013669741697416976,-0.01530669934640523,-0.01530669934640523,0.375,0.8588235294117647,0.45662100456621,-96564.0,83.0,0
coarse,candidate__hot_w50_d099,lotto649,大樂透,holdout,255,573,8,143250,-0.6325200698080279,-0.6925026178010472,-0.6325200698080279,-0.7101640488656196,0.025036649214659687,-0.008233856893542758,0.01882292250233427,0.01882292250233427,-0.004513089005235603,-0.01503323996265173,-0.01503323996265173,0.375,0.8431372549019608,0.4604651162790698,-99201.0,88.75,0
coarse,candidate__hot_w50_d099,lotto649,大樂透,train,510,1038,8,259500,-0.6733535645472062,-0.6696685934489403,-0.6733535645472062,-0.6733535645472062,-0.015873314065510596,-0.011023121387283237,-0.016342658730158735,-0.016342658730158735,0.0022124277456647395,0.0020622432306255816,0.0020622432306255816,0.25,0.8980392156862745,0.49563318777292575,-176130.0,156.5,0
coarse,candidate__hot_w50_d099,lotto649,大樂透,validation,255,542,8,135500,-0.7070839483394834,-0.7165940959409595,-0.7070839483394834,-0.7070839483394834,-0.01841789667896679,-0.024446494464944648,-0.016881255835667602,-0.016881255835667602,-0.00568081180811808,-0.003344981325863679,-0.003344981325863679,0.25,0.8666666666666667,0.45701357466063347,-97098.5,86.125,0
coarse,random_5,lotto649,大樂透,holdout,255,573,8,143250,-0.6575567190226876,-0.6693752181500873,-0.6575567190226876,-0.705650959860384,0.0,0.0,0.0,0.0,0.0,0.0,0.0,0.0,0.0,0.5,-97457.0,90.25,0
coarse,random_5,lotto649,大樂透,train,510,1038,8,259500,-0.6574802504816956,-0.6606396917148363,-0.6574802504816956,-0.6755659922928708,0.0,0.0,0.0,0.0,0.0,0.0,0.0,0.0,0.0,0.5,-171436.0,163.0,0
coarse,random_5,lotto649,大樂透,validation,255,542,8,135500,-0.6886660516605165,-0.6944649446494464,-0.6886660516605165,-0.7014031365313653,0.0,0.0,0.0,0.0,0.0,0.0,0.0,0.0,0.0,0.5,-94350.0,86.625,0
refined,candidate__antipop_ref_m075_d045,super,威力彩,holdout,242,484,8,242000,-0.7340909090909091,-0.8103305785123966,-0.7340909090909091,-0.7340909090909091,0.0518595041322314,-0.02665289256198347,0.0518595041322314,0.0518595041322314,0.0518595041322314,0.0518595041322314,0.0518595041322314,0.375,0.987603305785124,0.4476987447698745,-198500.0,272.0,0
refined,candidate__antipop_ref_m075_d045,super,威力彩,train,482,963,8,481500,-0.7807497403946002,-0.7759439252336449,-0.7807497403946002,-0.7807497403946002,-0.015225856697819316,0.009213914849428868,-0.014793827800829884,-0.014793827800829884,-0.015225856697819316,-0.014793827800829884,-0.014793827800829884,0.625,0.9771784232365145,0.5074309978768577,-373617.0,576.625,0
refined,candidate__antipop_ref_m075_d045,super,威力彩,validation,241,482,8,241000,-0.6577800829875519,-0.8076763485477179,-0.6577800829875519,-0.6577800829875519,0.15389004149377594,0.009543568464730291,0.15389004149377591,0.15389004149377591,0.15389004149377594,0.15389004149377591,0.15389004149377591,0.625,0.975103734439834,0.5361702127659574,-194650.0,285.875,0
refined,candidate__antipop_ref_m075_d055,super,威力彩,holdout,242,484,8,242000,-0.8039772727272727,-0.8150826446280992,-0.8039772727272727,-0.8039772727272727,-0.01802685950413223,-0.028512396694214875,-0.018026859504132235,-0.018026859504132235,-0.01802685950413223,-0.018026859504132235,-0.018026859504132235,0.25,0.9752066115702479,0.5127118644067796,-197250.0,282.0,0
refined,candidate__antipop_ref_m075_d055,super,威力彩,train,482,963,8,481500,-0.7730038940809969,-0.8107507788161994,-0.7730038940809969,-0.7730038940809969,-0.007480010384215995,-0.0025524402907580483,-0.007420383817427389,-0.007420383817427389,-0.007480010384215995,-0.007420383817427389,-0.007420383817427389,0.5,0.9813278008298755,0.4883720930232558,-390376.5,575.375,0
refined,candidate__antipop_ref_m075_d055,super,威力彩,validation,241,482,8,241000,-0.78350622406639,-0.7993775933609959,-0.78350622406639,-0.78350622406639,0.02816390041493776,0.012033195020746887,0.02816390041493776,0.02816390041493776,0.02816390041493776,0.02816390041493776,0.02816390041493776,0.75,0.9585062240663901,0.5411255411255411,-192650.0,290.125,0
refined,candidate__antipop_ref_m075_d065,super,威力彩,holdout,242,484,8,242000,-0.8167871900826447,-0.8229338842975207,-0.8167871900826447,-0.8167871900826447,-0.030836776859504134,-0.019628099173553716,-0.030836776859504134,-0.030836776859504134,-0.030836776859504134,-0.030836776859504134,-0.030836776859504134,0.25,0.9834710743801653,0.5336134453781513,-199150.0,284.625,0
refined,candidate__antipop_ref_m075_d065,super,威力彩,train,482,963,8,481500,-0.8023543613707165,-0.8083748701973001,-0.8023543613707165,-0.8023543613707165,-0.036830477673935616,0.0019781931464174455,-0.03671447095435684,-0.03671447095435684,-0.036830477673935616,-0.03671447095435684,-0.03671447095435684,0.5,0.975103734439834,0.48723404255319147,-389232.5,571.5,0
refined,candidate__antipop_ref_m075_d065,super,威力彩,validation,241,482,8,241000,-0.8062759336099585,-0.8101659751037344,-0.8062759336099585,-0.8062759336099585,0.005394190871369295,0.0,0.0053941908713692945,0.0053941908713692945,0.005394190871369295,0.0053941908713692945,0.0053941908713692945,0.5,0.9626556016597511,0.5344827586206896,-195250.0,279.25,0
refined,candidate__antipop_ref_m085_d045,super,威力彩,holdout,242,484,8,242000,-0.8082128099173553,-0.8185950413223141,-0.8082128099173553,-0.8082128099173553,-0.022262396694214873,-0.014256198347107438,-0.022262396694214877,-0.022262396694214877,-0.022262396694214873,-0.022262396694214877,-0.022262396694214877,0.375,0.9752066115702479,0.4703389830508475,-198100.0,284.875,0
refined,candidate__antipop_ref_m085_d045,super,威力彩,train,482,963,8,481500,-0.7925425752855659,-0.7975327102803738,-0.7925425752855659,-0.7925425752855659,-0.027018691588785046,-0.0028473520249221182,-0.026809128630705396,-0.026809128630705396,-0.027018691588785046,-0.026809128630705396,-0.026809128630705396,0.375,0.9875518672199171,0.5105042016806722,-384012.0,583.0,0
refined,candidate__antipop_ref_m085_d045,super,威力彩,validation,241,482,8,241000,-0.8054979253112033,-0.8114107883817427,-0.8054979253112033,-0.8054979253112033,0.00617219917012448,0.003734439834024896,0.006172199170124484,0.006172199170124484,0.00617219917012448,0.006172199170124484,0.006172199170124484,0.5,0.9626556016597511,0.5129310344827587,-195550.0,281.25,0
refined,candidate__antipop_ref_m085_d055,super,威力彩,holdout,242,484,8,242000,-0.7996384297520661,-0.8113636363636363,-0.7996384297520661,-0.7996384297520661,-0.013688016528925621,-0.01818181818181818,-0.013688016528925621,-0.013688016528925621,-0.013688016528925621,-0.013688016528925621,-0.013688016528925621,0.375,0.9669421487603306,0.49145299145299143,-196350.0,274.125,0
refined,candidate__antipop_ref_m085_d055,super,威力彩,train,482,963,8,481500,-0.7580376427829699,-0.7919148494288681,-0.7580376427829699,-0.7580376427829699,0.007486240913811007,0.0017995846313603324,0.007920643153526969,0.007920643153526969,0.007486240913811007,0.007920643153526969,0.007920643153526969,0.5,0.979253112033195,0.4936440677966102,-382507.0,561.75,0
refined,candidate__antipop_ref_m085_d055,super,威力彩,validation,241,482,8,241000,-0.8035788381742739,-0.8122406639004149,-0.8035788381742739,-0.8035788381742739,0.008091286307053941,-0.004356846473029046,0.008091286307053941,0.008091286307053941,0.008091286307053941,0.008091286307053941,0.008091286307053941,0.5,0.9585062240663901,0.5324675324675324,-195800.0,279.75,0
refined,candidate__antipop_ref_m085_d065,super,威力彩,holdout,242,484,8,242000,-0.8036673553719008,-0.8169421487603306,-0.8036673553719008,-0.8036673553719008,-0.017716942148760333,-0.017355371900826446,-0.017716942148760333,-0.017716942148760333,-0.017716942148760333,-0.017716942148760333,-0.017716942148760333,0.5,0.9710743801652892,0.5148936170212766,-197700.0,284.25,0
refined,candidate__antipop_ref_m085_d065,super,威力彩,train,482,963,8,481500,-0.4645179127725857,-0.7837268951194185,-0.7889135514018691,-0.7889135514018691,-0.023389667705088265,0.006819314641744548,-0.02305290456431535,-0.02305290456431535,-0.023389667705088265,-0.02305290456431535,-0.02305290456431535,0.625,0.9854771784232366,0.4673684210526316,-377364.5,561.875,1
refined,candidate__antipop_ref_m085_d065,super,威力彩,validation,241,482,8,241000,-0.8018153526970955,-0.8116182572614108,-0.8018153526970955,-0.8018153526970955,0.009854771784232365,-0.004356846473029046,0.009854771784232365,0.009854771784232365,0.009854771784232365,0.009854771784232365,0.009854771784232365,0.375,0.983402489626556,0.5274261603375527,-195700.0,286.875,0
refined,candidate__antipop_ref_m095_d045,super,威力彩,holdout,242,484,8,242000,-0.7808367768595041,-0.784710743801653,-0.7808367768595041,-0.7808367768595041,0.005113636363636363,0.010330578512396695,0.0051136363636363645,0.0051136363636363645,0.005113636363636363,0.0051136363636363645,0.0051136363636363645,0.5,0.9793388429752066,0.5063291139240507,-189900.0,286.25,0
refined,candidate__antipop_ref_m095_d045,super,威力彩,train,482,963,8,481500,-0.7904955867082035,-0.8014745586708203,-0.7904955867082035,-0.7904955867082035,-0.024971703011422642,0.001398753894080997,-0.02476426348547718,-0.02476426348547718,-0.024971703011422642,-0.02476426348547718,-0.02476426348547718,0.5,0.9730290456431535,0.47974413646055436,-385910.0,567.75,0
refined,candidate__antipop_ref_m095_d045,super,威力彩,validation,241,482,8,241000,-0.7234439834024896,-0.786929460580913,-0.7234439834024896,-0.7234439834024896,0.08822614107883817,0.015145228215767637,0.08822614107883817,0.08822614107883817,0.08822614107883817,0.08822614107883817,0.08822614107883817,0.625,0.9875518672199171,0.5168067226890757,-190150.0,284.125,0
refined,candidate__antipop_ref_m095_d055,super,威力彩,holdout,242,484,8,242000,-0.7899793388429752,-0.790702479338843,-0.7899793388429752,-0.7899793388429752,-0.004028925619834711,-0.002892561983471074,-0.0040289256198347105,-0.0040289256198347105,-0.004028925619834711,-0.0040289256198347105,-0.0040289256198347105,0.5,0.9710743801652892,0.5191489361702127,-191350.0,285.0,0
refined,candidate__antipop_ref_m095_d055,super,威力彩,train,482,963,8,481500,-0.7905181723779855,-0.7890228452751817,-0.7905181723779855,-0.7905181723779855,-0.02499428868120457,0.02281723779854621,-0.02472588174273859,-0.02472588174273859,-0.02499428868120457,-0.02472588174273859,-0.02472588174273859,0.625,0.9730290456431535,0.5053304904051172,-379932.0,579.625,0
refined,candidate__antipop_ref_m095_d055,super,威力彩,validation,241,482,8,241000,-0.8176867219917012,-0.8197095435684647,-0.8176867219917012,-0.8176867219917012,-0.006016597510373443,-0.01016597510373444,-0.006016597510373444,-0.006016597510373444,-0.006016597510373443,-0.006016597510373444,-0.006016597510373444,0.375,0.9875518672199171,0.49159663865546216,-197850.0,283.5,0
refined,candidate__antipop_ref_m095_d065,super,威力彩,holdout,242,484,8,242000,-0.7952479338842975,-0.7993801652892563,-0.7952479338842975,-0.7952479338842975,-0.009297520661157023,-0.0004132231404958683,-0.009297520661157025,-0.009297520661157025,-0.009297520661157023,-0.009297520661157025,-0.009297520661157025,0.5,0.9586776859504132,0.4827586206896552,-194450.0,277.625,0
refined,candidate__antipop_ref_m095_d065,super,威力彩,train,482,963,8,481500,-0.7585643821391485,-0.809956386292835,-0.7585643821391485,-0.7585643821391485,0.0069595015576323985,0.003770508826583593,0.007220695020746886,0.007220695020746886,0.0069595015576323985,0.007220695020746886,0.007220695020746886,0.625,0.9813278008298755,0.4799154334038055,-389994.0,573.5,0
refined,candidate__antipop_ref_m095_d065,super,威力彩,validation,241,482,8,241000,-0.7948132780082987,-0.7979253112033196,-0.7948132780082987,-0.7948132780082987,0.016856846473029045,0.013692946058091286,0.016856846473029045,0.016856846473029045,0.016856846473029045,0.016856846473029045,0.016856846473029045,0.625,0.979253112033195,0.5042372881355932,-192350.0,281.75,0
refined,candidate__balance_ref_p+10,super,威力彩,holdout,242,484,8,242000,-0.7963842975206612,-0.8049586776859504,-0.7963842975206612,-0.7963842975206612,-0.010433884297520662,-0.001859504132231405,-0.01043388429752066,-0.01043388429752066,-0.010433884297520662,-0.01043388429752066,-0.01043388429752066,0.375,0.8966942148760331,0.5069124423963134,-194800.0,283.875,0
refined,candidate__balance_ref_p+10,super,威力彩,train,482,963,8,481500,-0.7633317757009346,-0.808632398753894,-0.7633317757009346,-0.7633317757009346,0.002192107995846314,0.0001142263759086189,0.002189834024896266,0.002189834024896266,0.002192107995846314,0.002189834024896266,0.002189834024896266,0.5,0.8589211618257261,0.4782608695652174,-389356.5,569.625,0
refined,candidate__balance_ref_p+10,super,威力彩,validation,241,482,8,241000,-0.7969398340248962,-0.816804979253112,-0.7969398340248962,-0.7969398340248962,0.014730290456431535,0.003526970954356847,0.014730290456431537,0.014730290456431537,0.014730290456431535,0.014730290456431537,0.014730290456431537,0.5,0.8921161825726142,0.5627906976744186,-196850.0,289.0,0
refined,candidate__balance_ref_p+15,super,威力彩,holdout,242,484,8,242000,-0.7983987603305785,-0.8055785123966942,-0.7983987603305785,-0.7983987603305785,-0.012448347107438015,-0.0006198347107438017,-0.012448347107438017,-0.012448347107438017,-0.012448347107438015,-0.012448347107438017,-0.012448347107438017,0.375,0.8264462809917356,0.48,-194950.0,281.25,0
refined,candidate__balance_ref_p+15,super,威力彩,train,482,963,8,481500,-0.7653483904465213,-0.8089439252336448,-0.7653483904465213,-0.7653483904465213,0.00017549325025960537,-3.530633437175493e-05,0.00017531120331950204,0.00017531120331950204,0.00017549325025960537,0.00017531120331950204,0.00017531120331950204,0.375,0.8008298755186722,0.5,-389506.5,572.0,0
refined,candidate__balance_ref_p+15,super,威力彩,validation,241,482,8,241000,-0.7984958506224067,-0.8172199170124481,-0.7984958506224067,-0.7984958506224067,0.013174273858921162,0.0056016597510373444,0.013174273858921162,0.013174273858921162,0.013174273858921162,0.013174273858921162,0.013174273858921162,0.625,0.7800829875518672,0.5372340425531915,-196950.0,285.25,0
refined,candidate__balance_ref_p+20,super,威力彩,holdout,242,484,8,242000,-0.796849173553719,-0.8014462809917355,-0.796849173553719,-0.796849173553719,-0.010898760330578513,-0.0008264462809917355,-0.010898760330578513,-0.010898760330578513,-0.010898760330578513,-0.010898760330578513,-0.010898760330578513,0.375,0.7644628099173554,0.4594594594594595,-193950.0,280.375,0
refined,candidate__balance_ref_p+20,super,威力彩,train,482,963,8,481500,-0.7644382139148495,-0.8096105919003116,-0.7644382139148495,-0.7644382139148495,0.001085669781931464,0.0023883696780893043,0.0010326763485477182,0.0010326763485477182,0.001085669781931464,0.0010326763485477182,0.0010326763485477182,0.875,0.7759336099585062,0.5240641711229946,-389827.5,576.625,0
refined,candidate__balance_ref_p+20,super,威力彩,validation,241,482,8,241000,-0.812448132780083,-0.8182572614107884,-0.812448132780083,-0.812448132780083,-0.0007780082987551866,0.0016597510373443983,-0.0007780082987551866,-0.0007780082987551866,-0.0007780082987551866,-0.0007780082987551866,-0.0007780082987551866,0.5,0.7302904564315352,0.5284090909090909,-197200.0,280.5,0
refined,candidate__cold_ref_g050_c7,super,威力彩,holdout,242,484,8,242000,-0.8110020661157025,-0.825,-0.8110020661157025,-0.8110020661157025,-0.025051652892561987,0.0026859504132231405,-0.025051652892561983,-0.025051652892561983,-0.025051652892561987,-0.025051652892561983,-0.025051652892561983,0.5,0.9793388429752066,0.5021097046413502,-199650.0,300.25,0
refined,candidate__cold_ref_g050_c7,super,威力彩,train,482,963,8,481500,-0.7709241952232606,-0.8076863966770509,-0.7709241952232606,-0.7709241952232606,-0.005400311526479752,-0.010758047767393562,-0.005307831950207467,-0.005307831950207467,-0.005400311526479752,-0.005307831950207467,-0.005307831950207467,0.375,0.983402489626556,0.47468354430379744,-388901.0,566.25,0
refined,candidate__cold_ref_g050_c7,super,威力彩,validation,241,482,8,241000,-0.7886929460580913,-0.8151452282157676,-0.7886929460580913,-0.7886929460580913,0.022977178423236513,0.011618257261410789,0.022977178423236516,0.022977178423236516,0.022977178423236513,0.022977178423236516,0.022977178423236516,0.625,0.983402489626556,0.5232067510548524,-196450.0,276.75,0
refined,candidate__cold_ref_g050_c8,super,威力彩,holdout,242,484,8,242000,-0.8143078512396694,-0.8241735537190082,-0.8143078512396694,-0.8143078512396694,-0.028357438016528923,0.004752066115702479,-0.028357438016528926,-0.028357438016528926,-0.028357438016528923,-0.028357438016528926,-0.028357438016528926,0.625,0.9793388429752066,0.4978902953586498,-199450.0,299.5,0
refined,candidate__cold_ref_g050_c8,super,威力彩,train,482,963,8,481500,-0.7693141225337488,-0.8035327102803738,-0.7693141225337488,-0.7693141225337488,-0.0037902388369678093,-0.009408099688473521,-0.00369942946058092,-0.00369942946058092,-0.0037902388369678093,-0.00369942946058092,-0.00369942946058092,0.5,0.9813278008298755,0.47780126849894294,-386901.0,566.375,0
refined,candidate__cold_ref_g050_c8,super,威力彩,validation,241,482,8,241000,-0.7887448132780083,-0.8153526970954357,-0.7887448132780083,-0.7887448132780083,0.022925311203319504,0.012863070539419087,0.022925311203319504,0.022925311203319504,0.022925311203319504,0.022925311203319504,0.022925311203319504,0.625,0.983402489626556,0.5274261603375527,-196500.0,276.125,0
refined,candidate__cold_ref_g050_c9,super,威力彩,holdout,242,484,8,242000,-0.8140495867768595,-0.822107438016529,-0.8140495867768595,-0.8140495867768595,-0.02809917355371901,0.005578512396694215,-0.028099173553719006,-0.028099173553719006,-0.02809917355371901,-0.028099173553719006,-0.028099173553719006,0.625,0.987603305785124,0.49372384937238495,-198950.0,300.375,0
refined,candidate__cold_ref_g050_c9,super,威力彩,train,482,963,8,481500,-0.8068011422637591,-0.8076822429906543,-0.8068011422637591,-0.8068011422637591,-0.0412772585669782,-0.013903426791277259,-0.0411475622406639,-0.0411475622406639,-0.0412772585669782,-0.0411475622406639,-0.0411475622406639,0.375,0.9813278008298755,0.4799154334038055,-388899.0,568.0,0
refined,candidate__cold_ref_g050_c9,super,威力彩,validation,241,482,8,241000,-0.7879668049792531,-0.8147302904564315,-0.7879668049792531,-0.7879668049792531,0.023703319502074688,0.013278008298755186,0.02370331950207469,0.02370331950207469,0.023703319502074688,0.02370331950207469,0.02370331950207469,0.625,0.983402489626556,0.5189873417721519,-196350.0,277.25,0
refined,candidate__cold_ref_g075_c7,super,威力彩,holdout,242,484,8,242000,-0.8050103305785123,-0.8082644628099174,-0.8050103305785123,-0.8050103305785123,-0.0190599173553719,-0.0028925619834710746,-0.0190599173553719,-0.0190599173553719,-0.0190599173553719,-0.0190599173553719,-0.0190599173553719,0.5,0.9628099173553719,0.5321888412017167,-195600.0,301.75,0
refined,candidate__cold_ref_g075_c7,super,威力彩,train,482,963,8,481500,-0.7517557113187955,-0.791435098650052,-0.7517557113187955,-0.7517557113187955,0.013768172377985463,-0.01695742471443406,0.013840767634854766,0.013840767634854766,0.013768172377985463,0.013840767634854766,0.013840767634854766,0.375,0.983402489626556,0.4767932489451477,-381193.5,558.25,0
refined,candidate__cold_ref_g075_c7,super,威力彩,validation,241,482,8,241000,-0.8107365145228216,-0.8163900414937759,-0.8107365145228216,-0.8107365145228216,0.0009336099585062249,0.0035269709543568465,0.0009336099585062242,0.0009336099585062242,0.0009336099585062249,0.0009336099585062242,0.0009336099585062242,0.625,0.983402489626556,0.459915611814346,-196750.0,269.0,0
refined,candidate__cold_ref_g075_c8,super,威力彩,holdout,242,484,8,242000,-0.8027892561983472,-0.803099173553719,-0.8027892561983472,-0.8027892561983472,-0.016838842975206613,0.0022727272727272726,-0.01683884297520661,-0.01683884297520661,-0.016838842975206613,-0.01683884297520661,-0.01683884297520661,0.5,0.9752066115702479,0.5338983050847458,-194350.0,303.875,0
refined,candidate__cold_ref_g075_c8,super,威力彩,train,482,963,8,481500,-0.7161783489096574,-0.7766531671858775,-0.7161783489096574,-0.7161783489096574,0.04934553478712357,0.005948078920041537,0.04938122406639004,0.04938122406639004,0.04934553478712357,0.04938122406639004,0.04938122406639004,0.5,0.9854771784232366,0.4631578947368421,-374638.5,558.0,0
refined,candidate__cold_ref_g075_c8,super,威力彩,validation,241,482,8,241000,-0.8065871369294606,-0.8141078838174274,-0.8065871369294606,-0.8065871369294606,0.005082987551867219,0.0031120331950207467,0.00508298755186722,0.00508298755186722,0.005082987551867219,0.00508298755186722,0.00508298755186722,0.625,0.979253112033195,0.4406779661016949,-196200.0,268.75,0
refined,candidate__cold_ref_g075_c9,super,威力彩,holdout,242,484,8,242000,-0.8040805785123967,-0.803099173553719,-0.8040805785123967,-0.8040805785123967,-0.0181301652892562,0.0022727272727272726,-0.018130165289256196,-0.018130165289256196,-0.0181301652892562,-0.018130165289256196,-0.018130165289256196,0.5,0.9793388429752066,0.5316455696202531,-194350.0,302.125,0
refined,candidate__cold_ref_g075_c9,super,威力彩,train,482,963,8,481500,-0.7550944963655244,-0.7943592938733126,-0.7550944963655244,-0.7550944963655244,0.010429387331256491,-0.016427829698857737,0.010505446058091285,0.010505446058091285,0.010429387331256491,0.010505446058091285,0.010505446058091285,0.375,0.9813278008298755,0.4630021141649049,-382601.5,559.5,0
refined,candidate__cold_ref_g075_c9,super,威力彩,validation,241,482,8,241000,-0.816804979253112,-0.825103734439834,-0.816804979253112,-0.816804979253112,-0.005134854771784232,0.0012448132780082987,-0.005134854771784232,-0.005134854771784232,-0.005134854771784232,-0.005134854771784232,-0.005134854771784232,0.625,0.979253112033195,0.4449152542372881,-198850.0,270.125,0
refined,candidate__cold_ref_g100_c7,super,威力彩,holdout,242,484,8,242000,-0.818388429752066,-0.8177685950413223,-0.818388429752066,-0.818388429752066,-0.03243801652892562,-0.007231404958677686,-0.03243801652892562,-0.03243801652892562,-0.03243801652892562,-0.03243801652892562,-0.03243801652892562,0.375,0.9669421487603306,0.44017094017094016,-197900.0,292.5,0
refined,candidate__cold_ref_g100_c7,super,威力彩,train,482,963,8,481500,-0.7762705088265837,-0.7820290758047768,-0.7762705088265837,-0.7762705088265837,-0.010746625129802697,0.02591692627206646,-0.010648599585062238,-0.010648599585062238,-0.010746625129802697,-0.010648599585062238,-0.010648599585062238,0.75,0.9875518672199171,0.43487394957983194,-378495.0,568.5,0
refined,candidate__cold_ref_g100_c7,super,威力彩,validation,241,482,8,241000,-0.7486514522821577,-0.8263485477178423,-0.7486514522821577,-0.7486514522821577,0.06301867219917014,0.0012448132780082989,0.06301867219917012,0.06301867219917012,0.06301867219917014,0.06301867219917012,0.06301867219917012,0.5,0.983402489626556,0.43037974683544306,-199150.0,272.625,0
refined,candidate__cold_ref_g100_c8,super,威力彩,holdout,242,484,8,242000,-0.8166838842975207,-0.8161157024793388,-0.8166838842975207,-0.8166838842975207,-0.030733471074380167,-0.0024793388429752063,-0.030733471074380167,-0.030733471074380167,-0.030733471074380167,-0.030733471074380167,-0.030733471074380167,0.375,0.9752066115702479,0.4449152542372881,-197500.0,291.625,0
refined,candidate__cold_ref_g100_c8,super,威力彩,train,482,963,8,481500,-0.7797235202492212,-0.795417445482866,-0.7797235202492212,-0.7797235202492212,-0.014199636552440293,0.01769158878504673,-0.014098029045643156,-0.014098029045643156,-0.014199636552440293,-0.014098029045643156,-0.014098029045643156,0.75,0.9854771784232366,0.42947368421052634,-382993.5,563.375,0
refined,candidate__cold_ref_g100_c8,super,威力彩,validation,241,482,8,241000,-0.7407157676348548,-0.8215767634854771,-0.7407157676348548,-0.7407157676348548,0.07095435684647304,-0.0024896265560165978,0.07095435684647304,0.07095435684647304,0.07095435684647304,0.07095435684647304,0.07095435684647304,0.5,0.970954356846473,0.4230769230769231,-198000.0,270.875,0
refined,candidate__cold_ref_g100_c9,super,威力彩,holdout,242,484,8,242000,-0.8165289256198347,-0.8163223140495868,-0.8165289256198347,-0.8165289256198347,-0.030578512396694214,-0.0008264462809917357,-0.030578512396694214,-0.030578512396694214,-0.030578512396694214,-0.030578512396694214,-0.030578512396694214,0.5,0.9752066115702479,0.4406779661016949,-197550.0,290.25,0
refined,candidate__cold_ref_g100_c9,super,威力彩,train,482,963,8,481500,-0.7839483385254413,-0.794478712357217,-0.7839483385254413,-0.7839483385254413,-0.018424454828660435,0.0112398753894081,-0.018318464730290456,-0.018318464730290456,-0.018424454828660435,-0.018318464730290456,-0.018318464730290456,0.75,0.9875518672199171,0.42857142857142855,-382541.5,565.375,0
refined,candidate__cold_ref_g100_c9,super,威力彩,validation,241,482,8,241000,-0.7381224066390042,-0.8122406639004149,-0.7381224066390042,-0.7381224066390042,0.07354771784232365,-0.0024896265560165978,0.07354771784232365,0.07354771784232365,0.07354771784232365,0.07354771784232365,0.07354771784232365,0.5,0.970954356846473,0.4358974358974359,-195750.0,271.875,0
refined,candidate__hot_ref_w10_d096,super,威力彩,holdout,242,484,8,242000,-0.7935950413223141,-0.803099173553719,-0.7935950413223141,-0.7935950413223141,-0.0076446280991735545,0.012396694214876033,-0.007644628099173552,-0.007644628099173552,-0.0076446280991735545,-0.007644628099173552,-0.007644628099173552,0.625,0.9752066115702479,0.5042372881355932,-194350.0,281.625,0
refined,candidate__hot_ref_w10_d096,super,威力彩,train,482,963,8,481500,-0.8079164070612669,-0.8086230529595015,-0.8079164070612669,-0.8079164070612669,-0.042392523364485984,-0.003872274143302181,-0.04226167012448132,-0.04226167012448132,-0.042392523364485984,-0.04226167012448132,-0.04226167012448132,0.5,0.9771784232365145,0.4819532908704883,-389923.5,567.75,0
refined,candidate__hot_ref_w10_d096,super,威力彩,validation,241,482,8,241000,-0.725259336099585,-0.8068464730290457,-0.725259336099585,-0.725259336099585,0.08641078838174274,0.0,0.08641078838174274,0.08641078838174274,0.08641078838174274,0.08641078838174274,0.08641078838174274,0.5,0.979253112033195,0.5084745762711864,-194450.0,283.25,0
refined,candidate__hot_ref_w10_d097,super,威力彩,holdout,242,484,8,242000,-0.8119318181818181,-0.824793388429752,-0.8119318181818181,-0.8119318181818181,-0.025981404958677685,0.0049586776859504135,-0.025981404958677685,-0.025981404958677685,-0.025981404958677685,-0.025981404958677685,-0.025981404958677685,0.5,0.9628099173553719,0.48068669527896996,-199600.0,276.625,0
refined,candidate__hot_ref_w10_d097,super,威力彩,train,482,963,8,481500,-0.8083647455867082,-0.8061993769470406,-0.8083647455867082,-0.8083647455867082,-0.04284086188992731,-0.01233748701973001,-0.04270954356846473,-0.04270954356846473,-0.04284086188992731,-0.04270954356846473,-0.04270954356846473,0.375,0.983402489626556,0.4831223628691983,-388302.5,568.75,0
refined,candidate__hot_ref_w10_d097,super,威力彩,validation,241,482,8,241000,-0.7215248962655602,-0.8053941908713693,-0.7215248962655602,-0.7215248962655602,0.09014522821576763,-0.0006224066390041489,0.09014522821576762,0.09014522821576762,0.09014522821576763,0.09014522821576762,0.09014522821576762,0.5,0.966804979253112,0.4978540772532189,-194100.0,283.625,0
refined,candidate__hot_ref_w10_d098,super,威力彩,holdout,242,484,8,242000,-0.8004132231404959,-0.8177685950413223,-0.8004132231404959,-0.8004132231404959,-0.014462809917355372,0.0008264462809917355,-0.01446280991735537,-0.01446280991735537,-0.014462809917355372,-0.01446280991735537,-0.01446280991735537,0.5,0.9793388429752066,0.48945147679324896,-197900.0,277.5,0
refined,candidate__hot_ref_w10_d098,super,威力彩,train,482,963,8,481500,-0.7953639667705088,-0.8050623052959501,-0.7953639667705088,-0.7953639667705088,-0.02984008307372793,-0.0005285565939771551,-0.029722251037344397,-0.029722251037344397,-0.02984008307372793,-0.029722251037344397,-0.029722251037344397,0.5,0.983402489626556,0.48523206751054854,-387637.5,564.625,0
refined,candidate__hot_ref_w10_d098,super,威力彩,validation,241,482,8,241000,-0.7139004149377594,-0.8112033195020747,-0.7139004149377594,-0.7139004149377594,0.09776970954356846,-0.004149377593360995,0.09776970954356845,0.09776970954356845,0.09776970954356846,0.09776970954356845,0.09776970954356845,0.5,0.975103734439834,0.502127659574468,-195500.0,283.0,0
refined,candidate__hot_ref_w20_d096,super,威力彩,holdout,242,484,8,242000,-0.7946280991735537,-0.8082644628099174,-0.7946280991735537,-0.7946280991735537,-0.008677685950413223,0.004752066115702479,-0.008677685950413221,-0.008677685950413221,-0.008677685950413223,-0.008677685950413221,-0.008677685950413221,0.5,0.9834710743801653,0.5042016806722689,-195600.0,285.125,0
refined,candidate__hot_ref_w20_d096,super,威力彩,train,482,963,8,481500,-0.7830685358255451,-0.7801703011422638,-0.7830685358255451,-0.7830685358255451,-0.017544652128764278,0.0008629283489096575,-0.01743957468879668,-0.01743957468879668,-0.017544652128764278,-0.01743957468879668,-0.01743957468879668,0.5,0.9813278008298755,0.48625792811839325,-380362.5,569.875,0
refined,candidate__hot_ref_w20_d096,super,威力彩,validation,241,482,8,241000,-0.8005705394190872,-0.8128630705394191,-0.8005705394190872,-0.8005705394190872,0.011099585062240664,0.015975103734439833,0.011099585062240664,0.011099585062240664,0.011099585062240664,0.011099585062240664,0.011099585062240664,0.625,0.979253112033195,0.5169491525423728,-195900.0,286.375,0
refined,candidate__hot_ref_w20_d097,super,威力彩,holdout,242,484,8,242000,-0.7947314049586777,-0.802892561983471,-0.7947314049586777,-0.7947314049586777,-0.008780991735537189,0.0012396694214876032,-0.008780991735537187,-0.008780991735537187,-0.008780991735537189,-0.008780991735537187,-0.008780991735537187,0.5,0.9752066115702479,0.5,-194300.0,281.75,0
refined,candidate__hot_ref_w20_d097,super,威力彩,train,482,963,8,481500,-0.7392328660436137,-0.777858774662513,-0.7392328660436137,-0.7392328660436137,0.026291017653167183,-0.00794392523364486,0.026350622406639,0.026350622406639,0.026291017653167183,0.026350622406639,0.026350622406639,0.375,0.970954356846473,0.4722222222222222,-376350.5,570.0,0
refined,candidate__hot_ref_w20_d097,super,威力彩,validation,241,482,8,241000,-0.7880186721991701,-0.8064315352697096,-0.7880186721991701,-0.7880186721991701,0.023651452282157676,0.029045643153526972,0.023651452282157676,0.023651452282157676,0.023651452282157676,0.023651452282157676,0.023651452282157676,0.75,0.983402489626556,0.5147679324894515,-194350.0,289.625,0
refined,candidate__hot_ref_w20_d098,super,威力彩,holdout,242,484,8,242000,-0.797004132231405,-0.806404958677686,-0.797004132231405,-0.797004132231405,-0.011053719008264462,0.0028925619834710746,-0.011053719008264462,-0.011053719008264462,-0.011053719008264462,-0.011053719008264462,-0.011053719008264462,0.625,0.987603305785124,0.502092050209205,-195150.0,283.5,0
refined,candidate__hot_ref_w20_d098,super,威力彩,train,482,963,8,481500,-0.7490215472481827,-0.7870384215991693,-0.7490215472481827,-0.7490215472481827,0.016502336448598127,-0.01105711318795431,0.016572095435684643,0.016572095435684643,0.016502336448598127,0.016572095435684643,0.016572095435684643,0.375,0.9854771784232366,0.4673684210526316,-383775.0,565.375,0
refined,candidate__hot_ref_w20_d098,super,威力彩,validation,241,482,8,241000,-0.7982365145228216,-0.8095435684647303,-0.7982365145228216,-0.7982365145228216,0.013433609958506225,0.014107883817427386,0.013433609958506223,0.013433609958506223,0.013433609958506225,0.013433609958506223,0.013433609958506223,0.625,0.9585062240663901,0.5064935064935064,-195100.0,293.375,0
refined,candidate__hot_ref_w30_d096,super,威力彩,holdout,242,484,8,242000,-0.8083677685950413,-0.8084710743801653,-0.8083677685950413,-0.8083677685950413,-0.022417355371900826,-0.011363636363636364,-0.022417355371900826,-0.022417355371900826,-0.022417355371900826,-0.022417355371900826,-0.022417355371900826,0.375,0.9710743801652892,0.44680851063829785,-196050.0,283.875,0
refined,candidate__hot_ref_w30_d096,super,威力彩,train,482,963,8,481500,-0.7518652647975078,-0.7938566978193147,-0.7518652647975078,-0.7518652647975078,0.013658618899273101,0.01007061266874351,0.013731327800829873,0.013731327800829873,0.013658618899273101,0.013731327800829873,0.013731327800829873,0.625,0.9730290456431535,0.4861407249466951,-382349.5,574.375,0
refined,candidate__hot_ref_w30_d096,super,威力彩,validation,241,482,8,241000,-0.8022302904564316,-0.8149377593360996,-0.8022302904564316,-0.8022302904564316,0.009439834024896265,-0.002904564315352697,0.009439834024896267,0.009439834024896267,0.009439834024896265,0.009439834024896267,0.009439834024896267,0.375,0.991701244813278,0.497907949790795,-196400.0,290.0,0
refined,candidate__hot_ref_w30_d097,super,威力彩,holdout,242,484,8,242000,-0.8103822314049587,-0.8095041322314049,-0.8103822314049587,-0.8103822314049587,-0.02443181818181818,-0.015082644628099173,-0.02443181818181818,-0.02443181818181818,-0.02443181818181818,-0.02443181818181818,-0.02443181818181818,0.25,0.987603305785124,0.4602510460251046,-195900.0,283.25,0
refined,candidate__hot_ref_w30_d097,super,威力彩,train,482,963,8,481500,-0.7484805295950155,-0.7902035306334372,-0.7484805295950155,-0.7484805295950155,0.017043354101765315,0.0188006230529595,0.017112551867219914,0.017112551867219914,0.017043354101765315,0.017112551867219914,0.017112551867219914,0.625,0.9854771784232366,0.47157894736842104,-380540.5,569.125,0
refined,candidate__hot_ref_w30_d097,super,威力彩,validation,241,482,8,241000,-0.7990145228215768,-0.8087136929460581,-0.7990145228215768,-0.7990145228215768,0.012655601659751037,0.00892116182572614,0.01265560165975104,0.01265560165975104,0.012655601659751037,0.01265560165975104,0.01265560165975104,0.5,0.970954356846473,0.5085470085470085,-194900.0,288.0,0
refined,candidate__hot_ref_w30_d098,super,威力彩,holdout,242,484,8,242000,-0.8044938016528925,-0.8055785123966942,-0.8044938016528925,-0.8044938016528925,-0.018543388429752065,-0.018388429752066116,-0.018543388429752068,-0.018543388429752068,-0.018543388429752065,-0.018543388429752068,-0.018543388429752068,0.25,0.9752066115702479,0.461864406779661,-194950.0,284.25,0
refined,candidate__hot_ref_w30_d098,super,威力彩,train,482,963,8,481500,-0.7465508826583593,-0.7690664589823468,-0.7465508826583593,-0.7465508826583593,0.0189730010384216,0.011682242990654205,0.01904019709543568,0.01904019709543568,0.0189730010384216,0.01904019709543568,0.01904019709543568,0.75,0.9771784232365145,0.4840764331210191,-371512.0,567.625,0
refined,candidate__hot_ref_w30_d098,super,威力彩,validation,241,482,8,241000,-0.7233921161825726,-0.7910788381742739,-0.7233921161825726,-0.7233921161825726,0.08827800829875518,0.03443983402489627,0.08827800829875519,0.08827800829875519,0.08827800829875518,0.08827800829875519,0.08827800829875519,0.625,0.950207468879668,0.5065502183406113,-190650.0,290.125,0
refined,candidate__hot_ref_w40_d096,super,威力彩,holdout,242,484,8,242000,-0.8034607438016529,-0.8138429752066116,-0.8034607438016529,-0.8034607438016529,-0.0175103305785124,-0.006818181818181818,-0.0175103305785124,-0.0175103305785124,-0.0175103305785124,-0.0175103305785124,-0.0175103305785124,0.5,0.9834710743801653,0.47058823529411764,-196950.0,285.375,0
refined,candidate__hot_ref_w40_d096,super,威力彩,train,482,963,8,481500,-0.7857328660436137,-0.7934610591900311,-0.7857328660436137,-0.7857328660436137,-0.020208982346832813,0.0019626168224299067,-0.02010114107883818,-0.02010114107883818,-0.020208982346832813,-0.02010114107883818,-0.02010114107883818,0.5,0.9647302904564315,0.4924731182795699,-382159.0,579.875,0
refined,candidate__hot_ref_w40_d096,super,威力彩,validation,241,482,8,241000,-0.7839730290456431,-0.7871369294605809,-0.7839730290456431,-0.7839730290456431,0.027697095435684646,0.036721991701244815,0.027697095435684646,0.027697095435684646,0.027697095435684646,0.027697095435684646,0.027697095435684646,0.875,1.0,0.5186721991701245,-189950.0,290.875,0
refined,candidate__hot_ref_w40_d097,super,威力彩,holdout,242,484,8,242000,-0.7831095041322313,-0.7925619834710744,-0.7831095041322313,-0.7831095041322313,0.00284090909090909,-0.00537190082644628,0.0028409090909090875,0.0028409090909090875,0.00284090909090909,0.0028409090909090875,0.0028409090909090875,0.5,0.9793388429752066,0.4810126582278481,-196700.0,284.625,0
refined,candidate__hot_ref_w40_d097,super,威力彩,train,482,963,8,481500,-0.7953486500519211,-0.8027663551401869,-0.7953486500519211,-0.7953486500519211,-0.029824766355140187,0.0011599169262720666,-0.029706950207468878,-0.029706950207468878,-0.029824766355140187,-0.029706950207468878,-0.029706950207468878,0.5,0.9730290456431535,0.47974413646055436,-386532.0,579.375,0
refined,candidate__hot_ref_w40_d097,super,威力彩,validation,241,482,8,241000,-0.7935684647302904,-0.7948132780082988,-0.7935684647302904,-0.7935684647302904,0.018101659751037346,0.02759336099585062,0.018101659751037343,0.018101659751037343,0.018101659751037346,0.018101659751037343,0.018101659751037343,0.75,0.9875518672199171,0.5252100840336135,-191550.0,292.75,0
refined,candidate__hot_ref_w40_d098,super,威力彩,holdout,242,484,8,242000,-0.806198347107438,-0.8072314049586777,-0.806198347107438,-0.806198347107438,-0.02024793388429752,-0.021280991735537193,-0.020247933884297523,-0.020247933884297523,-0.02024793388429752,-0.020247933884297523,-0.020247933884297523,0.25,0.987603305785124,0.45188284518828453,-196400.0,283.625,0
refined,candidate__hot_ref_w40_d098,super,威力彩,train,482,963,8,481500,-0.787951194184839,-0.7813862928348909,-0.787951194184839,-0.787951194184839,-0.02242731048805815,0.009980269989615783,-0.022317168049792533,-0.022317168049792533,-0.02242731048805815,-0.022317168049792533,-0.022317168049792533,0.5,0.983402489626556,0.4810126582278481,-377579.0,571.75,0
refined,candidate__hot_ref_w40_d098,super,威力彩,validation,241,482,8,241000,-0.7974585062240664,-0.804149377593361,-0.7974585062240664,-0.7974585062240664,0.01421161825726141,0.012655601659751037,0.01421161825726141,0.01421161825726141,0.01421161825726141,0.01421161825726141,0.01421161825726141,0.625,0.983402489626556,0.5358649789029536,-193800.0,292.5,0
refined,random_5,super,威力彩,holdout,242,484,8,242000,-0.7859504132231405,-0.8022727272727272,-0.7859504132231405,-0.7859504132231405,0.0,0.0,0.0,0.0,0.0,0.0,0.0,0.0,0.0,0.5,-194150.0,280.5,0
refined,random_5,super,威力彩,train,482,963,8,481500,-0.7655238836967808,-0.8131090342679128,-0.7655238836967808,-0.7655238836967808,0.0,0.0,0.0,0.0,0.0,0.0,0.0,0.0,0.0,0.5,-391512.0,568.375,0
refined,random_5,super,威力彩,validation,241,482,8,241000,-0.8116701244813278,-0.8101659751037344,-0.8116701244813278,-0.8116701244813278,0.0,0.0,0.0,0.0,0.0,0.0,0.0,0.0,0.0,0.5,-196250.0,277.125,0
refined,candidate__antipop_ref_m050_d080,lotto649,大樂透,holdout,255,573,8,143250,-0.6999668411867365,-0.7165794066317627,-0.6999668411867365,-0.71278184991274,-0.042410122164048866,-0.02486561954624782,-0.0412797385620915,-0.0412797385620915,-0.007130890052356021,-0.01544780578898226,-0.01544780578898226,0.5,0.8745098039215686,0.45739910313901344,-102950.0,91.25,0
refined,candidate__antipop_ref_m050_d080,lotto649,大樂透,train,510,1038,8,259500,-0.6145101156069364,-0.6523294797687861,-0.6145101156069364,-0.6831984585741812,0.042970134874759154,-0.01823121387283237,0.043429400093370686,0.043429400093370686,-0.0076324662813102104,-0.008066188141923433,-0.008066188141923433,0.5,0.8725490196078431,0.48089887640449436,-169279.5,163.25,0
refined,candidate__antipop_ref_m050_d080,lotto649,大樂透,validation,255,542,8,135500,-0.7204861623616237,-0.7286088560885609,-0.7204861623616237,-0.7204861623616237,-0.03182011070110701,-0.021066420664206643,-0.03174332399626517,-0.03174332399626517,-0.019083025830258303,-0.018207049486461253,-0.018207049486461253,0.25,0.8627450980392157,0.4681818181818182,-99276.5,82.375,0
refined,candidate__antipop_ref_m050_d090,lotto649,大樂透,holdout,255,573,8,143250,-0.6689310645724258,-0.6907504363001745,-0.6689310645724258,-0.6846422338568936,-0.01137434554973822,-0.0006980802792321116,-0.01595448179271709,-0.01595448179271709,0.0210087260034904,0.006623529411764705,0.006623529411764705,0.5,0.9098039215686274,0.4870689655172414,-99000.0,93.0,0
refined,candidate__antipop_ref_m050_d090,lotto649,大樂透,train,510,1038,8,259500,-0.5876266859344894,-0.672325626204239,-0.5876266859344894,-0.6855712909441233,0.06985356454720618,-0.030736030828516375,0.07217783613445378,0.07217783613445378,-0.010005298651252409,-0.00909030112044818,-0.00909030112044818,0.5,0.8568627450980392,0.4622425629290618,-174718.5,157.75,0
refined,candidate__antipop_ref_m050_d090,lotto649,大樂透,validation,255,542,8,135500,-0.717339483394834,-0.7262177121771218,-0.717339483394834,-0.7464068265682656,-0.028673431734317342,-0.017261992619926197,-0.0295014939309057,-0.0295014939309057,-0.04500369003690037,-0.04685639589169001,-0.04685639589169001,0.375,0.9058823529411765,0.4025974025974026,-98402.5,77.625,0
refined,candidate__antipop_ref_m050_d100,lotto649,大樂透,holdout,255,573,8,143250,-0.6550165794066318,-0.6726003490401397,-0.6550165794066318,-0.6984293193717277,0.0025401396160558472,0.008376963350785341,0.006133566760037343,0.006133566760037343,0.007221640488656195,-0.0024119514472455673,-0.0024119514472455673,0.625,0.8549019607843137,0.5137614678899083,-98350.0,92.0,0
refined,candidate__antipop_ref_m050_d100,lotto649,大樂透,train,510,1038,8,259500,-0.6524426782273604,-0.6878940269749518,-0.6524426782273604,-0.6892519267822736,0.00503757225433526,-0.040109826589595374,0.0061670284780578925,0.0061670284780578925,-0.013685934489402696,-0.012886893090569559,-0.012886893090569559,0.25,0.8666666666666667,0.47737556561085975,-181647.5,160.0,0
refined,candidate__antipop_ref_m050_d100,lotto649,大樂透,validation,255,542,8,135500,-0.7085212177121771,-0.7210332103321033,-0.7085212177121771,-0.7213551660516605,-0.019855166051660517,-0.03699261992619926,-0.02075457516339869,-0.02075457516339869,-0.019952029520295202,-0.020857516339869278,-0.020857516339869278,0.375,0.8784313725490196,0.48214285714285715,-97700.0,81.25,0
refined,candidate__antipop_ref_m060_d080,lotto649,大樂透,holdout,255,573,8,143250,-0.5860331588132636,-0.662129144851658,-0.5860331588132636,-0.7026483420593368,0.07152356020942409,-0.0011308900523560204,0.08855630252100842,0.08855630252100842,0.0030026178010471192,-0.0022343137254901956,-0.0022343137254901956,0.5,0.8745098039215686,0.5022421524663677,-95100.0,92.25,0
refined,candidate__antipop_ref_m060_d080,lotto649,大樂透,train,510,1038,8,259500,-0.6418333333333334,-0.648878612716763,-0.6418333333333334,-0.6741266859344894,0.015646917148362235,0.04578227360308285,0.017100128384687205,0.017100128384687205,0.0014393063583815037,0.002641795051353876,0.002641795051353876,0.625,0.8666666666666667,0.4819004524886878,-168384.0,163.375,0
refined,candidate__antipop_ref_m060_d080,lotto649,大樂透,validation,255,542,8,135500,-0.6541143911439115,-0.6662767527675277,-0.6541143911439115,-0.7147112546125461,0.034551660516605166,0.05110332103321033,0.036356395891690006,0.036356395891690006,-0.013308118081180811,-0.014506349206349209,-0.014506349206349209,0.625,0.8392156862745098,0.48130841121495327,-90730.5,79.5,0
refined,candidate__antipop_ref_m060_d090,lotto649,大樂透,holdout,255,573,8,143250,-0.6037303664921466,-0.6563176265270506,-0.6037303664921466,-0.7150200698080279,0.053826352530541015,9.424083769633482e-05,0.06168230625583567,0.06168230625583567,-0.009369109947643978,-0.0231249766573296,-0.0231249766573296,0.5,0.8470588235294118,0.4583333333333333,-94567.5,87.625,0
refined,candidate__antipop_ref_m060_d090,lotto649,大樂透,train,510,1038,8,259500,-0.5264826589595376,-0.6508034682080925,-0.5264826589595376,-0.6639426782273603,0.13099759152215798,0.01595761078998073,0.13365727124183008,0.13365727124183008,0.011623314065510596,0.012176388888888893,0.012176388888888893,0.625,0.8803921568627451,0.48775055679287305,-168883.5,166.75,0
refined,candidate__antipop_ref_m060_d090,lotto649,大樂透,validation,255,542,8,135500,-0.6743127306273062,-0.6832435424354244,-0.6743127306273062,-0.7141236162361624,0.014353321033210333,0.033306273062730624,0.016489215686274507,0.016489215686274507,-0.012720479704797047,-0.012283333333333334,-0.012283333333333334,0.625,0.8705882352941177,0.4954954954954955,-93029.5,83.125,0
refined,candidate__antipop_ref_m060_d100,lotto649,大樂透,holdout,255,573,8,143250,-0.6919040139616056,-0.7033158813263526,-0.6919040139616056,-0.7097731239092496,-0.03434729493891797,-0.026876090750436298,-0.03357717086834734,-0.03357717086834734,-0.00412216404886562,-0.00917105508870215,-0.00917105508870215,0.375,0.8627450980392157,0.5136363636363637,-100750.0,88.5,0
refined,candidate__antipop_ref_m060_d100,lotto649,大樂透,train,510,1038,8,259500,-0.6350139691714837,-0.6638285163776494,-0.6350139691714837,-0.6828872832369942,0.022466281310211948,0.007217726396917149,0.024254493464052288,0.024254493464052288,-0.007321290944123315,-0.006058741830065359,-0.006058741830065359,0.5,0.8725490196078431,0.48764044943820223,-173153.5,161.625,0
refined,candidate__antipop_ref_m060_d100,lotto649,大樂透,validation,255,542,8,135500,-0.6999455719557196,-0.7168007380073801,-0.6999455719557196,-0.7233680811808119,-0.011279520295202952,-0.019918819188191883,-0.00796671335200747,-0.00796671335200747,-0.021964944649446493,-0.019322595704948646,-0.019322595704948646,0.375,0.9019607843137255,0.46956521739130436,-97126.5,78.125,0
refined,candidate__antipop_ref_m070_d080,lotto649,大樂透,holdout,255,573,8,143250,-0.6011788830715532,-0.7082024432809774,-0.6011788830715532,-0.7146596858638743,0.05637783595113438,-0.0324956369982548,0.008732913165266112,0.008732913165266112,-0.0090087260034904,-0.02370420168067227,-0.02370420168067227,0.375,0.8901960784313725,0.5022026431718062,-101450.0,90.75,0
refined,candidate__antipop_ref_m070_d080,lotto649,大樂透,train,510,1038,8,259500,-0.6169797687861271,-0.6457996146435453,-0.6169797687861271,-0.6700043352601156,0.0405004816955684,0.04313487475915222,0.04159401260504202,0.04159401260504202,0.0055616570327553,0.006038620448179272,0.006038620448179272,0.75,0.8549019607843137,0.5022935779816514,-167585.0,159.375,0
refined,candidate__antipop_ref_m070_d080,lotto649,大樂透,validation,255,542,8,135500,-0.6605101476014761,-0.670129151291513,-0.6605101476014761,-0.6884123616236163,0.02815590405904059,0.010933579335793359,0.024407142857142856,0.024407142857142856,0.012990774907749076,0.00829047619047619,0.00829047619047619,0.5,0.8352941176470589,0.5305164319248826,-90802.5,86.25,0
refined,candidate__antipop_ref_m070_d090,lotto649,大樂透,holdout,255,573,8,143250,-0.5668542757417102,-0.6830715532286213,-0.5668542757417102,-0.6928446771378708,0.0907024432809773,-0.0025270506108202445,0.05532749766573296,0.05532749766573296,0.01280628272251309,0.00883548085901027,0.00883548085901027,0.5,0.8705882352941177,0.5585585585585585,-97950.0,96.125,0
refined,candidate__antipop_ref_m070_d090,lotto649,大樂透,train,510,1038,8,259500,-0.613635838150289,-0.627495183044316,-0.613635838150289,-0.6634527938342967,0.043844412331406554,0.052206165703275534,0.044574171335200745,0.044574171335200745,0.012113198458574182,0.012282994864612512,0.012282994864612512,0.625,0.8686274509803922,0.5033860045146726,-165256.0,159.125,0
refined,candidate__antipop_ref_m070_d090,lotto649,大樂透,validation,255,542,8,135500,-0.6923173431734317,-0.6888228782287822,-0.6923173431734317,-0.6923173431734317,-0.0036512915129151306,-0.007575645756457565,-0.004948412698412701,-0.004948412698412701,0.009085793357933579,0.00858786181139122,0.00858786181139122,0.375,0.9058823529411765,0.4935064935064935,-93335.5,84.125,0
refined,candidate__antipop_ref_m070_d100,lotto649,大樂透,holdout,255,573,8,143250,-0.6735636998254799,-0.6719022687609075,-0.6735636998254799,-0.6851657940663176,-0.01600698080279232,-0.006980802792321118,-0.013407749766573291,-0.013407749766573291,0.020485165794066316,0.013786928104575165,0.013786928104575165,0.5,0.8823529411764706,0.5688888888888889,-96250.0,98.0,0
refined,candidate__antipop_ref_m070_d100,lotto649,大樂透,train,510,1038,8,259500,-0.5991180154142582,-0.6220327552986513,-0.5991180154142582,-0.6729513487475915,0.05836223506743738,0.03785163776493256,0.058483368347338936,0.058483368347338936,0.002614643545279384,0.001751995798319328,0.001751995798319328,0.875,0.8588235294117647,0.4954337899543379,-164854.0,160.375,0
refined,candidate__antipop_ref_m070_d100,lotto649,大樂透,validation,255,542,8,135500,-0.7130535055350553,-0.7109630996309964,-0.7130535055350553,-0.7130535055350553,-0.024387453874538747,-0.015546125461254612,-0.02734607843137255,-0.02734607843137255,-0.011650369003690037,-0.013809803921568631,-0.013809803921568631,0.125,0.8784313725490196,0.47767857142857145,-96335.5,80.125,0
refined,candidate__balance_ref_p+0,lotto649,大樂透,holdout,255,573,8,143250,-0.46470331588132635,-0.6712041884816754,-0.6377984293193717,-0.7116928446771379,0.01975828970331588,-0.018150087260034906,0.029493604108309986,0.029493604108309986,-0.006041884816753926,-0.013298972922502338,-0.013298972922502338,0.375,0.8627450980392157,0.4863636363636364,-96150.0,87.375,1
refined,candidate__balance_ref_p+0,lotto649,大樂透,train,510,1038,8,259500,-0.6790351637764933,-0.6884816955684008,-0.6790351637764933,-0.6790351637764933,-0.021554913294797688,-0.014826589595375722,-0.023435889355742295,-0.023435889355742295,-0.003469171483622351,-0.005030987394957983,-0.005030987394957983,0.25,0.8156862745098039,0.5096153846153846,-179940.0,158.375,0
refined,candidate__balance_ref_p+0,lotto649,大樂透,validation,255,542,8,135500,-0.69705073800738,-0.7064538745387454,-0.69705073800738,-0.69705073800738,-0.008384686346863469,0.002468634686346864,-0.016929878618113913,-0.016929878618113913,0.004352398523985241,-0.003393604108309991,-0.003393604108309991,0.5,0.8431372549019608,0.4930232558139535,-95724.5,87.375,0
refined,candidate__balance_ref_p-10,lotto649,大樂透,holdout,255,573,8,143250,-0.6715698080279232,-0.6761361256544502,-0.6715698080279232,-0.7066544502617802,-0.014013089005235603,-0.025403141361256543,-0.012322549019607843,-0.012322549019607843,-0.0010034904013961614,-0.01151120448179272,-0.01151120448179272,0.375,0.8784313725490196,0.4732142857142857,-98256.5,87.375,0
refined,candidate__balance_ref_p-10,lotto649,大樂透,train,510,1038,8,259500,-0.6876710019267822,-0.7011676300578035,-0.6876710019267822,-0.6876710019267822,-0.030190751445086705,-0.03629672447013488,-0.03202524509803921,-0.03202524509803921,-0.012105009633911368,-0.0136203431372549,-0.0136203431372549,0.25,0.8254901960784313,0.503562945368171,-181953.0,157.25,0
refined,candidate__balance_ref_p-10,lotto649,大樂透,validation,255,542,8,135500,-0.6940516605166052,-0.6877269372693726,-0.6940516605166052,-0.6940516605166052,-0.00538560885608856,-0.0014464944649446492,-0.014876143790849675,-0.014876143790849675,0.007351476014760148,-0.0013398692810457536,-0.0013398692810457536,0.5,0.8235294117647058,0.5142857142857142,-93187.0,84.0,0
refined,candidate__balance_ref_p-5,lotto649,大樂透,holdout,255,573,8,143250,-0.6936753926701571,-0.6858638743455497,-0.6936753926701571,-0.7116928446771379,-0.036118673647469464,-0.039790575916230364,-0.03361260504201681,-0.03361260504201681,-0.0060418848167539275,-0.013625770308123251,-0.013625770308123251,0.25,0.8745098039215686,0.484304932735426,-99950.0,88.0,0
refined,candidate__balance_ref_p-5,lotto649,大樂透,train,510,1038,8,259500,-0.6726180154142581,-0.6780346820809249,-0.6726180154142581,-0.6726180154142581,-0.015137764932562619,-0.021105973025048172,-0.01640596405228758,-0.01640596405228758,0.002947976878612717,0.001998937908496734,0.001998937908496734,0.375,0.8274509803921568,0.5213270142180095,-175950.0,160.75,0
refined,candidate__balance_ref_p-5,lotto649,大樂透,validation,255,542,8,135500,-0.6919916974169742,-0.6936309963099632,-0.6919916974169742,-0.6919916974169742,-0.003325645756457566,-0.00017343173431734384,-0.013566479925303456,-0.013566479925303456,0.009411439114391143,-3.0205415499533667e-05,-3.0205415499533667e-05,0.5,0.803921568627451,0.4926829268292683,-93987.0,86.75,0
refined,candidate__cold_ref_g200_c7,lotto649,大樂透,holdout,255,573,8,143250,-0.6774371727748691,-0.6968970331588132,-0.6774371727748691,-0.6896623036649214,-0.0198804537521815,-0.011364746945898778,-0.023178944911297857,-0.023178944911297857,0.01598865619546248,0.0033157329598506023,0.0033157329598506023,0.375,0.8549019607843137,0.3577981651376147,-99830.5,88.375,0
refined,candidate__cold_ref_g200_c7,lotto649,大樂透,train,510,1038,8,259500,-0.6232721579961464,-0.6334296724470134,-0.6232721579961464,-0.6377552986512524,0.03420809248554913,0.01597495183044316,0.033589320728291315,0.033589320728291315,0.037810693641618494,0.03725549719887955,0.03725549719887955,0.75,0.8941176470588236,0.3991228070175439,-167014.5,177.125,0
refined,candidate__cold_ref_g200_c7,lotto649,大樂透,validation,255,542,8,135500,-0.7034086715867158,-0.6924206642066421,-0.7034086715867158,-0.7034086715867158,-0.014742619926199263,0.00020664206642066404,-0.018719841269841275,-0.018719841269841275,-0.0020055350553505554,-0.005183566760037353,-0.005183566760037353,0.5,0.8549019607843137,0.4036697247706422,-93973.0,84.75,0
refined,candidate__cold_ref_g200_c8,lotto649,大樂透,holdout,255,573,8,143250,-0.6772207678883072,-0.6944851657940664,-0.6772207678883072,-0.6894458987783595,-0.019664048865619545,-0.01194066317626527,-0.024504435107376286,-0.024504435107376286,0.016205061082024432,0.0019902427637721715,0.0019902427637721715,0.375,0.8705882352941177,0.36486486486486486,-100467.5,90.0,0
refined,candidate__cold_ref_g200_c8,lotto649,大樂透,train,510,1038,8,259500,-0.6030525048169557,-0.613364161849711,-0.6030525048169557,-0.6302509633911368,0.05442774566473989,0.02317533718689788,0.0538389939309057,0.0538389939309057,0.045315028901734104,0.04456546451914099,0.04456546451914099,0.75,0.8921568627450981,0.4087912087912088,-162427.0,183.375,0
refined,candidate__cold_ref_g200_c8,lotto649,大樂透,validation,255,542,8,135500,-0.7000940959409594,-0.700830258302583,-0.7000940959409594,-0.7000940959409594,-0.011428044280442804,0.006848708487084871,-0.014402707749766578,-0.014402707749766578,0.0013090405904059035,-0.0008664332399626553,-0.0008664332399626553,0.625,0.8745098039215686,0.4170403587443946,-95112.5,88.0,0
refined,candidate__cold_ref_g200_c9,lotto649,大樂透,holdout,255,573,8,143250,-0.6852486910994764,-0.7069284467713788,-0.6852486910994764,-0.6974738219895288,-0.02769197207678883,-0.02380802792321117,-0.03388818860877685,-0.03388818860877685,0.00817713787085515,-0.007393510737628389,-0.007393510737628389,0.375,0.8666666666666667,0.3574660633484163,-101567.5,88.5,0
refined,candidate__cold_ref_g200_c9,lotto649,大樂透,train,510,1038,8,259500,-0.5930130057803468,-0.6103044315992293,-0.5930130057803468,-0.6317938342967244,0.06446724470134875,0.03273025048169557,0.06334193510737629,0.06334193510737629,0.043772157996146435,0.042281640989729224,0.042281640989729224,0.625,0.8823529411764706,0.4022222222222222,-158878.5,181.625,0
refined,candidate__cold_ref_g200_c9,lotto649,大樂透,validation,255,542,8,135500,-0.70359963099631,-0.6952029520295203,-0.70359963099631,-0.70359963099631,-0.014933579335793359,-0.012693726937269372,-0.018701493930905703,-0.018701493930905703,-0.0021964944649446503,-0.005165219421101778,-0.005165219421101778,0.375,0.8784313725490196,0.4107142857142857,-94200.0,86.5,0
refined,candidate__cold_ref_g225_c7,lotto649,大樂透,holdout,255,573,8,143250,-0.6789258289703316,-0.6833158813263525,-0.6789258289703316,-0.6923603839441536,-0.021369109947643974,-0.023232111692844677,-0.03018482726423903,-0.03018482726423903,0.013290575916230368,-0.005048972922502339,-0.005048972922502339,0.375,0.8862745098039215,0.37610619469026546,-98285.0,91.625,0
refined,candidate__cold_ref_g225_c7,lotto649,大樂透,train,510,1038,8,259500,-0.582716281310212,-0.6260231213872833,-0.582716281310212,-0.630735549132948,0.07476396917148362,0.02188824662813102,0.07478637955182073,0.07478637955182073,0.04483044315992293,0.04432461484593837,0.04432461484593837,0.625,0.903921568627451,0.3839479392624729,-162653.0,176.875,0
refined,candidate__cold_ref_g225_c7,lotto649,大樂透,validation,255,542,8,135500,-0.7033044280442804,-0.7121771217712177,-0.7033044280442804,-0.7033044280442804,-0.014638376383763838,-0.017985239852398523,-0.015765919701213823,-0.015765919701213823,-0.0019012915129151301,-0.0022296451914099,-0.0022296451914099,0.375,0.8941176470588236,0.36403508771929827,-96650.0,86.875,0
refined,candidate__cold_ref_g225_c8,lotto649,大樂透,holdout,255,573,8,143250,-0.6827347294938918,-0.7006457242582897,-0.6827347294938918,-0.6961692844677139,-0.02517801047120419,-0.01643979057591623,-0.032974042950513545,-0.032974042950513545,0.009481675392670157,-0.007838188608776848,-0.007838188608776848,0.375,0.9019607843137255,0.3695652173913043,-100620.0,92.5,0
refined,candidate__cold_ref_g225_c8,lotto649,大樂透,train,510,1038,8,259500,-0.5754894026974952,-0.6387456647398844,-0.5754894026974952,-0.6350910404624277,0.08199084778420039,0.026732177263969172,0.08246758870214753,0.08246758870214753,0.04047495183044316,0.040219059290382816,0.040219059290382816,0.625,0.8980392156862745,0.37554585152838427,-165954.5,178.25,0
refined,candidate__cold_ref_g225_c8,lotto649,大樂透,validation,255,542,8,135500,-0.7001605166051661,-0.6975977859778597,-0.7001605166051661,-0.7001605166051661,-0.011494464944649447,-0.02007749077490775,-0.011182072829131657,-0.011182072829131657,0.0012426199261992617,0.002354201680672266,0.002354201680672266,0.375,0.9215686274509803,0.3702127659574468,-94674.5,89.5,0
refined,candidate__cold_ref_g225_c9,lotto649,大樂透,holdout,255,573,8,143250,-0.6686020942408377,-0.6814659685863875,-0.6686020942408377,-0.6954712041884816,-0.011045375218150088,-0.00869458987783595,-0.019616619981325866,-0.019616619981325866,0.010179755671902269,-0.009574883286647996,-0.009574883286647996,0.5,0.9058823529411765,0.38095238095238093,-98320.0,92.875,0
refined,candidate__cold_ref_g225_c9,lotto649,大樂透,train,510,1038,8,259500,-0.5351729287090559,-0.5884065510597303,-0.5351729287090559,-0.6179393063583815,0.12230732177263968,0.038678227360308286,0.12203539915966387,0.12203539915966387,0.0576266859344894,0.056213340336134454,0.056213340336134454,0.875,0.9098039215686274,0.3857758620689655,-152691.5,184.0,0
refined,candidate__cold_ref_g225_c9,lotto649,大樂透,validation,255,542,8,135500,-0.7012675276752768,-0.7025830258302583,-0.7012675276752768,-0.7012675276752768,-0.012601476014760148,-0.017712177121771217,-0.010915032679738567,-0.010915032679738567,0.00013560885608856056,0.002621241830065356,0.002621241830065356,0.375,0.9098039215686274,0.3793103448275862,-95200.0,87.875,0
refined,candidate__cold_ref_g250_c7,lotto649,大樂透,holdout,255,573,8,143250,-0.7118760907504363,-0.7077486910994765,-0.7118760907504363,-0.7118760907504363,-0.05431937172774869,-0.031486910994764396,-0.06594864612511672,-0.06594864612511672,-0.006225130890052357,-0.0257186741363212,-0.0257186741363212,0.25,0.8941176470588236,0.34210526315789475,-102067.5,89.375,0
refined,candidate__cold_ref_g250_c7,lotto649,大樂透,train,510,1038,8,259500,-0.6242124277456648,-0.6461040462427745,-0.6242124277456648,-0.6563121387283237,0.03326782273603083,-0.003789980732177264,0.031567331932773106,0.031567331932773106,0.019253853564547205,0.017306057422969184,0.017306057422969184,0.5,0.8901960784313725,0.3458149779735683,-168264.0,179.875,0
refined,candidate__cold_ref_g250_c7,lotto649,大樂透,validation,255,542,8,135500,-0.638130073800738,-0.6666014760147602,-0.638130073800738,-0.6739990774907749,0.0505359778597786,0.048332103321033215,0.051006676003734826,0.051006676003734826,0.027404059040590407,0.026423342670401494,0.026423342670401494,0.625,0.8862745098039215,0.34513274336283184,-90324.5,95.0,0
refined,candidate__cold_ref_g250_c8,lotto649,大樂透,holdout,255,573,8,143250,-0.702804537521815,-0.7120593368237347,-0.702804537521815,-0.716239092495637,-0.045247818499127394,-0.03329842931937173,-0.055140242763772176,-0.055140242763772176,-0.010588132635253053,-0.030004388422035486,-0.030004388422035486,0.25,0.8941176470588236,0.32456140350877194,-102700.0,89.375,0
refined,candidate__cold_ref_g250_c8,lotto649,大樂透,train,510,1038,8,259500,-0.6013848747591521,-0.6242774566473988,-0.6013848747591521,-0.6411290944123313,0.05609537572254335,-0.008549132947976879,0.05372452147525677,0.05372452147525677,0.034436897880539497,0.03168383520074697,0.03168383520074697,0.5,0.8823529411764706,0.35333333333333333,-162600.0,184.5,0
refined,candidate__cold_ref_g250_c8,lotto649,大樂透,validation,255,542,8,135500,-0.6462094095940959,-0.6689077490774907,-0.6462094095940959,-0.6820784132841329,0.04245664206642066,0.02898892988929889,0.041870448179271706,0.041870448179271706,0.01932472324723247,0.017287114845938374,0.017287114845938374,0.625,0.9098039215686274,0.34913793103448276,-90637.0,93.125,0
refined,candidate__cold_ref_g250_c9,lotto649,大樂透,holdout,255,573,8,143250,-0.716588132635253,-0.7099650959860384,-0.716588132635253,-0.716588132635253,-0.05903141361256544,-0.039581151832460734,-0.07006629318394025,-0.07006629318394025,-0.01093717277486911,-0.02983632119514473,-0.02983632119514473,0.125,0.8941176470588236,0.32456140350877194,-102500.0,88.125,0
refined,candidate__cold_ref_g250_c9,lotto649,大樂透,train,510,1038,8,259500,-0.6023053949903661,-0.6264643545279384,-0.6023053949903661,-0.6459874759152215,0.05517485549132948,0.03432947976878613,0.05366488095238095,0.05366488095238095,0.029578516377649328,0.027616841736694677,0.027616841736694677,0.625,0.8921568627450981,0.34725274725274724,-162567.5,185.125,0
refined,candidate__cold_ref_g250_c9,lotto649,大樂透,validation,255,542,8,135500,-0.6350904059040591,-0.6646642066420665,-0.6350904059040591,-0.670959409594096,0.05357564575645757,0.041535055350553504,0.05435284780578898,0.05435284780578898,0.030443726937269374,0.029769514472455644,0.029769514472455644,0.625,0.9137254901960784,0.37339055793991416,-90062.0,95.25,0
refined,candidate__hot_ref_w10_d096,lotto649,大樂透,holdout,255,573,8,143250,-0.6971780104712042,-0.7012216404886562,-0.6971780104712042,-0.7048979057591623,-0.03962129144851658,-0.028572425828970335,-0.02648067226890756,-0.02648067226890756,0.0007530541012216405,0.00507577030812325,0.00507577030812325,0.375,0.8823529411764706,0.49333333333333335,-100950.0,88.125,0
refined,candidate__hot_ref_w10_d096,lotto649,大樂透,train,510,1038,8,259500,-0.6750279383429673,-0.6748728323699422,-0.6750279383429673,-0.6846305394990366,-0.017547687861271675,-0.041314065510597305,-0.016549288048552758,-0.016549288048552758,-0.009064547206165702,-0.007916444911297853,-0.007916444911297853,0.375,0.8568627450980392,0.45080091533180777,-175579.5,158.0,0
refined,candidate__hot_ref_w10_d096,lotto649,大樂透,validation,255,542,8,135500,-0.711720479704797,-0.7380073800738007,-0.711720479704797,-0.7241623616236162,-0.023054428044280442,-0.02636162361623616,-0.02625392156862745,-0.02625392156862745,-0.022759225092250923,-0.02594019607843137,-0.02594019607843137,0.375,0.8352941176470589,0.45539906103286387,-100000.0,81.75,0
refined,candidate__hot_ref_w10_d097,lotto649,大樂透,holdout,255,573,8,143250,-0.7001448516579407,-0.6913298429319372,-0.7001448516579407,-0.7078647469458987,-0.04258813263525305,-0.02787434554973822,-0.031834547152194206,-0.031834547152194206,-0.002213787085514834,-0.0002781045751633998,-0.0002781045751633998,0.5,0.8588235294117647,0.4794520547945205,-99200.0,88.125,0
refined,candidate__hot_ref_w10_d097,lotto649,大樂透,train,510,1038,8,259500,-0.6675105973025048,-0.6614219653179191,-0.6675105973025048,-0.6771131984585742,-0.010030346820809248,-0.03245086705202312,-0.008628513071895426,-0.008628513071895426,-0.001547206165703275,4.3300653594772595e-06,4.3300653594772595e-06,0.375,0.8529411764705882,0.45977011494252873,-172746.0,159.25,0
refined,candidate__hot_ref_w10_d097,lotto649,大樂透,validation,255,542,8,135500,-0.7178892988929889,-0.7362619926199262,-0.7178892988929889,-0.7178892988929889,-0.02922324723247232,-0.04791143911439114,-0.032837815126050426,-0.032837815126050426,-0.01648616236162361,-0.0193015406162465,-0.0193015406162465,0.25,0.8549019607843137,0.4541284403669725,-99842.0,82.875,0
refined,candidate__hot_ref_w10_d098,lotto649,大樂透,holdout,255,573,8,143250,-0.7034607329842932,-0.7082024432809773,-0.7034607329842932,-0.7111806282722513,-0.04590401396160558,-0.038345549738219895,-0.03556190476190475,-0.03556190476190475,-0.005529668411867364,-0.004005462184873949,-0.004005462184873949,0.375,0.8823529411764706,0.48,-101450.0,88.125,0
refined,candidate__hot_ref_w10_d098,lotto649,大樂透,train,510,1038,8,259500,-0.6608853564547206,-0.6562254335260116,-0.6608853564547206,-0.6773010597302505,-0.003405105973025046,0.00017919075144508766,-0.0014361928104575181,-0.0014361928104575181,-0.0017350674373795747,0.00026331699346405244,0.00026331699346405244,0.5,0.8588235294117647,0.4680365296803653,-175039.5,160.0,0
refined,candidate__hot_ref_w10_d098,lotto649,大樂透,validation,255,542,8,135500,-0.7013367158671586,-0.7062140221402213,-0.7013367158671586,-0.7013367158671586,-0.012670664206642066,-0.02636162361623616,-0.01487408963585434,-0.01487408963585434,6.642066420664268e-05,-0.00133781512605042,-0.00133781512605042,0.25,0.8549019607843137,0.4724770642201835,-95692.0,86.25,0
refined,candidate__hot_ref_w20_d096,lotto649,大樂透,holdout,255,573,8,143250,-0.6348429319371728,-0.7013438045375218,-0.6348429319371728,-0.7132940663176265,0.022713787085514834,-0.005968586387434555,0.03951447245564893,0.03951447245564893,-0.0076431064572425825,-0.008397712418300658,-0.008397712418300658,0.5,0.8705882352941177,0.5135135135135135,-100467.5,84.875,0
refined,candidate__hot_ref_w20_d096,lotto649,大樂透,train,510,1038,8,259500,-0.6346218689788055,-0.651543352601156,-0.6346218689788055,-0.6680515414258189,0.022858381502890174,-0.00559344894026975,0.023136963118580763,0.023136963118580763,0.007514450867052025,0.007522257236227825,0.007522257236227825,0.5,0.8509803921568627,0.5184331797235023,-173421.5,156.75,0
refined,candidate__hot_ref_w20_d096,lotto649,大樂透,validation,255,542,8,135500,-0.6251614391143911,-0.7055350553505535,-0.6251614391143911,-0.7050756457564575,0.06350461254612547,0.024690036900369004,0.07100555555555554,0.07100555555555554,-0.003672509225092251,-0.0003866013071895421,-0.0003866013071895421,0.625,0.8745098039215686,0.515695067264574,-95750.0,84.5,0
refined,candidate__hot_ref_w20_d097,lotto649,大樂透,holdout,255,573,8,143250,-0.6387486910994764,-0.7019197207678882,-0.6387486910994764,-0.7171998254799302,0.01880802792321117,-0.00038394415357766165,0.03345863678804856,0.03345863678804856,-0.011548865619546248,-0.014453548085901031,-0.014453548085901031,0.5,0.8745098039215686,0.4977578475336323,-101150.0,86.0,0
refined,candidate__hot_ref_w20_d097,lotto649,大樂透,train,510,1038,8,259500,-0.6075081888246628,-0.608728323699422,-0.6075081888246628,-0.6698583815028901,0.04997206165703276,0.056749518304431604,0.05170738795518207,0.05170738795518207,0.005707610789980733,0.0066617997198879534,0.0066617997198879534,0.625,0.8980392156862745,0.5131004366812227,-168150.5,159.25,0
refined,candidate__hot_ref_w20_d097,lotto649,大樂透,validation,255,542,8,135500,-0.6211070110701107,-0.687841328413284,-0.6211070110701107,-0.7010212177121771,0.06755904059040589,0.035760147601476014,0.07451045751633986,0.07451045751633986,0.000381918819188191,0.0031183006535947717,0.0031183006535947717,0.75,0.8627450980392157,0.5136363636363637,-93302.5,84.875,0
refined,candidate__hot_ref_w20_d098,lotto649,大樂透,holdout,255,573,8,143250,-0.6317678883071554,-0.6893542757417104,-0.6317678883071554,-0.7102190226876091,0.025788830715532285,0.009389179755671903,0.04036806722689075,0.04036806722689075,-0.004568062827225132,-0.007544117647058825,-0.007544117647058825,0.5,0.8705882352941177,0.49099099099099097,-99200.0,87.625,0
refined,candidate__hot_ref_w20_d098,lotto649,大樂透,train,510,1038,8,259500,-0.6222779383429673,-0.6370732177263969,-0.6222779383429673,-0.6650419075144509,0.03520231213872832,0.023566473988439307,0.03611210317460317,0.03611210317460317,0.010524084778420036,0.010998377684407097,0.010998377684407097,0.625,0.8803921568627451,0.5256124721603563,-169013.0,162.375,0
refined,candidate__hot_ref_w20_d098,lotto649,大樂透,validation,255,542,8,135500,-0.6218145756457565,-0.6974169741697417,-0.6218145756457565,-0.7017287822878229,0.06685147601476014,0.03945387453874538,0.07251479925303456,0.07251479925303456,-0.00032564575645756434,0.0011226423902894475,0.0011226423902894475,0.75,0.8823529411764706,0.5066666666666667,-94650.0,85.0,0
refined,candidate__hot_ref_w30_d096,lotto649,大樂透,holdout,255,573,8,143250,-0.6332033158813264,-0.6854310645724259,-0.6332033158813264,-0.7036649214659686,0.02435340314136126,0.00842582897033159,0.03504943977591037,0.03504943977591037,0.0019860383944153574,-0.003886274509803923,-0.003886274509803923,0.625,0.8784313725490196,0.5178571428571429,-98188.0,90.5,0
refined,candidate__hot_ref_w30_d096,lotto649,大樂透,train,510,1038,8,259500,-0.5797321772639692,-0.6635568400770713,-0.5797321772639692,-0.6724190751445087,0.0777480732177264,-0.014851637764932563,0.07983257469654528,0.07983257469654528,0.0031469171483622348,0.003914927637721754,0.003914927637721754,0.375,0.8784313725490196,0.5022321428571429,-176533.0,156.125,0
refined,candidate__hot_ref_w30_d096,lotto649,大樂透,validation,255,542,8,135500,-0.685440036900369,-0.6865276752767528,-0.685440036900369,-0.7166734317343173,0.003226014760147601,0.015845018450184503,0.0030745564892623676,0.0030745564892623676,-0.015270295202952032,-0.016582306255835667,-0.016582306255835667,0.75,0.8784313725490196,0.48214285714285715,-93174.5,81.875,0
refined,candidate__hot_ref_w30_d097,lotto649,大樂透,holdout,255,573,8,143250,-0.6049476439790576,-0.64565445026178,-0.6049476439790576,-0.7032722513089005,0.05260907504363002,0.04099825479930192,0.052750700280112056,0.052750700280112056,0.0023787085514834203,-0.006296638655462186,-0.006296638655462186,0.625,0.8784313725490196,0.5133928571428571,-92662.0,90.75,0
refined,candidate__hot_ref_w30_d097,lotto649,大樂透,train,510,1038,8,259500,-0.6683323699421966,-0.6854971098265896,-0.6683323699421966,-0.6823540462427746,-0.010852119460500962,-0.024246628131021193,-0.0108906746031746,-0.0108906746031746,-0.0067880539499036606,-0.006754890289449112,-0.006754890289449112,0.375,0.8862745098039215,0.4889380530973451,-179131.0,156.25,0
refined,candidate__hot_ref_w30_d097,lotto649,大樂透,validation,255,542,8,135500,-0.6744926199261992,-0.6804428044280443,-0.6744926199261992,-0.7057260147601476,0.014173431734317343,0.019715867158671588,0.011000186741363207,0.011000186741363207,-0.004322878228782289,-0.008656676003734829,-0.008656676003734829,0.75,0.8901960784313725,0.5066079295154186,-92300.0,84.75,0
refined,candidate__hot_ref_w30_d098,lotto649,大樂透,holdout,255,573,8,143250,-0.6178621291448516,-0.6617102966841186,-0.6178621291448516,-0.7161867364746946,0.03969458987783595,0.024942408376963352,0.042774976657329586,0.042774976657329586,-0.010535776614310646,-0.01627236227824463,-0.01627236227824463,0.625,0.8745098039215686,0.5067264573991032,-95090.0,89.5,0
refined,candidate__hot_ref_w30_d098,lotto649,大樂透,train,510,1038,8,259500,-0.6604894026974952,-0.6747341040462428,-0.6604894026974952,-0.6745110789980732,-0.0030091522157996153,-0.016576107899807322,-0.002743102240896356,-0.002743102240896356,0.0010549132947976871,0.001392682072829132,0.001392682072829132,0.5,0.8764705882352941,0.49217002237136465,-175750.5,154.5,0
refined,candidate__hot_ref_w30_d098,lotto649,大樂透,validation,255,542,8,135500,-0.6860322878228783,-0.6969520295202952,-0.6860322878228783,-0.7172656826568266,0.0026337638376383757,0.013309963099630997,-0.00013468720821662515,-0.00013468720821662515,-0.015862546125461254,-0.019791549953314662,-0.019791549953314662,0.625,0.9058823529411765,0.49783549783549785,-94537.0,80.25,0
refined,candidate__hot_ref_w40_d096,lotto649,大樂透,holdout,255,573,8,143250,-0.647414485165794,-0.7075043630017452,-0.647414485165794,-0.7226212914485166,0.01014223385689354,-0.01112041884816754,0.014910971055088713,0.014910971055088713,-0.016970331588132635,-0.01816283846872082,-0.01816283846872082,0.375,0.8862745098039215,0.48672566371681414,-101350.0,86.125,0
refined,candidate__hot_ref_w40_d096,lotto649,大樂透,train,510,1038,8,259500,-0.641240366088632,-0.6726628131021195,-0.641240366088632,-0.6773694605009634,0.016239884393063585,0.0010057803468208092,0.017007854808590097,0.017007854808590097,-0.0018034682080924852,-0.0013539098972922504,-0.0013539098972922504,0.625,0.8568627450980392,0.5034324942791762,-176823.0,157.375,0
refined,candidate__hot_ref_w40_d096,lotto649,大樂透,validation,255,542,8,135500,-0.6766789667896679,-0.7033210332103321,-0.6766789667896679,-0.7079123616236163,0.01198708487084871,0.007715867158671587,0.012003454715219415,0.012003454715219415,-0.006509225092250923,-0.00765340802987862,-0.00765340802987862,0.625,0.9058823529411765,0.4935064935064935,-95400.0,85.125,0
refined,candidate__hot_ref_w40_d097,lotto649,大樂透,holdout,255,573,8,143250,-0.6457356020942409,-0.7047574171029668,-0.6457356020942409,-0.7209424083769633,0.011821116928446772,-0.02298778359511344,0.01231171802054156,0.01231171802054156,-0.015291448516579409,-0.020762091503267976,-0.020762091503267976,0.375,0.8666666666666667,0.4841628959276018,-101106.5,88.0,0
refined,candidate__hot_ref_w40_d097,lotto649,大樂透,train,510,1038,8,259500,-0.6360380539499036,-0.6479730250481696,-0.6360380539499036,-0.6797495183044316,0.021442196531791906,0.017903660886319846,0.02174314892623716,0.02174314892623716,-0.004183526011560692,-0.0043347922502334265,-0.0043347922502334265,0.625,0.8470588235294118,0.49537037037037035,-174486.5,157.0,0
refined,candidate__hot_ref_w40_d097,lotto649,大樂透,validation,255,542,8,135500,-0.6953782287822878,-0.7077490774907749,-0.6953782287822878,-0.7119520295202952,-0.006712177121771219,-0.011892988929889298,-0.008081045751633988,-0.008081045751633988,-0.010548892988929888,-0.012158496732026142,-0.012158496732026142,0.375,0.8980392156862745,0.49344978165938863,-95900.0,85.125,0
refined,candidate__hot_ref_w40_d098,lotto649,大樂透,holdout,255,573,8,143250,-0.6260148342059337,-0.6770994764397905,-0.6260148342059337,-0.7012216404886562,0.03154188481675393,0.002792321116928447,0.028775770308123262,0.028775770308123262,0.004429319371727749,-0.004298039215686274,-0.004298039215686274,0.625,0.8549019607843137,0.5137614678899083,-96994.5,91.25,0
refined,candidate__hot_ref_w40_d098,lotto649,大樂透,train,510,1038,8,259500,-0.6357938342967244,-0.651271676300578,-0.6357938342967244,-0.6722967244701349,0.021686416184971097,-0.005148362235067438,0.02219989495798319,0.02219989495798319,0.003269267822736031,0.003457738095238096,0.003457738095238096,0.5,0.8764705882352941,0.48769574944071586,-169544.0,154.75,0
refined,candidate__hot_ref_w40_d098,lotto649,大樂透,validation,255,542,8,135500,-0.7061429889298894,-0.7158671586715868,-0.7061429889298894,-0.7227167896678967,-0.017476937269372692,-0.018981549815498155,-0.01832570028011205,-0.01832570028011205,-0.021313653136531364,-0.0224031512605042,-0.0224031512605042,0.375,0.8705882352941177,0.4864864864864865,-97000.0,82.625,0
refined,random_5,lotto649,大樂透,holdout,255,573,8,143250,-0.6575567190226876,-0.6693752181500873,-0.6575567190226876,-0.705650959860384,0.0,0.0,0.0,0.0,0.0,0.0,0.0,0.0,0.0,0.5,-97457.0,90.25,0
refined,random_5,lotto649,大樂透,train,510,1038,8,259500,-0.6574802504816956,-0.6606396917148363,-0.6574802504816956,-0.6755659922928708,0.0,0.0,0.0,0.0,0.0,0.0,0.0,0.0,0.0,0.5,-171436.0,163.0,0
refined,random_5,lotto649,大樂透,validation,255,542,8,135500,-0.6886660516605165,-0.6944649446494464,-0.6886660516605165,-0.7014031365313653,0.0,0.0,0.0,0.0,0.0,0.0,0.0,0.0,0.0,0.5,-94350.0,86.625,0
final_policy,current_ensemble,super,威力彩,holdout,242,484,8,242000,-0.7793904958677687,-0.7857438016528926,-0.7793904958677687,-0.7793904958677687,0.0065599173553719005,0.016735537190082646,-0.029545454545454545,0.0431301652892562,0.0065599173553719005,-0.028165030991735535,0.04537448347107435,0.625,0.9628099173553719,0.5536480686695279,-190150.0,290.0,0
final_policy,current_ensemble,super,威力彩,train,482,963,8,481500,-0.7251804257528557,-0.8060789200415368,-0.7251804257528557,-0.7251804257528557,0.040343457943925236,0.007030114226375909,-0.012339399636929461,0.13512022173236513,0.040343457943925236,-0.013800038900414936,0.13221582598547715,0.625,0.9605809128630706,0.48596112311015116,-388127.0,563.875,0
final_policy,current_ensemble,super,威力彩,validation,241,482,8,241000,-0.791234439834025,-0.8016597510373444,-0.791234439834025,-0.791234439834025,0.020435684647302905,0.011203319502074689,-0.005609439834024897,0.057165456431535276,0.020435684647302905,-0.007270487551867219,0.05384076763485477,0.625,0.946058091286307,0.5570175438596491,-193200.0,288.375,0
final_policy,random_5,super,威力彩,holdout,242,484,8,242000,-0.7859504132231405,-0.8022727272727272,-0.7859504132231405,-0.7859504132231405,0.0,0.0,0.0,0.0,0.0,0.0,0.0,0.0,0.0,0.5,-194150.0,280.5,0
final_policy,random_5,super,威力彩,train,482,963,8,481500,-0.7655238836967808,-0.8131090342679128,-0.7655238836967808,-0.7655238836967808,0.0,0.0,0.0,0.0,0.0,0.0,0.0,0.0,0.0,0.5,-391512.0,568.375,0
final_policy,random_5,super,威力彩,validation,241,482,8,241000,-0.8116701244813278,-0.8101659751037344,-0.8116701244813278,-0.8116701244813278,0.0,0.0,0.0,0.0,0.0,0.0,0.0,0.0,0.0,0.5,-196250.0,277.125,0
final_policy,trained_best_5,super,威力彩,holdout,242,484,8,242000,-0.8027892561983472,-0.803099173553719,-0.8027892561983472,-0.8027892561983472,-0.016838842975206613,0.0022727272727272726,-0.07227918388429751,0.022834452479338838,-0.016838842975206613,-0.06963455578512395,0.02350464876033058,0.5,0.9752066115702479,0.5338983050847458,-194350.0,303.875,0
final_policy,trained_best_5,super,威力彩,train,482,963,8,481500,-0.7161783489096574,-0.7766531671858775,-0.7161783489096574,-0.7161783489096574,0.04934553478712357,0.005948078920041537,-0.08646710321576764,0.1955726983921161,0.04934553478712357,-0.07502854642116183,0.19007936981327797,0.5,0.9854771784232366,0.4631578947368421,-374638.5,558.0,0
final_policy,trained_best_5,super,威力彩,validation,241,482,8,241000,-0.8065871369294606,-0.8141078838174274,-0.8065871369294606,-0.8065871369294606,0.005082987551867219,0.0031120331950207467,-0.02894839211618257,0.0431561203319502,0.005082987551867219,-0.027803423236514524,0.04367479253112033,0.625,0.979253112033195,0.4406779661016949,-196200.0,268.75,0
final_policy,trained_blend,super,威力彩,holdout,242,484,8,242000,-0.7884814049586777,-0.7909090909090909,-0.7884814049586777,-0.7884814049586777,-0.0025309917355371904,0.008264462809917356,-0.03533961776859504,0.02164514462809917,-0.0025309917355371904,-0.03192407024793388,0.021229338842975207,0.75,0.9545454545454546,0.5411255411255411,-191900.0,290.875,0
final_policy,trained_blend,super,威力彩,train,482,963,8,481500,-0.7078076323987539,-0.7845244029075804,-0.7078076323987539,-0.7078076323987539,0.057716251298027,-0.00035514018691588803,-0.0024958765560165967,0.1490485412344398,0.057716251298027,-0.0005979771784232372,0.15551498314315343,0.5,0.966804979253112,0.48068669527896996,-377866.0,564.5,0
final_policy,trained_blend,super,威力彩,validation,241,482,8,241000,-0.7978215767634855,-0.8155601659751037,-0.7978215767634855,-0.7978215767634855,0.013848547717842323,0.012655601659751037,-0.017117479253112036,0.05186851659751037,0.013848547717842323,-0.019561721991701243,0.051976141078838176,0.625,0.9543568464730291,0.5,-196550.0,284.875,0
final_policy,trained_family_ensemble,super,威力彩,holdout,242,484,8,242000,-0.7931301652892562,-0.8080578512396694,-0.7931301652892562,-0.7931301652892562,-0.0071797520661157025,-0.00371900826446281,-0.039016012396694215,0.019111570247933883,-0.0071797520661157025,-0.03958032024793389,0.01787577479338843,0.375,0.9504132231404959,0.5347826086956522,-195550.0,280.875,0
final_policy,trained_family_ensemble,super,威力彩,train,482,963,8,481500,-0.6772328660436138,-0.7616843198338525,-0.6772328660436138,-0.6772328660436138,0.08829101765316719,0.0300539979231568,0.005585055757261411,0.21044578578838175,0.08829101765316719,0.007727781379668049,0.20453163900414933,0.625,0.970954356846473,0.47649572649572647,-368068.5,560.625,0
final_policy,trained_family_ensemble,super,威力彩,validation,241,482,8,241000,-0.7923236514522822,-0.8,-0.7923236514522822,-0.7923236514522822,0.019346473029045644,0.016390041493775934,-0.0014120850622406636,0.048438796680497886,0.019346473029045644,-0.0019216804979253115,0.04860088174273859,0.75,0.966804979253112,0.5836909871244635,-192800.0,290.25,0
final_policy,current_ensemble,lotto649,大樂透,holdout,255,573,8,143250,-0.6872216404886562,-0.7065479930191971,-0.6872216404886562,-0.712500872600349,-0.029664921465968587,-0.01879930191972077,-0.09795468253968254,0.03805742296918767,-0.006849912739965095,-0.04459707282913166,0.013691087768440708,0.5,0.8431372549019608,0.4604651162790698,-101213.0,89.375,0
final_policy,current_ensemble,lotto649,大樂透,train,510,1038,8,259500,-0.6235876685934489,-0.6378670520231213,-0.6235876685934489,-0.6416734104046243,0.03389258188824663,0.03435260115606936,-0.004101417483660129,0.07296673990429504,0.03389258188824663,-0.0038238010620915033,0.06872793563258638,0.75,0.8176470588235294,0.5227817745803357,-166110.5,166.25,0
final_policy,current_ensemble,lotto649,大樂透,validation,255,542,8,135500,-0.6622389298892989,-0.6980738007380074,-0.6622389298892989,-0.6788127306273063,0.026427121771217713,0.0022177121771217714,-0.01840794817927171,0.07831626050420168,0.02259040590405904,-0.011823329831932775,0.06296681022408963,0.5,0.8235294117647058,0.4857142857142857,-95311.0,89.5,0
final_policy,random_5,lotto649,大樂透,holdout,255,573,8,143250,-0.6575567190226876,-0.6693752181500873,-0.6575567190226876,-0.705650959860384,0.0,0.0,0.0,0.0,0.0,0.0,0.0,0.0,0.0,0.5,-97457.0,90.25,0
final_policy,random_5,lotto649,大樂透,train,510,1038,8,259500,-0.6574802504816956,-0.6606396917148363,-0.6574802504816956,-0.6755659922928708,0.0,0.0,0.0,0.0,0.0,0.0,0.0,0.0,0.0,0.5,-171436.0,163.0,0
final_policy,random_5,lotto649,大樂透,validation,255,542,8,135500,-0.6886660516605165,-0.6944649446494464,-0.6886660516605165,-0.7014031365313653,0.0,0.0,0.0,0.0,0.0,0.0,0.0,0.0,0.0,0.5,-94350.0,86.625,0
final_policy,trained_best_5,lotto649,大樂透,holdout,255,573,8,143250,-0.6037303664921466,-0.6563176265270506,-0.6037303664921466,-0.7150200698080279,0.053826352530541015,9.424083769633482e-05,-0.058253755835667595,0.2050880182072829,-0.009369109947643978,-0.06301508986928105,0.017488123249299718,0.5,0.8470588235294118,0.4583333333333333,-94567.5,87.625,0
final_policy,trained_best_5,lotto649,大樂透,train,510,1038,8,259500,-0.5264826589595376,-0.6508034682080925,-0.5264826589595376,-0.6639426782273603,0.13099759152215798,0.01595761078998073,-0.011158651960784305,0.336137673611111,0.011623314065510596,-0.02609761642156862,0.05124038807189543,0.625,0.8803921568627451,0.48775055679287305,-168883.5,166.75,0
final_policy,trained_best_5,lotto649,大樂透,validation,255,542,8,135500,-0.6743127306273062,-0.6832435424354244,-0.6743127306273062,-0.7141236162361624,0.014353321033210333,0.033306273062730624,-0.02564792833800187,0.05937882819794583,-0.012720479704797047,-0.04374810340802988,0.020352963352007467,0.625,0.8705882352941177,0.4954954954954955,-93029.5,83.125,0
final_policy,trained_blend,lotto649,大樂透,holdout,255,573,8,143250,-0.6742111692844677,-0.6791483420593368,-0.6742111692844677,-0.6987312390924957,-0.016654450261780106,0.002792321116928447,-0.10124453781512605,0.01391253501400559,0.006919720767888306,-0.037639169000933705,0.029260060690943033,0.5,0.803921568627451,0.4292682926829268,-98688.0,88.5,0
final_policy,trained_blend,lotto649,大樂透,train,510,1038,8,259500,-0.619716281310212,-0.6231522157996147,-0.619716281310212,-0.6493843930635839,0.03776396917148363,0.025366088631984585,-0.007743714985994399,0.0898351534780579,0.026181599229287093,-0.012161004318394028,0.0665004569327731,0.625,0.807843137254902,0.4441747572815534,-162108.0,170.25,0
final_policy,trained_blend,lotto649,大樂透,validation,255,542,8,135500,-0.700030442804428,-0.7018450184501845,-0.700030442804428,-0.700030442804428,-0.01136439114391144,-0.0033542435424354245,-0.05302137254901961,0.03455752217553688,0.001372693726937269,-0.030864584500466852,0.04152733193277311,0.5,0.8313725490196079,0.45754716981132076,-95400.0,88.0,0
final_policy,trained_family_ensemble,lotto649,大樂透,holdout,255,573,8,143250,-0.7047958115183246,-0.713089005235602,-0.7047958115183246,-0.7047958115183246,-0.047239092495637,-0.04174171029668412,-0.11969794584500466,-0.004190903361344543,0.000855148342059337,-0.0398340289449113,0.01778582633053221,0.125,0.8549019607843137,0.46788990825688076,-102150.0,89.125,0
final_policy,trained_family_ensemble,lotto649,大樂透,train,510,1038,8,259500,-0.5099079961464354,-0.6107745664739885,-0.5099079961464354,-0.6589918111753372,0.1475722543352601,0.030593448940269746,0.024444974323062557,0.34151405578898214,0.01657418111753372,-0.01882779849439776,0.05453845063025209,0.875,0.8509803921568627,0.5138248847926268,-164574.5,169.5,0
final_policy,trained_family_ensemble,lotto649,大樂透,validation,255,542,8,135500,-0.6871531365313653,-0.7047970479704797,-0.6871531365313653,-0.7037269372693726,0.0015129151291512926,0.0007380073800738007,-0.04918871848739496,0.04807567927170867,-0.0023238007380073796,-0.036524751400560225,0.022599852941176463,0.5,0.8274509803921568,0.4786729857819905,-95657.5,84.5,0
